{
"type": "FeatureCollection",
"name": "haywardhard",
"crs": { "type": "name", "properties": { "name": "urn:ogc:def:crs:OGC:1.3:CRS84" } },
"features": [
{ "type": "Feature", "properties": { }, "geometry": { "type": "MultiLineString", "coordinates": [ [ [ -122.082991, 37.568025 ], [ -122.083037, 37.568036 ], [ -122.083102, 37.568052 ], [ -122.083125, 37.568058 ], [ -122.083135, 37.56806 ], [ -122.083174, 37.56807 ], [ -122.083236, 37.568085 ], [ -122.083499, 37.568149 ], [ -122.083512, 37.568152 ], [ -122.08354, 37.568128 ], [ -122.083549, 37.56812 ], [ -122.083639, 37.568042 ], [ -122.083712, 37.567979 ], [ -122.083788, 37.567914 ], [ -122.083854, 37.567878 ], [ -122.084415, 37.567576 ], [ -122.084667, 37.567432 ], [ -122.084824, 37.567343 ], [ -122.084832, 37.567338 ], [ -122.084843, 37.567332 ], [ -122.085013, 37.567232 ], [ -122.085028, 37.567223 ], [ -122.085031, 37.567221 ], [ -122.085445, 37.567003 ], [ -122.085468, 37.566991 ], [ -122.085486, 37.566982 ], [ -122.085837, 37.566795 ], [ -122.085982, 37.566704 ], [ -122.086735, 37.566236 ], [ -122.087558, 37.565724 ], [ -122.088684, 37.56476 ], [ -122.088755, 37.5647 ], [ -122.088769, 37.564688 ], [ -122.08924, 37.564285 ], [ -122.090061, 37.564097 ], [ -122.09025, 37.564054 ], [ -122.09032, 37.564038 ], [ -122.090493, 37.564143 ], [ -122.090515, 37.564156 ], [ -122.090533, 37.564167 ], [ -122.09054, 37.564171 ], [ -122.091109, 37.564518 ], [ -122.091037, 37.564908 ], [ -122.090799, 37.566201 ], [ -122.090843, 37.566295 ], [ -122.090885, 37.566383 ], [ -122.090968, 37.566555 ], [ -122.090979, 37.566561 ], [ -122.091307, 37.566724 ], [ -122.092848, 37.56683 ], [ -122.092905, 37.56682 ], [ -122.094092, 37.566628 ], [ -122.094537, 37.566427 ], [ -122.094967, 37.565872 ], [ -122.094815, 37.565029 ], [ -122.094594, 37.564689 ], [ -122.092576, 37.563707 ], [ -122.092576, 37.563564 ], [ -122.091933, 37.56322 ], [ -122.091942, 37.563176 ], [ -122.092084, 37.562504 ], [ -122.092334, 37.562296 ], [ -122.093186, 37.561591 ], [ -122.093375, 37.561518 ], [ -122.094054, 37.561258 ], [ -122.094998, 37.561542 ], [ -122.095045, 37.561611 ], [ -122.095493, 37.562016 ], [ -122.096516, 37.562785 ], [ -122.098092, 37.563968 ], [ -122.099681, 37.564373 ], [ -122.100007, 37.564336 ], [ -122.10014, 37.564095 ], [ -122.100197, 37.563749 ], [ -122.100331, 37.562952 ], [ -122.100338, 37.562936 ], [ -122.100364, 37.562883 ], [ -122.100417, 37.562776 ], [ -122.101124, 37.562979 ], [ -122.101135, 37.562982 ], [ -122.101222, 37.562642 ], [ -122.101224, 37.562632 ], [ -122.101226, 37.562625 ], [ -122.101422, 37.562423 ], [ -122.101729, 37.562271 ], [ -122.102072, 37.562182 ], [ -122.10226, 37.562193 ], [ -122.102304, 37.562196 ], [ -122.102605, 37.562563 ], [ -122.102629, 37.562633 ], [ -122.102737, 37.562951 ], [ -122.102877, 37.563219 ], [ -122.103273, 37.563451 ], [ -122.103278, 37.563453 ], [ -122.103376, 37.563511 ], [ -122.103513, 37.563627 ], [ -122.103577, 37.563681 ], [ -122.103836, 37.563896 ], [ -122.104399, 37.564075 ], [ -122.104682, 37.564081 ], [ -122.104893, 37.564057 ], [ -122.105049, 37.563666 ], [ -122.105171, 37.56347 ], [ -122.105266, 37.563319 ], [ -122.105268, 37.563315 ], [ -122.105341, 37.563145 ], [ -122.105444, 37.562905 ], [ -122.105452, 37.562885 ], [ -122.105528, 37.562817 ], [ -122.105576, 37.562769 ], [ -122.105875, 37.562465 ], [ -122.106012, 37.562326 ], [ -122.106631, 37.561848 ], [ -122.107145, 37.561501 ], [ -122.107369, 37.56135 ], [ -122.107415, 37.561332 ], [ -122.107579, 37.561266 ], [ -122.108665, 37.560834 ], [ -122.109065, 37.560674 ], [ -122.109371, 37.560552 ], [ -122.109639, 37.560445 ], [ -122.1097, 37.560447 ], [ -122.109999, 37.560459 ], [ -122.110247, 37.560506 ], [ -122.110299, 37.560515 ], [ -122.110523, 37.56073 ], [ -122.111006, 37.561166 ], [ -122.111085, 37.561367 ], [ -122.111082, 37.56138 ], [ -122.110445, 37.563775 ], [ -122.110105, 37.565056 ], [ -122.110106, 37.565073 ], [ -122.110106, 37.565077 ], [ -122.110108, 37.565145 ], [ -122.110112, 37.565284 ], [ -122.110124, 37.565407 ], [ -122.110138, 37.565551 ], [ -122.110139, 37.565556 ], [ -122.111171, 37.565851 ], [ -122.112601, 37.566259 ], [ -122.115281, 37.567025 ], [ -122.115256, 37.567097 ], [ -122.115251, 37.567114 ], [ -122.115448, 37.567177 ], [ -122.115554, 37.567213 ], [ -122.115635, 37.567242 ], [ -122.115659, 37.567251 ], [ -122.117845, 37.567999 ], [ -122.118624, 37.568266 ], [ -122.11889, 37.568357 ], [ -122.119688, 37.56863 ], [ -122.119709, 37.568639 ], [ -122.119832, 37.568688 ], [ -122.11994, 37.568729 ], [ -122.119958, 37.568736 ], [ -122.120045, 37.56877 ], [ -122.120142, 37.568806 ], [ -122.120151, 37.568809 ], [ -122.120259, 37.568847 ], [ -122.120368, 37.568884 ], [ -122.120477, 37.568918 ], [ -122.120587, 37.568952 ], [ -122.120698, 37.568983 ], [ -122.120699, 37.568983 ], [ -122.12081, 37.569014 ], [ -122.120922, 37.569042 ], [ -122.121035, 37.569069 ], [ -122.121063, 37.569075 ], [ -122.121149, 37.569095 ], [ -122.121263, 37.569119 ], [ -122.121377, 37.569141 ], [ -122.121492, 37.569162 ], [ -122.121608, 37.569181 ], [ -122.121724, 37.569199 ], [ -122.12184, 37.569215 ], [ -122.12187, 37.569219 ], [ -122.121956, 37.569229 ], [ -122.122073, 37.569242 ], [ -122.12219, 37.569253 ], [ -122.122202, 37.569254 ], [ -122.122308, 37.569262 ], [ -122.122425, 37.56927 ], [ -122.122543, 37.569276 ], [ -122.122661, 37.569281 ], [ -122.122779, 37.569284 ], [ -122.122897, 37.569285 ], [ -122.123015, 37.569285 ], [ -122.123133, 37.569283 ], [ -122.123179, 37.569281 ], [ -122.123251, 37.569279 ], [ -122.123337, 37.569275 ], [ -122.123368, 37.569274 ], [ -122.123486, 37.569267 ], [ -122.123604, 37.569259 ], [ -122.123721, 37.569248 ], [ -122.123838, 37.569237 ], [ -122.123955, 37.569223 ], [ -122.124071, 37.569208 ], [ -122.124188, 37.569191 ], [ -122.124285, 37.569176 ], [ -122.124303, 37.569173 ], [ -122.124331, 37.569168 ], [ -122.124418, 37.569153 ], [ -122.124533, 37.569132 ], [ -122.124647, 37.569109 ], [ -122.124761, 37.569084 ], [ -122.124874, 37.569058 ], [ -122.124987, 37.56903 ], [ -122.125099, 37.569001 ], [ -122.125211, 37.56897 ], [ -122.125321, 37.568937 ], [ -122.125431, 37.568904 ], [ -122.12554, 37.568868 ], [ -122.125649, 37.568831 ], [ -122.125756, 37.568792 ], [ -122.125863, 37.568752 ], [ -122.125969, 37.568711 ], [ -122.126074, 37.568668 ], [ -122.126178, 37.568624 ], [ -122.126252, 37.568591 ], [ -122.126281, 37.568578 ], [ -122.126383, 37.56853 ], [ -122.126484, 37.568482 ], [ -122.126509, 37.56847 ], [ -122.126583, 37.568432 ], [ -122.126682, 37.56838 ], [ -122.12678, 37.568327 ], [ -122.126876, 37.568273 ], [ -122.126971, 37.568218 ], [ -122.127065, 37.568161 ], [ -122.127118, 37.568128 ], [ -122.127158, 37.568103 ], [ -122.127249, 37.568043 ], [ -122.127332, 37.567988 ], [ -122.127339, 37.567983 ], [ -122.127428, 37.567921 ], [ -122.127515, 37.567858 ], [ -122.127601, 37.567794 ], [ -122.127686, 37.567728 ], [ -122.127769, 37.567662 ], [ -122.127776, 37.567656 ], [ -122.127802, 37.567635 ], [ -122.127851, 37.567594 ], [ -122.127931, 37.567525 ], [ -122.128009, 37.567455 ], [ -122.128086, 37.567384 ], [ -122.128162, 37.567312 ], [ -122.128236, 37.567238 ], [ -122.128308, 37.567164 ], [ -122.128379, 37.567089 ], [ -122.128448, 37.567013 ], [ -122.128515, 37.566936 ], [ -122.128581, 37.566858 ], [ -122.128599, 37.566836 ], [ -122.128645, 37.566779 ], [ -122.128647, 37.56678 ], [ -122.128805, 37.566855 ], [ -122.13059, 37.564501 ], [ -122.131196, 37.563702 ], [ -122.131842, 37.562849 ], [ -122.132084, 37.562529 ], [ -122.132183, 37.562398 ], [ -122.132858, 37.561517 ], [ -122.133017, 37.561597 ], [ -122.133058, 37.561618 ], [ -122.133649, 37.561915 ], [ -122.134362, 37.560971 ], [ -122.134877, 37.56029 ], [ -122.135062, 37.560024 ], [ -122.135613, 37.560284 ], [ -122.13598, 37.560458 ], [ -122.13637, 37.560151 ], [ -122.137011, 37.559646 ], [ -122.137897, 37.560212 ], [ -122.138062, 37.560317 ], [ -122.140998, 37.562193 ], [ -122.141409, 37.56285 ], [ -122.143348, 37.565947 ], [ -122.144828, 37.568311 ], [ -122.149346, 37.575526 ], [ -122.149862, 37.576349 ], [ -122.152645, 37.580793 ], [ -122.153507, 37.582169 ], [ -122.153871, 37.58433 ], [ -122.154296, 37.586854 ], [ -122.155013, 37.591114 ], [ -122.154796, 37.591781 ], [ -122.154518, 37.592636 ], [ -122.154167, 37.593717 ], [ -122.153705, 37.595138 ], [ -122.153494, 37.595787 ], [ -122.15282, 37.597861 ], [ -122.152822, 37.598884 ], [ -122.152825, 37.600573 ], [ -122.152825, 37.600574 ], [ -122.152854, 37.600679 ], [ -122.153838, 37.604236 ], [ -122.15386, 37.604315 ], [ -122.153905, 37.604478 ], [ -122.154064, 37.605053 ], [ -122.15499, 37.608396 ], [ -122.155046, 37.608599 ], [ -122.155859, 37.611537 ], [ -122.157488, 37.61233 ], [ -122.158847, 37.612992 ], [ -122.161172, 37.614125 ], [ -122.162164, 37.614608 ], [ -122.16236, 37.614703 ], [ -122.162477, 37.614758 ], [ -122.162257, 37.615063 ], [ -122.162075, 37.615317 ], [ -122.162064, 37.615332 ], [ -122.15878, 37.619897 ], [ -122.158736, 37.619957 ], [ -122.158728, 37.619969 ], [ -122.158723, 37.619975 ], [ -122.158653, 37.620073 ], [ -122.158341, 37.620506 ], [ -122.157553, 37.621601 ], [ -122.157698, 37.623342 ], [ -122.157755, 37.624026 ], [ -122.158023, 37.627252 ], [ -122.158073, 37.62785 ], [ -122.158087, 37.628015 ], [ -122.158108, 37.628266 ], [ -122.158251, 37.629982 ], [ -122.158292, 37.630482 ], [ -122.158308, 37.630673 ], [ -122.158434, 37.632185 ], [ -122.158496, 37.632931 ], [ -122.158664, 37.633736 ], [ -122.159015, 37.635418 ], [ -122.160035, 37.640311 ], [ -122.16019, 37.641055 ], [ -122.160594, 37.643517 ], [ -122.160655, 37.643889 ], [ -122.160738, 37.644397 ], [ -122.161132, 37.646795 ], [ -122.16134, 37.647447 ], [ -122.16154, 37.648076 ], [ -122.161614, 37.648308 ], [ -122.161765, 37.648781 ], [ -122.162505, 37.651106 ], [ -122.163861, 37.655367 ], [ -122.16401, 37.655918 ], [ -122.164856, 37.659039 ], [ -122.165593, 37.661758 ], [ -122.165929, 37.662998 ], [ -122.166847, 37.666388 ], [ -122.166872, 37.666478 ], [ -122.166947, 37.666758 ], [ -122.167076, 37.667231 ], [ -122.167289, 37.66745 ], [ -122.167123, 37.667452 ], [ -122.167051, 37.667453 ], [ -122.165939, 37.66747 ], [ -122.165722, 37.667474 ], [ -122.164637, 37.667491 ], [ -122.164354, 37.667495 ], [ -122.164258, 37.667497 ], [ -122.164224, 37.667497 ], [ -122.164099, 37.667498 ], [ -122.16401, 37.667499 ], [ -122.163907, 37.6675 ], [ -122.163841, 37.667499 ], [ -122.163836, 37.667501 ], [ -122.162328, 37.667514 ], [ -122.162303, 37.667514 ], [ -122.162299, 37.667516 ], [ -122.162179, 37.667577 ], [ -122.162175, 37.667579 ], [ -122.162128, 37.667603 ], [ -122.161719, 37.667809 ], [ -122.161436, 37.667951 ], [ -122.160817, 37.668262 ], [ -122.160812, 37.668265 ], [ -122.160603, 37.66837 ], [ -122.159764, 37.668792 ], [ -122.15976, 37.668794 ], [ -122.159495, 37.668927 ], [ -122.158851, 37.669251 ], [ -122.158847, 37.669254 ], [ -122.158359, 37.669499 ], [ -122.158355, 37.669501 ], [ -122.158231, 37.669564 ], [ -122.158226, 37.669566 ], [ -122.158065, 37.669647 ], [ -122.15806, 37.669649 ], [ -122.157986, 37.669686 ], [ -122.157895, 37.669732 ], [ -122.157891, 37.669734 ], [ -122.15788, 37.66974 ], [ -122.157875, 37.669742 ], [ -122.157689, 37.669837 ], [ -122.157617, 37.669745 ], [ -122.157611, 37.669737 ], [ -122.15761, 37.669736 ], [ -122.15756, 37.669665 ], [ -122.157547, 37.669649 ], [ -122.157517, 37.669612 ], [ -122.157514, 37.669608 ], [ -122.157486, 37.669587 ], [ -122.157468, 37.669573 ], [ -122.157457, 37.669566 ], [ -122.157431, 37.669548 ], [ -122.157429, 37.669547 ], [ -122.15742, 37.669541 ], [ -122.157409, 37.669534 ], [ -122.157398, 37.669527 ], [ -122.157397, 37.669528 ], [ -122.157394, 37.66953 ], [ -122.157392, 37.669532 ], [ -122.156619, 37.670063 ], [ -122.156617, 37.670064 ], [ -122.156615, 37.670065 ], [ -122.156576, 37.670091 ], [ -122.156285, 37.670285 ], [ -122.156282, 37.670287 ], [ -122.156083, 37.67042 ], [ -122.156061, 37.670434 ], [ -122.156016, 37.670464 ], [ -122.156012, 37.670467 ], [ -122.155903, 37.670538 ], [ -122.155901, 37.67054 ], [ -122.155896, 37.670543 ], [ -122.155813, 37.670598 ], [ -122.155311, 37.67093 ], [ -122.155307, 37.670933 ], [ -122.155291, 37.670943 ], [ -122.155191, 37.671008 ], [ -122.155123, 37.671053 ], [ -122.155114, 37.671058 ], [ -122.155081, 37.671079 ], [ -122.154987, 37.671139 ], [ -122.154986, 37.67114 ], [ -122.155012, 37.671173 ], [ -122.155069, 37.671244 ], [ -122.155294, 37.672502 ], [ -122.155463, 37.673419 ], [ -122.155553, 37.673931 ], [ -122.155566, 37.674003 ], [ -122.155177, 37.67423 ], [ -122.154899, 37.674393 ], [ -122.154895, 37.674396 ], [ -122.154881, 37.674404 ], [ -122.154877, 37.674407 ], [ -122.154536, 37.674605 ], [ -122.154533, 37.674608 ], [ -122.154497, 37.674642 ], [ -122.154491, 37.674647 ], [ -122.154482, 37.674656 ], [ -122.154479, 37.674659 ], [ -122.154445, 37.674689 ], [ -122.154543, 37.674794 ], [ -122.154551, 37.674803 ], [ -122.154572, 37.674826 ], [ -122.154602, 37.674858 ], [ -122.154509, 37.674931 ], [ -122.154453, 37.674976 ], [ -122.154281, 37.67511 ], [ -122.154196, 37.675176 ], [ -122.154015, 37.675256 ], [ -122.153996, 37.675247 ], [ -122.153977, 37.675231 ], [ -122.153856, 37.675065 ], [ -122.153831, 37.675072 ], [ -122.153805, 37.675075 ], [ -122.153926, 37.675244 ], [ -122.153932, 37.675263 ], [ -122.15393, 37.675286 ], [ -122.153773, 37.675361 ], [ -122.153699, 37.675394 ], [ -122.153621, 37.675428 ], [ -122.153467, 37.675495 ], [ -122.153313, 37.675563 ], [ -122.153024, 37.675688 ], [ -122.152846, 37.675767 ], [ -122.150998, 37.676575 ], [ -122.150585, 37.676756 ], [ -122.150414, 37.676831 ], [ -122.150245, 37.676904 ], [ -122.15008, 37.676976 ], [ -122.149928, 37.677043 ], [ -122.149764, 37.677114 ], [ -122.149596, 37.677188 ], [ -122.149447, 37.677253 ], [ -122.14928, 37.677327 ], [ -122.149114, 37.677399 ], [ -122.148963, 37.677465 ], [ -122.148797, 37.677538 ], [ -122.148636, 37.677608 ], [ -122.148473, 37.677679 ], [ -122.148306, 37.677753 ], [ -122.14826, 37.677772 ], [ -122.148169, 37.677812 ], [ -122.148148, 37.677816 ], [ -122.148127, 37.677816 ], [ -122.148105, 37.677809 ], [ -122.148087, 37.677796 ], [ -122.147917, 37.677578 ], [ -122.147858, 37.677607 ], [ -122.148022, 37.677817 ], [ -122.148029, 37.677839 ], [ -122.148026, 37.677858 ], [ -122.148016, 37.677873 ], [ -122.148002, 37.677885 ], [ -122.147898, 37.677931 ], [ -122.147744, 37.677998 ], [ -122.147578, 37.67807 ], [ -122.147412, 37.678143 ], [ -122.147396, 37.678151 ], [ -122.147287, 37.678198 ], [ -122.147241, 37.678218 ], [ -122.147074, 37.678291 ], [ -122.147046, 37.678303 ], [ -122.147013, 37.678319 ], [ -122.14698, 37.678335 ], [ -122.146954, 37.678348 ], [ -122.146908, 37.678375 ], [ -122.146746, 37.678465 ], [ -122.146592, 37.678551 ], [ -122.146449, 37.678631 ], [ -122.146297, 37.678716 ], [ -122.146145, 37.678799 ], [ -122.145991, 37.678882 ], [ -122.145931, 37.678915 ], [ -122.145829, 37.678972 ], [ -122.145685, 37.67905 ], [ -122.14553, 37.679136 ], [ -122.145373, 37.679221 ], [ -122.145216, 37.679308 ], [ -122.145061, 37.679393 ], [ -122.144921, 37.67947 ], [ -122.14476, 37.679558 ], [ -122.144731, 37.679575 ], [ -122.1447, 37.679593 ], [ -122.144671, 37.679609 ], [ -122.144644, 37.679627 ], [ -122.144615, 37.679645 ], [ -122.144588, 37.679663 ], [ -122.144562, 37.679681 ], [ -122.144535, 37.6797 ], [ -122.14451, 37.67972 ], [ -122.144491, 37.679734 ], [ -122.144484, 37.679739 ], [ -122.144459, 37.679759 ], [ -122.144435, 37.679779 ], [ -122.144411, 37.6798 ], [ -122.144365, 37.679841 ], [ -122.144342, 37.679862 ], [ -122.14432, 37.679884 ], [ -122.144298, 37.679907 ], [ -122.144278, 37.679929 ], [ -122.144256, 37.679952 ], [ -122.144225, 37.679987 ], [ -122.144207, 37.680011 ], [ -122.144187, 37.680036 ], [ -122.144168, 37.680062 ], [ -122.14415, 37.680087 ], [ -122.144131, 37.680113 ], [ -122.144115, 37.680139 ], [ -122.144098, 37.680166 ], [ -122.144083, 37.680192 ], [ -122.144066, 37.680219 ], [ -122.144053, 37.680246 ], [ -122.144038, 37.680273 ], [ -122.144025, 37.6803 ], [ -122.144012, 37.680328 ], [ -122.143994, 37.68037 ], [ -122.143982, 37.680398 ], [ -122.143975, 37.680416 ], [ -122.143971, 37.680426 ], [ -122.143958, 37.68046 ], [ -122.143948, 37.680495 ], [ -122.143938, 37.68053 ], [ -122.14393, 37.680565 ], [ -122.143923, 37.6806 ], [ -122.143916, 37.680635 ], [ -122.14391, 37.68067 ], [ -122.143903, 37.680713 ], [ -122.1439, 37.68074 ], [ -122.143897, 37.680767 ], [ -122.143894, 37.680797 ], [ -122.143889, 37.68082 ], [ -122.143883, 37.680856 ], [ -122.14388, 37.680878 ], [ -122.143874, 37.6809 ], [ -122.143869, 37.680922 ], [ -122.143863, 37.680944 ], [ -122.143856, 37.680966 ], [ -122.14385, 37.680987 ], [ -122.143843, 37.681009 ], [ -122.143835, 37.681031 ], [ -122.143827, 37.681052 ], [ -122.143814, 37.681083 ], [ -122.143804, 37.681104 ], [ -122.143794, 37.681125 ], [ -122.143784, 37.681146 ], [ -122.143774, 37.681166 ], [ -122.143763, 37.681187 ], [ -122.143751, 37.681207 ], [ -122.143739, 37.681227 ], [ -122.143726, 37.681247 ], [ -122.143713, 37.681267 ], [ -122.143688, 37.681303 ], [ -122.143674, 37.681323 ], [ -122.143659, 37.681342 ], [ -122.143644, 37.681361 ], [ -122.143629, 37.681379 ], [ -122.143614, 37.681398 ], [ -122.143597, 37.681416 ], [ -122.14358, 37.681434 ], [ -122.143555, 37.68146 ], [ -122.143538, 37.681478 ], [ -122.143519, 37.681495 ], [ -122.1435, 37.681512 ], [ -122.143482, 37.681529 ], [ -122.143463, 37.681545 ], [ -122.143443, 37.681561 ], [ -122.143424, 37.681577 ], [ -122.143388, 37.681604 ], [ -122.143368, 37.681619 ], [ -122.143346, 37.681634 ], [ -122.143325, 37.681649 ], [ -122.143303, 37.681663 ], [ -122.143281, 37.681677 ], [ -122.143259, 37.68169 ], [ -122.143223, 37.681711 ], [ -122.143201, 37.681724 ], [ -122.143177, 37.681736 ], [ -122.143151, 37.681751 ], [ -122.143126, 37.681764 ], [ -122.143102, 37.681779 ], [ -122.14295, 37.681871 ], [ -122.142798, 37.681964 ], [ -122.14265, 37.682055 ], [ -122.142519, 37.682134 ], [ -122.142501, 37.68214 ], [ -122.142481, 37.682142 ], [ -122.142461, 37.682139 ], [ -122.142442, 37.68213 ], [ -122.142429, 37.682118 ], [ -122.14231, 37.681936 ], [ -122.142254, 37.68197 ], [ -122.142378, 37.682166 ], [ -122.142387, 37.682185 ], [ -122.142385, 37.682195 ], [ -122.142381, 37.682208 ], [ -122.142376, 37.682218 ], [ -122.14237, 37.682226 ], [ -122.142361, 37.682232 ], [ -122.142346, 37.682242 ], [ -122.142333, 37.68225 ], [ -122.142319, 37.682258 ], [ -122.142304, 37.682266 ], [ -122.142282, 37.682277 ], [ -122.142261, 37.682287 ], [ -122.142229, 37.682304 ], [ -122.142196, 37.682321 ], [ -122.142166, 37.682339 ], [ -122.142133, 37.682357 ], [ -122.142101, 37.682377 ], [ -122.14207, 37.682396 ], [ -122.142041, 37.682415 ], [ -122.14201, 37.682435 ], [ -122.141959, 37.682471 ], [ -122.141932, 37.682492 ], [ -122.141903, 37.682514 ], [ -122.141876, 37.682536 ], [ -122.14183, 37.682574 ], [ -122.141803, 37.682597 ], [ -122.141778, 37.68262 ], [ -122.141752, 37.682644 ], [ -122.141727, 37.682668 ], [ -122.14171, 37.682686 ], [ -122.141703, 37.682692 ], [ -122.14168, 37.682717 ], [ -122.141656, 37.682742 ], [ -122.141634, 37.682767 ], [ -122.1416, 37.682806 ], [ -122.141496, 37.68293 ], [ -122.141392, 37.683055 ], [ -122.141285, 37.683181 ], [ -122.141179, 37.683307 ], [ -122.141073, 37.683431 ], [ -122.140969, 37.683557 ], [ -122.140865, 37.68368 ], [ -122.140797, 37.68376 ], [ -122.140775, 37.683786 ], [ -122.140758, 37.683803 ], [ -122.140743, 37.683821 ], [ -122.140709, 37.683853 ], [ -122.140692, 37.683869 ], [ -122.140675, 37.683885 ], [ -122.140657, 37.683901 ], [ -122.140638, 37.683917 ], [ -122.140619, 37.683932 ], [ -122.140601, 37.683948 ], [ -122.140582, 37.683963 ], [ -122.140541, 37.683992 ], [ -122.140521, 37.684006 ], [ -122.1405, 37.68402 ], [ -122.14048, 37.684033 ], [ -122.140458, 37.684047 ], [ -122.140437, 37.68406 ], [ -122.140415, 37.684072 ], [ -122.140393, 37.684085 ], [ -122.140177, 37.684155 ], [ -122.139983, 37.684217 ], [ -122.13981, 37.684273 ], [ -122.139633, 37.684324 ], [ -122.139428, 37.684383 ], [ -122.139217, 37.684443 ], [ -122.13917, 37.684497 ], [ -122.139022, 37.684539 ], [ -122.139008, 37.684543 ], [ -122.138757, 37.684615 ], [ -122.138667, 37.684632 ], [ -122.138616, 37.684641 ], [ -122.138631, 37.684687 ], [ -122.138575, 37.684695 ], [ -122.138499, 37.684707 ], [ -122.138486, 37.684709 ], [ -122.13848, 37.68471 ], [ -122.138474, 37.684711 ], [ -122.138461, 37.684714 ], [ -122.138384, 37.684727 ], [ -122.13839, 37.684745 ], [ -122.138392, 37.684749 ], [ -122.138411, 37.684809 ], [ -122.138395, 37.684809 ], [ -122.138383, 37.68481 ], [ -122.13837, 37.68481 ], [ -122.138353, 37.68481 ], [ -122.138342, 37.68481 ], [ -122.138327, 37.684809 ], [ -122.138311, 37.684808 ], [ -122.138294, 37.684807 ], [ -122.138279, 37.684806 ], [ -122.138269, 37.684805 ], [ -122.138255, 37.684804 ], [ -122.138241, 37.684802 ], [ -122.138227, 37.684801 ], [ -122.138213, 37.684799 ], [ -122.138199, 37.684796 ], [ -122.138184, 37.684794 ], [ -122.138169, 37.684791 ], [ -122.138158, 37.684789 ], [ -122.138147, 37.684786 ], [ -122.138112, 37.684779 ], [ -122.138084, 37.684772 ], [ -122.138056, 37.684765 ], [ -122.138025, 37.684756 ], [ -122.138015, 37.684753 ], [ -122.138001, 37.684749 ], [ -122.137987, 37.684745 ], [ -122.137974, 37.684741 ], [ -122.137945, 37.684732 ], [ -122.13792, 37.684723 ], [ -122.137878, 37.684709 ], [ -122.137867, 37.684705 ], [ -122.137791, 37.684679 ], [ -122.137704, 37.684649 ], [ -122.137686, 37.684643 ], [ -122.137661, 37.684634 ], [ -122.137637, 37.684626 ], [ -122.137529, 37.684589 ], [ -122.137477, 37.684571 ], [ -122.137399, 37.684544 ], [ -122.137268, 37.684499 ], [ -122.137246, 37.684492 ], [ -122.137235, 37.684488 ], [ -122.137197, 37.684475 ], [ -122.137184, 37.684471 ], [ -122.137174, 37.684468 ], [ -122.137149, 37.68446 ], [ -122.137133, 37.684456 ], [ -122.137112, 37.68445 ], [ -122.137101, 37.684447 ], [ -122.137086, 37.684443 ], [ -122.137063, 37.684438 ], [ -122.137042, 37.684433 ], [ -122.137016, 37.684428 ], [ -122.137002, 37.684425 ], [ -122.136988, 37.684423 ], [ -122.136974, 37.684421 ], [ -122.13696, 37.684419 ], [ -122.136949, 37.684418 ], [ -122.13693, 37.684415 ], [ -122.136918, 37.684414 ], [ -122.136904, 37.684413 ], [ -122.13689, 37.684412 ], [ -122.136873, 37.684411 ], [ -122.136859, 37.684411 ], [ -122.136847, 37.684411 ], [ -122.136732, 37.68441 ], [ -122.136705, 37.68441 ], [ -122.136666, 37.684411 ], [ -122.1366, 37.684412 ], [ -122.136557, 37.684414 ], [ -122.136518, 37.684416 ], [ -122.136379, 37.684423 ], [ -122.136372, 37.684369 ], [ -122.136361, 37.68435 ], [ -122.136341, 37.68432 ], [ -122.136259, 37.684329 ], [ -122.136098, 37.684345 ], [ -122.135961, 37.684359 ], [ -122.135842, 37.684371 ], [ -122.135553, 37.684379 ], [ -122.135342, 37.684384 ], [ -122.135154, 37.684408 ], [ -122.135114, 37.684408 ], [ -122.135079, 37.684408 ], [ -122.134825, 37.684408 ], [ -122.134603, 37.68442 ], [ -122.134446, 37.684408 ], [ -122.134345, 37.684399 ], [ -122.134302, 37.684395 ], [ -122.134154, 37.684402 ], [ -122.134093, 37.684421 ], [ -122.134022, 37.684444 ], [ -122.133876, 37.684473 ], [ -122.133723, 37.684505 ], [ -122.133629, 37.684542 ], [ -122.133596, 37.684554 ], [ -122.133572, 37.684564 ], [ -122.133429, 37.684672 ], [ -122.133355, 37.684784 ], [ -122.133343, 37.684803 ], [ -122.133313, 37.684847 ], [ -122.133279, 37.68489 ], [ -122.133174, 37.685021 ], [ -122.13304, 37.685038 ], [ -122.132939, 37.685051 ], [ -122.132728, 37.685036 ], [ -122.132705, 37.685034 ], [ -122.132634, 37.68503 ], [ -122.132526, 37.685022 ], [ -122.132502, 37.685023 ], [ -122.132426, 37.685019 ], [ -122.132348, 37.685015 ], [ -122.132171, 37.685022 ], [ -122.132076, 37.685032 ], [ -122.132005, 37.685039 ], [ -122.131932, 37.68505 ], [ -122.131836, 37.685064 ], [ -122.13166, 37.685091 ], [ -122.131634, 37.685091 ], [ -122.131361, 37.685093 ], [ -122.131183, 37.685023 ], [ -122.131178, 37.685105 ], [ -122.131178, 37.68512 ], [ -122.131178, 37.685159 ], [ -122.13118, 37.685338 ], [ -122.131123, 37.685299 ], [ -122.131086, 37.685269 ], [ -122.131016, 37.685215 ], [ -122.130923, 37.685148 ], [ -122.130626, 37.684947 ], [ -122.130603, 37.684947 ], [ -122.130491, 37.68495 ], [ -122.130456, 37.684951 ], [ -122.13044, 37.684948 ], [ -122.130427, 37.684952 ], [ -122.13041, 37.684952 ], [ -122.13027, 37.685138 ], [ -122.13021, 37.685207 ], [ -122.13066, 37.685533 ], [ -122.130782, 37.685621 ], [ -122.130982, 37.685764 ], [ -122.130997, 37.685775 ], [ -122.132155, 37.686601 ], [ -122.131984, 37.686666 ], [ -122.131972, 37.686666 ], [ -122.13168, 37.686679 ], [ -122.13154, 37.686685 ], [ -122.130911, 37.68668 ], [ -122.130286, 37.686675 ], [ -122.1301, 37.686673 ], [ -122.130088, 37.686673 ], [ -122.130015, 37.686672 ], [ -122.130036, 37.686898 ], [ -122.130061, 37.687317 ], [ -122.130077, 37.68785 ], [ -122.130092, 37.688189 ], [ -122.130085, 37.688449 ], [ -122.130083, 37.688677 ], [ -122.130083, 37.688697 ], [ -122.130087, 37.689344 ], [ -122.130087, 37.689469 ], [ -122.130088, 37.689685 ], [ -122.130088, 37.689706 ], [ -122.130097, 37.690148 ], [ -122.130094, 37.690194 ], [ -122.130083, 37.690392 ], [ -122.130077, 37.690759 ], [ -122.130077, 37.69079 ], [ -122.130077, 37.690799 ], [ -122.130075, 37.690901 ], [ -122.130075, 37.690903 ], [ -122.130073, 37.690963 ], [ -122.130071, 37.691093 ], [ -122.129218, 37.691082 ], [ -122.128483, 37.691051 ], [ -122.128143, 37.691026 ], [ -122.128102, 37.691023 ], [ -122.127883, 37.691007 ], [ -122.127887, 37.69103 ], [ -122.12795, 37.691087 ], [ -122.128694, 37.691751 ], [ -122.12883, 37.69187 ], [ -122.128951, 37.691976 ], [ -122.129076, 37.692086 ], [ -122.12921, 37.692203 ], [ -122.12933, 37.692309 ], [ -122.129455, 37.692419 ], [ -122.129659, 37.692596 ], [ -122.129663, 37.6926 ], [ -122.129636, 37.69261 ], [ -122.129635, 37.69261 ], [ -122.129514, 37.692656 ], [ -122.129504, 37.69266 ], [ -122.129504, 37.692678 ], [ -122.129506, 37.692754 ], [ -122.129507, 37.692795 ], [ -122.129509, 37.692912 ], [ -122.129512, 37.693032 ], [ -122.129511, 37.693071 ], [ -122.129511, 37.693218 ], [ -122.129511, 37.693367 ], [ -122.12951, 37.693521 ], [ -122.129512, 37.693665 ], [ -122.129512, 37.693713 ], [ -122.129512, 37.693819 ], [ -122.129512, 37.693977 ], [ -122.12951, 37.694057 ], [ -122.129508, 37.694128 ], [ -122.129508, 37.694246 ], [ -122.129508, 37.694285 ], [ -122.129508, 37.694445 ], [ -122.12951, 37.69459 ], [ -122.12951, 37.69475 ], [ -122.129511, 37.694898 ], [ -122.129513, 37.695054 ], [ -122.129513, 37.695202 ], [ -122.129514, 37.695361 ], [ -122.129514, 37.695508 ], [ -122.129516, 37.695645 ], [ -122.129516, 37.695671 ], [ -122.129517, 37.695812 ], [ -122.129517, 37.695965 ], [ -122.129516, 37.696067 ], [ -122.129516, 37.696073 ], [ -122.129516, 37.696133 ], [ -122.129516, 37.696298 ], [ -122.129516, 37.696459 ], [ -122.129516, 37.696616 ], [ -122.129516, 37.696776 ], [ -122.129516, 37.696924 ], [ -122.129516, 37.69694 ], [ -122.129516, 37.696945 ], [ -122.129517, 37.69703 ], [ -122.129518, 37.697089 ], [ -122.129518, 37.697098 ], [ -122.129524, 37.697236 ], [ -122.129525, 37.697278 ], [ -122.129527, 37.697368 ], [ -122.129531, 37.697368 ], [ -122.129641, 37.697365 ], [ -122.129534, 37.697444 ], [ -122.129434, 37.697518 ], [ -122.129391, 37.69755 ], [ -122.129329, 37.697596 ], [ -122.129318, 37.697604 ], [ -122.12901, 37.69783 ], [ -122.128745, 37.698026 ], [ -122.128689, 37.698067 ], [ -122.128677, 37.698076 ], [ -122.128649, 37.698057 ], [ -122.128635, 37.698048 ], [ -122.128591, 37.698018 ], [ -122.128517, 37.697968 ], [ -122.128516, 37.697967 ], [ -122.127333, 37.697155 ], [ -122.127324, 37.697149 ], [ -122.127227, 37.697082 ], [ -122.126382, 37.696499 ], [ -122.126229, 37.696394 ], [ -122.126094, 37.696301 ], [ -122.126008, 37.696241 ], [ -122.125957, 37.696207 ], [ -122.125855, 37.696136 ], [ -122.125822, 37.696113 ], [ -122.125671, 37.696009 ], [ -122.125534, 37.695915 ], [ -122.125399, 37.695821 ], [ -122.125317, 37.695765 ], [ -122.125246, 37.695717 ], [ -122.125237, 37.69571 ], [ -122.125109, 37.695622 ], [ -122.124974, 37.695529 ], [ -122.124934, 37.695501 ], [ -122.124827, 37.695427 ], [ -122.124783, 37.695397 ], [ -122.12478, 37.695515 ], [ -122.124776, 37.695627 ], [ -122.124771, 37.695779 ], [ -122.12477, 37.695817 ], [ -122.12477, 37.695822 ], [ -122.124768, 37.695941 ], [ -122.124767, 37.695955 ], [ -122.124767, 37.6961 ], [ -122.124767, 37.696116 ], [ -122.124767, 37.696124 ], [ -122.124768, 37.696149 ], [ -122.124768, 37.696156 ], [ -122.124768, 37.69617 ], [ -122.124768, 37.696176 ], [ -122.124768, 37.696182 ], [ -122.124769, 37.696251 ], [ -122.124769, 37.696382 ], [ -122.124769, 37.696432 ], [ -122.124769, 37.696603 ], [ -122.12477, 37.696807 ], [ -122.124771, 37.696993 ], [ -122.124771, 37.697145 ], [ -122.124771, 37.697296 ], [ -122.124771, 37.697337 ], [ -122.124772, 37.697451 ], [ -122.124772, 37.697605 ], [ -122.124772, 37.697753 ], [ -122.124774, 37.697903 ], [ -122.124776, 37.698082 ], [ -122.124797, 37.698083 ], [ -122.124797, 37.698152 ], [ -122.124798, 37.698205 ], [ -122.124798, 37.698226 ], [ -122.124801, 37.698285 ], [ -122.124801, 37.698317 ], [ -122.1248, 37.698414 ], [ -122.124801, 37.698436 ], [ -122.124802, 37.698485 ], [ -122.124802, 37.6985 ], [ -122.124716, 37.698497 ], [ -122.124617, 37.698495 ], [ -122.124463, 37.698492 ], [ -122.124456, 37.698449 ], [ -122.124452, 37.698425 ], [ -122.124449, 37.698403 ], [ -122.124448, 37.698394 ], [ -122.124441, 37.698357 ], [ -122.124381, 37.698367 ], [ -122.124371, 37.698369 ], [ -122.124161, 37.698406 ], [ -122.123677, 37.698513 ], [ -122.123673, 37.698514 ], [ -122.123421, 37.69857 ], [ -122.123382, 37.698578 ], [ -122.123366, 37.698582 ], [ -122.123182, 37.698618 ], [ -122.123101, 37.698629 ], [ -122.12304, 37.698634 ], [ -122.123011, 37.698636 ], [ -122.122976, 37.698637 ], [ -122.122897, 37.69864 ], [ -122.122828, 37.698638 ], [ -122.122781, 37.698637 ], [ -122.122646, 37.698635 ], [ -122.122577, 37.698633 ], [ -122.122576, 37.698681 ], [ -122.122575, 37.698706 ], [ -122.122576, 37.698751 ], [ -122.122576, 37.698774 ], [ -122.122577, 37.698828 ], [ -122.122593, 37.699855 ], [ -122.1226, 37.700324 ], [ -122.122609, 37.700896 ], [ -122.12257, 37.700968 ], [ -122.122563, 37.700981 ], [ -122.122562, 37.700984 ], [ -122.122546, 37.701012 ], [ -122.122562, 37.701023 ], [ -122.122563, 37.701023 ], [ -122.123064, 37.70138 ], [ -122.123119, 37.701419 ], [ -122.123217, 37.701486 ], [ -122.123288, 37.701536 ], [ -122.123328, 37.701563 ], [ -122.123645, 37.701775 ], [ -122.123691, 37.701808 ], [ -122.123767, 37.701862 ], [ -122.124532, 37.702407 ], [ -122.124591, 37.702449 ], [ -122.124609, 37.702462 ], [ -122.125598, 37.703166 ], [ -122.12587, 37.70336 ], [ -122.125933, 37.703405 ], [ -122.125996, 37.703457 ], [ -122.126016, 37.703471 ], [ -122.126129, 37.703547 ], [ -122.126491, 37.703805 ], [ -122.126949, 37.704125 ], [ -122.127083, 37.704219 ], [ -122.127137, 37.704257 ], [ -122.127759, 37.704695 ], [ -122.127776, 37.704707 ], [ -122.127783, 37.704712 ], [ -122.128238, 37.705029 ], [ -122.12848, 37.705196 ], [ -122.129058, 37.705598 ], [ -122.129193, 37.705697 ], [ -122.129291, 37.705769 ], [ -122.129242, 37.705805 ], [ -122.129228, 37.705815 ], [ -122.12913, 37.705884 ], [ -122.129004, 37.705981 ], [ -122.128988, 37.705981 ], [ -122.127933, 37.706805 ], [ -122.127813, 37.706899 ], [ -122.127654, 37.707024 ], [ -122.127558, 37.707099 ], [ -122.127092, 37.707465 ], [ -122.126436, 37.707974 ], [ -122.126429, 37.707979 ], [ -122.126289, 37.708089 ], [ -122.126203, 37.708156 ], [ -122.126031, 37.70829 ], [ -122.125817, 37.708459 ], [ -122.125325, 37.708856 ], [ -122.125207, 37.708951 ], [ -122.125168, 37.708982 ], [ -122.124762, 37.709299 ], [ -122.124563, 37.709455 ], [ -122.124553, 37.709463 ], [ -122.124543, 37.709474 ], [ -122.124542, 37.709475 ], [ -122.124521, 37.709496 ], [ -122.124368, 37.709657 ], [ -122.124364, 37.709661 ], [ -122.124228, 37.709805 ], [ -122.124197, 37.709838 ], [ -122.124277, 37.709905 ], [ -122.124283, 37.709909 ], [ -122.124425, 37.709999 ], [ -122.12446, 37.710021 ], [ -122.124553, 37.71008 ], [ -122.124576, 37.710093 ], [ -122.124767, 37.710203 ], [ -122.124847, 37.710249 ], [ -122.12489, 37.710274 ], [ -122.124892, 37.710275 ], [ -122.124896, 37.710278 ], [ -122.124986, 37.710329 ], [ -122.125032, 37.710356 ], [ -122.125185, 37.710435 ], [ -122.125454, 37.710573 ], [ -122.125671, 37.710674 ], [ -122.125793, 37.710732 ], [ -122.126167, 37.710911 ], [ -122.126392, 37.710998 ], [ -122.126533, 37.711053 ], [ -122.126843, 37.711168 ], [ -122.126808, 37.711217 ], [ -122.126791, 37.71124 ], [ -122.126772, 37.711266 ], [ -122.126771, 37.711268 ], [ -122.126717, 37.711342 ], [ -122.126714, 37.71135 ], [ -122.126713, 37.711352 ], [ -122.126699, 37.711395 ], [ -122.126658, 37.711516 ], [ -122.126652, 37.711535 ], [ -122.12657, 37.711726 ], [ -122.126531, 37.711827 ], [ -122.126507, 37.711874 ], [ -122.126506, 37.711876 ], [ -122.126455, 37.711859 ], [ -122.126405, 37.711844 ], [ -122.126392, 37.711871 ], [ -122.126379, 37.711897 ], [ -122.126352, 37.711971 ], [ -122.126314, 37.712074 ], [ -122.126259, 37.712215 ], [ -122.126235, 37.712208 ], [ -122.126215, 37.712202 ], [ -122.126111, 37.712191 ], [ -122.126105, 37.71219 ], [ -122.125977, 37.712176 ], [ -122.125973, 37.712176 ], [ -122.125978, 37.712275 ], [ -122.125982, 37.71236 ], [ -122.125984, 37.712412 ], [ -122.125988, 37.71248 ], [ -122.12599, 37.712532 ], [ -122.12598, 37.712532 ], [ -122.12596, 37.712533 ], [ -122.125915, 37.712539 ], [ -122.125894, 37.712542 ], [ -122.125866, 37.712549 ], [ -122.125829, 37.712558 ], [ -122.125788, 37.712571 ], [ -122.12574, 37.712589 ], [ -122.125725, 37.712596 ], [ -122.125683, 37.712616 ], [ -122.125657, 37.71263 ], [ -122.125581, 37.712678 ], [ -122.125538, 37.71271 ], [ -122.125474, 37.712759 ], [ -122.125402, 37.712815 ], [ -122.125389, 37.712825 ], [ -122.125312, 37.712881 ], [ -122.125255, 37.712913 ], [ -122.125221, 37.712932 ], [ -122.125132, 37.712974 ], [ -122.125088, 37.712992 ], [ -122.124981, 37.713026 ], [ -122.124848, 37.713067 ], [ -122.124823, 37.713074 ], [ -122.124719, 37.713111 ], [ -122.124654, 37.713138 ], [ -122.124592, 37.713163 ], [ -122.124551, 37.713181 ], [ -122.124496, 37.713206 ], [ -122.124471, 37.713219 ], [ -122.124411, 37.713248 ], [ -122.124388, 37.71326 ], [ -122.124394, 37.713269 ], [ -122.124422, 37.713308 ], [ -122.124603, 37.713536 ], [ -122.124706, 37.713665 ], [ -122.124707, 37.713666 ], [ -122.124679, 37.71368 ], [ -122.12458, 37.713729 ], [ -122.124561, 37.713738 ], [ -122.124425, 37.713806 ], [ -122.124281, 37.713877 ], [ -122.124136, 37.71395 ], [ -122.124132, 37.713952 ], [ -122.124177, 37.714011 ], [ -122.124178, 37.714012 ], [ -122.123971, 37.714116 ], [ -122.123855, 37.714174 ], [ -122.123851, 37.714177 ], [ -122.123792, 37.714215 ], [ -122.123754, 37.714241 ], [ -122.123745, 37.714247 ], [ -122.123668, 37.714327 ], [ -122.123533, 37.714466 ], [ -122.123437, 37.714493 ], [ -122.123293, 37.714534 ], [ -122.123078, 37.714595 ], [ -122.123062, 37.7146 ], [ -122.123026, 37.71461 ], [ -122.123023, 37.714611 ], [ -122.123035, 37.714693 ], [ -122.123055, 37.714823 ], [ -122.12306, 37.714854 ], [ -122.123076, 37.714961 ], [ -122.123084, 37.715007 ], [ -122.123085, 37.71506 ], [ -122.123077, 37.715059 ], [ -122.123057, 37.715057 ], [ -122.123044, 37.715057 ], [ -122.123017, 37.715056 ], [ -122.122988, 37.71506 ], [ -122.12297, 37.715062 ], [ -122.122929, 37.715073 ], [ -122.122849, 37.71511 ], [ -122.122809, 37.715132 ], [ -122.12277, 37.715153 ], [ -122.122755, 37.715161 ], [ -122.122745, 37.715167 ], [ -122.122726, 37.715178 ], [ -122.122711, 37.715184 ], [ -122.122676, 37.715201 ], [ -122.122667, 37.715204 ], [ -122.122623, 37.71522 ], [ -122.122568, 37.715237 ], [ -122.122476, 37.715262 ], [ -122.12247, 37.715263 ], [ -122.122427, 37.715275 ], [ -122.122432, 37.715289 ], [ -122.121931, 37.715766 ], [ -122.121911, 37.715785 ], [ -122.121834, 37.715858 ], [ -122.121758, 37.715805 ], [ -122.121744, 37.715796 ], [ -122.121746, 37.715839 ], [ -122.121746, 37.715848 ], [ -122.121749, 37.715916 ], [ -122.121764, 37.716249 ], [ -122.121763, 37.716298 ], [ -122.121759, 37.716353 ], [ -122.121746, 37.716462 ], [ -122.12173, 37.716542 ], [ -122.121708, 37.716625 ], [ -122.121669, 37.716732 ], [ -122.121621, 37.716835 ], [ -122.121566, 37.716936 ], [ -122.121499, 37.717034 ], [ -122.121464, 37.717082 ], [ -122.121422, 37.717133 ], [ -122.121339, 37.717223 ], [ -122.121283, 37.717277 ], [ -122.121179, 37.717369 ], [ -122.121168, 37.717379 ], [ -122.121153, 37.717389 ], [ -122.121025, 37.717477 ], [ -122.120919, 37.71754 ], [ -122.120794, 37.717604 ], [ -122.120756, 37.717621 ], [ -122.120729, 37.717634 ], [ -122.12071, 37.717642 ], [ -122.12066, 37.717662 ], [ -122.120631, 37.717673 ], [ -122.120525, 37.717711 ], [ -122.12047, 37.717728 ], [ -122.120444, 37.717736 ], [ -122.120396, 37.717748 ], [ -122.120313, 37.717768 ], [ -122.120183, 37.717794 ], [ -122.120143, 37.717799 ], [ -122.12008, 37.717807 ], [ -122.120048, 37.717811 ], [ -122.120031, 37.717813 ], [ -122.119985, 37.717816 ], [ -122.11995, 37.717819 ], [ -122.119844, 37.717824 ], [ -122.119814, 37.717823 ], [ -122.119731, 37.717822 ], [ -122.119662, 37.717882 ], [ -122.119575, 37.717961 ], [ -122.119567, 37.717968 ], [ -122.1195, 37.718029 ], [ -122.119483, 37.718044 ], [ -122.118473, 37.718941 ], [ -122.118313, 37.719083 ], [ -122.117958, 37.719397 ], [ -122.116327, 37.720845 ], [ -122.116105, 37.721042 ], [ -122.115941, 37.721188 ], [ -122.115952, 37.7212 ], [ -122.116007, 37.721261 ], [ -122.116086, 37.721348 ], [ -122.116226, 37.72155 ], [ -122.116756, 37.722316 ], [ -122.116781, 37.722352 ], [ -122.117065, 37.722763 ], [ -122.117093, 37.722804 ], [ -122.117178, 37.722927 ], [ -122.117198, 37.722955 ], [ -122.117204, 37.722964 ], [ -122.11753, 37.723435 ], [ -122.117798, 37.723823 ], [ -122.117889, 37.723955 ], [ -122.118213, 37.724423 ], [ -122.118436, 37.724745 ], [ -122.118685, 37.725105 ], [ -122.11889, 37.725403 ], [ -122.119123, 37.725739 ], [ -122.120005, 37.727016 ], [ -122.120816, 37.728188 ], [ -122.12081, 37.728196 ], [ -122.1208, 37.728207 ], [ -122.120797, 37.728211 ], [ -122.120792, 37.728218 ], [ -122.120782, 37.728228 ], [ -122.120879, 37.728253 ], [ -122.120883, 37.728254 ], [ -122.120889, 37.728255 ], [ -122.120987, 37.728281 ], [ -122.121316, 37.728791 ], [ -122.121664, 37.72933 ], [ -122.121698, 37.729334 ], [ -122.122168, 37.729386 ], [ -122.122169, 37.729386 ], [ -122.122189, 37.729573 ], [ -122.122198, 37.729652 ], [ -122.122213, 37.729795 ], [ -122.122228, 37.729933 ], [ -122.122234, 37.729987 ], [ -122.122235, 37.729997 ], [ -122.121889, 37.730574 ], [ -122.121744, 37.730815 ], [ -122.121744, 37.730816 ], [ -122.121377, 37.731496 ], [ -122.121241, 37.731749 ], [ -122.121225, 37.731779 ], [ -122.121206, 37.731812 ], [ -122.121206, 37.731813 ], [ -122.121083, 37.731899 ], [ -122.121082, 37.731899 ], [ -122.120721, 37.731937 ], [ -122.120229, 37.731989 ], [ -122.119964, 37.732042 ], [ -122.119477, 37.732141 ], [ -122.118818, 37.732274 ], [ -122.118297, 37.732601 ], [ -122.117954, 37.732817 ], [ -122.117744, 37.732948 ], [ -122.117143, 37.733494 ], [ -122.116449, 37.733954 ], [ -122.116188, 37.734127 ], [ -122.115091, 37.735279 ], [ -122.115091, 37.73528 ], [ -122.114799, 37.736119 ], [ -122.114853, 37.736261 ], [ -122.115074, 37.736841 ], [ -122.115127, 37.73698 ], [ -122.115195, 37.737159 ], [ -122.115196, 37.737175 ], [ -122.115222, 37.738525 ], [ -122.115223, 37.738579 ], [ -122.115234, 37.739153 ], [ -122.114949, 37.739813 ], [ -122.114839, 37.740069 ], [ -122.114797, 37.740164 ], [ -122.114797, 37.740165 ], [ -122.114797, 37.740203 ], [ -122.114797, 37.740222 ], [ -122.114797, 37.740223 ], [ -122.114796, 37.740444 ], [ -122.114647, 37.740476 ], [ -122.114605, 37.740485 ], [ -122.114407, 37.740528 ], [ -122.114133, 37.740587 ], [ -122.113794, 37.740661 ], [ -122.112492, 37.740942 ], [ -122.111956, 37.741058 ], [ -122.11149, 37.741047 ], [ -122.110366, 37.741021 ], [ -122.108569, 37.740964 ], [ -122.10834, 37.741 ], [ -122.102023, 37.741996 ], [ -122.098417, 37.742564 ], [ -122.09782, 37.742657 ], [ -122.096617, 37.742848 ], [ -122.09495, 37.74311 ], [ -122.094053, 37.741807 ], [ -122.093898, 37.741582 ], [ -122.093788, 37.741422 ], [ -122.092343, 37.739321 ], [ -122.084878, 37.735963 ], [ -122.084618, 37.735436 ], [ -122.084346, 37.73536 ], [ -122.084029, 37.735272 ], [ -122.083989, 37.735273 ], [ -122.083782, 37.735281 ], [ -122.08369, 37.735284 ], [ -122.083236, 37.735301 ], [ -122.083107, 37.735249 ], [ -122.083091, 37.735242 ], [ -122.082544, 37.735021 ], [ -122.082158, 37.734865 ], [ -122.081571, 37.734627 ], [ -122.081364, 37.734992 ], [ -122.08087, 37.735435 ], [ -122.080986, 37.735562 ], [ -122.080685, 37.735714 ], [ -122.080518, 37.735922 ], [ -122.080152, 37.735912 ], [ -122.079445, 37.73633 ], [ -122.079352, 37.736569 ], [ -122.079043, 37.736803 ], [ -122.078388, 37.737034 ], [ -122.077526, 37.737306 ], [ -122.076144, 37.738075 ], [ -122.076007, 37.73801 ], [ -122.075859, 37.737909 ], [ -122.075792, 37.738006 ], [ -122.075748, 37.738071 ], [ -122.075208, 37.738889 ], [ -122.074981, 37.739099 ], [ -122.07431, 37.740258 ], [ -122.074332, 37.741286 ], [ -122.074333, 37.741356 ], [ -122.074364, 37.742899 ], [ -122.075256, 37.744396 ], [ -122.075212, 37.744763 ], [ -122.075212, 37.744765 ], [ -122.075154, 37.74525 ], [ -122.074762, 37.746061 ], [ -122.074736, 37.746217 ], [ -122.074897, 37.746294 ], [ -122.075221, 37.746565 ], [ -122.075274, 37.746609 ], [ -122.075624, 37.746903 ], [ -122.075885, 37.747146 ], [ -122.076088, 37.747335 ], [ -122.076096, 37.747341 ], [ -122.076168, 37.747394 ], [ -122.076694, 37.747779 ], [ -122.076813, 37.747867 ], [ -122.076943, 37.747911 ], [ -122.07716, 37.747984 ], [ -122.077381, 37.748059 ], [ -122.077365, 37.748074 ], [ -122.077334, 37.748105 ], [ -122.077199, 37.748235 ], [ -122.076646, 37.749164 ], [ -122.075869, 37.750467 ], [ -122.070942, 37.758736 ], [ -122.070797, 37.758979 ], [ -122.06871, 37.760623 ], [ -122.068677, 37.760649 ], [ -122.065944, 37.762805 ], [ -122.065346, 37.763333 ], [ -122.064306, 37.764247 ], [ -122.064082, 37.764444 ], [ -122.063922, 37.76459 ], [ -122.063869, 37.764638 ], [ -122.063664, 37.76482 ], [ -122.063182, 37.764886 ], [ -122.063146, 37.764891 ], [ -122.063143, 37.764893 ], [ -122.063138, 37.764895 ], [ -122.063082, 37.764903 ], [ -122.063144, 37.765219 ], [ -122.063115, 37.765223 ], [ -122.06306, 37.765231 ], [ -122.06305, 37.76524 ], [ -122.062991, 37.765288 ], [ -122.061951, 37.766146 ], [ -122.061822, 37.766253 ], [ -122.061733, 37.766326 ], [ -122.059654, 37.768042 ], [ -122.059363, 37.768282 ], [ -122.057031, 37.770206 ], [ -122.052913, 37.773011 ], [ -122.052916, 37.773474 ], [ -122.052918, 37.773906 ], [ -122.052931, 37.776483 ], [ -122.052931, 37.776605 ], [ -122.052942, 37.778598 ], [ -122.052956, 37.781345 ], [ -122.052958, 37.782114 ], [ -122.043789, 37.782205 ], [ -122.043807, 37.785827 ], [ -122.043843, 37.793215 ], [ -122.046266, 37.793191 ], [ -122.051214, 37.793143 ], [ -122.051223, 37.7949 ], [ -122.053023, 37.794882 ], [ -122.053014, 37.793124 ], [ -122.054966, 37.793105 ], [ -122.061515, 37.79304 ], [ -122.061515, 37.793223 ], [ -122.061515, 37.793429 ], [ -122.06152, 37.797818 ], [ -122.061521, 37.799094 ], [ -122.061521, 37.799208 ], [ -122.061521, 37.799377 ], [ -122.061523, 37.800083 ], [ -122.061519, 37.800082 ], [ -122.059807, 37.799836 ], [ -122.059521, 37.799794 ], [ -122.059471, 37.799787 ], [ -122.051242, 37.798601 ], [ -122.05116, 37.798589 ], [ -122.050935, 37.798557 ], [ -122.050072, 37.798433 ], [ -122.045241, 37.797736 ], [ -122.044857, 37.797474 ], [ -122.043861, 37.796793 ], [ -122.043182, 37.796328 ], [ -122.040139, 37.794246 ], [ -122.037373, 37.792353 ], [ -122.036384, 37.791676 ], [ -122.034027, 37.790062 ], [ -122.030988, 37.787982 ], [ -122.030509, 37.787655 ], [ -122.029165, 37.787189 ], [ -122.028147, 37.786835 ], [ -122.025711, 37.785791 ], [ -122.025673, 37.785774 ], [ -122.024355, 37.785208 ], [ -122.021907, 37.784157 ], [ -122.021321, 37.783762 ], [ -122.017621, 37.781268 ], [ -122.014637, 37.78038 ], [ -122.013838, 37.780142 ], [ -122.013768, 37.780121 ], [ -122.012701, 37.77903 ], [ -122.012202, 37.77852 ], [ -122.005433, 37.771594 ], [ -122.005145, 37.771299 ], [ -122.005001, 37.771152 ], [ -122.004121, 37.770252 ], [ -122.004052, 37.770181 ], [ -122.004042, 37.770171 ], [ -122.004031, 37.77016 ], [ -122.003882, 37.770008 ], [ -122.003644, 37.769764 ], [ -121.999828, 37.765859 ], [ -121.999172, 37.765188 ], [ -121.99739, 37.763364 ], [ -122.005086, 37.758624 ], [ -122.007394, 37.757202 ], [ -122.010776, 37.755118 ], [ -122.011248, 37.754827 ], [ -122.011298, 37.754173 ], [ -122.011299, 37.754157 ], [ -122.0113, 37.754148 ], [ -122.011301, 37.754134 ], [ -122.011613, 37.750024 ], [ -122.011625, 37.749872 ], [ -122.011624, 37.749851 ], [ -122.011516, 37.747686 ], [ -122.005241, 37.742851 ], [ -122.003786, 37.741731 ], [ -121.999871, 37.738714 ], [ -121.999508, 37.738434 ], [ -121.999489, 37.738419 ], [ -121.995826, 37.738398 ], [ -121.995276, 37.738395 ], [ -121.994878, 37.738392 ], [ -121.994847, 37.738373 ], [ -121.99469, 37.73826 ], [ -121.993383, 37.737335 ], [ -121.993342, 37.737306 ], [ -121.992328, 37.736594 ], [ -121.992055, 37.736403 ], [ -121.987595, 37.733272 ], [ -121.987298, 37.733063 ], [ -121.980141, 37.73113 ], [ -121.980133, 37.731113 ], [ -121.978813, 37.728192 ], [ -121.978665, 37.727865 ], [ -121.978586, 37.727829 ], [ -121.975276, 37.726293 ], [ -121.974538, 37.72595 ], [ -121.974253, 37.725818 ], [ -121.973919, 37.726251 ], [ -121.973271, 37.727087 ], [ -121.97323, 37.72714 ], [ -121.973225, 37.727147 ], [ -121.971463, 37.726107 ], [ -121.971246, 37.724435 ], [ -121.971239, 37.724384 ], [ -121.971218, 37.724226 ], [ -121.971223, 37.724213 ], [ -121.971229, 37.724196 ], [ -121.971458, 37.723572 ], [ -121.97195, 37.722231 ], [ -121.972114, 37.721783 ], [ -121.973767, 37.720502 ], [ -121.973946, 37.720363 ], [ -121.973947, 37.720362 ], [ -121.974484, 37.720151 ], [ -121.974699, 37.720066 ], [ -121.97518, 37.719877 ], [ -121.975538, 37.719735 ], [ -121.975732, 37.718745 ], [ -121.975732, 37.718743 ], [ -121.975858, 37.718101 ], [ -121.976003, 37.717363 ], [ -121.976066, 37.717039 ], [ -121.976073, 37.717006 ], [ -121.976145, 37.716636 ], [ -121.976158, 37.716571 ], [ -121.97621, 37.716305 ], [ -121.976587, 37.714387 ], [ -121.975311, 37.714271 ], [ -121.97531, 37.714271 ], [ -121.974836, 37.714228 ], [ -121.974347, 37.714183 ], [ -121.973865, 37.713755 ], [ -121.973865, 37.713754 ], [ -121.973857, 37.713049 ], [ -121.973856, 37.712969 ], [ -121.972989, 37.71296 ], [ -121.97274, 37.712714 ], [ -121.972684, 37.712659 ], [ -121.972674, 37.712649 ], [ -121.973578, 37.710917 ], [ -121.973734, 37.710619 ], [ -121.973826, 37.710443 ], [ -121.973826, 37.710399 ], [ -121.973815, 37.70942 ], [ -121.973814, 37.7094 ], [ -121.973833, 37.7094 ], [ -121.974078, 37.709399 ], [ -121.974281, 37.709398 ], [ -121.974326, 37.709398 ], [ -121.978473, 37.709386 ], [ -121.978857, 37.709385 ], [ -121.982244, 37.709375 ], [ -121.985617, 37.709364 ], [ -121.986209, 37.709353 ], [ -121.987636, 37.709325 ], [ -121.98776, 37.709322 ], [ -121.98776, 37.709318 ], [ -121.987757, 37.709064 ], [ -121.987753, 37.708727 ], [ -121.98775, 37.708094 ], [ -121.987748, 37.707643 ], [ -121.987745, 37.707085 ], [ -121.987742, 37.706533 ], [ -121.987705, 37.704667 ], [ -121.987702, 37.704482 ], [ -121.987689, 37.704339 ], [ -121.987673, 37.704157 ], [ -121.987644, 37.703832 ], [ -121.987623, 37.703602 ], [ -121.987602, 37.703371 ], [ -121.987583, 37.702893 ], [ -121.987576, 37.702718 ], [ -121.987575, 37.70271 ], [ -121.987546, 37.701997 ], [ -121.987531, 37.701631 ], [ -121.98752, 37.701345 ], [ -121.987488, 37.70057 ], [ -121.98749, 37.70054 ], [ -121.987519, 37.700003 ], [ -121.987522, 37.699958 ], [ -121.987538, 37.699679 ], [ -121.987539, 37.69965 ], [ -121.987477, 37.699636 ], [ -121.987364, 37.699612 ], [ -121.987282, 37.699598 ], [ -121.98701, 37.699551 ], [ -121.986766, 37.699521 ], [ -121.986435, 37.699481 ], [ -121.986359, 37.699475 ], [ -121.985522, 37.699404 ], [ -121.98464, 37.699278 ], [ -121.98459, 37.699271 ], [ -121.983895, 37.699192 ], [ -121.983589, 37.699153 ], [ -121.983351, 37.699123 ], [ -121.983199, 37.699104 ], [ -121.983004, 37.699078 ], [ -121.982777, 37.699049 ], [ -121.982457, 37.699008 ], [ -121.981928, 37.69891 ], [ -121.981334, 37.698801 ], [ -121.979822, 37.698537 ], [ -121.979508, 37.698483 ], [ -121.979491, 37.69848 ], [ -121.979114, 37.698414 ], [ -121.978856, 37.69837 ], [ -121.978575, 37.698313 ], [ -121.978469, 37.698292 ], [ -121.978459, 37.69829 ], [ -121.978263, 37.69825 ], [ -121.978219, 37.698244 ], [ -121.97806, 37.69822 ], [ -121.977481, 37.698135 ], [ -121.977008, 37.698034 ], [ -121.976845, 37.697999 ], [ -121.976508, 37.697939 ], [ -121.976485, 37.697935 ], [ -121.976833, 37.697765 ], [ -121.977001, 37.697683 ], [ -121.976959, 37.695444 ], [ -121.976939, 37.694429 ], [ -121.976937, 37.694308 ], [ -121.976847, 37.689675 ], [ -121.979765, 37.689744 ], [ -121.983011, 37.688947 ], [ -121.983036, 37.688941 ], [ -121.983492, 37.689009 ], [ -121.983887, 37.689068 ], [ -121.98398, 37.689082 ], [ -121.984323, 37.688885 ], [ -121.984745, 37.688641 ], [ -121.984885, 37.688561 ], [ -121.984907, 37.688521 ], [ -121.984932, 37.688475 ], [ -121.985147, 37.688079 ], [ -121.985233, 37.687919 ], [ -121.98545, 37.687518 ], [ -121.985468, 37.687486 ], [ -121.985481, 37.687469 ], [ -121.98559, 37.687328 ], [ -121.985665, 37.686962 ], [ -121.985762, 37.68649 ], [ -121.985219, 37.686191 ], [ -121.984919, 37.686027 ], [ -121.984329, 37.685704 ], [ -121.984569, 37.685328 ], [ -121.98503, 37.684603 ], [ -121.984618, 37.684141 ], [ -121.982562, 37.681838 ], [ -121.982518, 37.681789 ], [ -121.98111, 37.680214 ], [ -121.981107, 37.680211 ], [ -121.980769, 37.680078 ], [ -121.980203, 37.679854 ], [ -121.979581, 37.679609 ], [ -121.979364, 37.679523 ], [ -121.978912, 37.679345 ], [ -121.978823, 37.67931 ], [ -121.978714, 37.679267 ], [ -121.978708, 37.678765 ], [ -121.978707, 37.678709 ], [ -121.978705, 37.678507 ], [ -121.978702, 37.678319 ], [ -121.978702, 37.678285 ], [ -121.978701, 37.678175 ], [ -121.978699, 37.678071 ], [ -121.978289, 37.677862 ], [ -121.978277, 37.677856 ], [ -121.978266, 37.677851 ], [ -121.978265, 37.67785 ], [ -121.977592, 37.677508 ], [ -121.977008, 37.677211 ], [ -121.977007, 37.677211 ], [ -121.977028, 37.677118 ], [ -121.977097, 37.676816 ], [ -121.977105, 37.676781 ], [ -121.977114, 37.676744 ], [ -121.977375, 37.675605 ], [ -121.976971, 37.675519 ], [ -121.976969, 37.675519 ], [ -121.976851, 37.675494 ], [ -121.976816, 37.675486 ], [ -121.975048, 37.675111 ], [ -121.972313, 37.674529 ], [ -121.970393, 37.673248 ], [ -121.969069, 37.672364 ], [ -121.969065, 37.672362 ], [ -121.968799, 37.672297 ], [ -121.967932, 37.672086 ], [ -121.966664, 37.671778 ], [ -121.966655, 37.671776 ], [ -121.965081, 37.672179 ], [ -121.963833, 37.671909 ], [ -121.963643, 37.671868 ], [ -121.963628, 37.671838 ], [ -121.963568, 37.671721 ], [ -121.963549, 37.671684 ], [ -121.963367, 37.671326 ], [ -121.962917, 37.670439 ], [ -121.962896, 37.670397 ], [ -121.963713, 37.669847 ], [ -121.963907, 37.669716 ], [ -121.963972, 37.669672 ], [ -121.965206, 37.66884 ], [ -121.965225, 37.668828 ], [ -121.965368, 37.668696 ], [ -121.965471, 37.668601 ], [ -121.965576, 37.668503 ], [ -121.965928, 37.668177 ], [ -121.965969, 37.668139 ], [ -121.966098, 37.668019 ], [ -121.96683, 37.667342 ], [ -121.966832, 37.667332 ], [ -121.966842, 37.667287 ], [ -121.966852, 37.667235 ], [ -121.966862, 37.667209 ], [ -121.966867, 37.667198 ], [ -121.966869, 37.667195 ], [ -121.966871, 37.667188 ], [ -121.966896, 37.667154 ], [ -121.9669, 37.667149 ], [ -121.966909, 37.667139 ], [ -121.967138, 37.665972 ], [ -121.967183, 37.665742 ], [ -121.967187, 37.66572 ], [ -121.967191, 37.665704 ], [ -121.967192, 37.665701 ], [ -121.966936, 37.665699 ], [ -121.966738, 37.665698 ], [ -121.966295, 37.665696 ], [ -121.962918, 37.665678 ], [ -121.959381, 37.665659 ], [ -121.959345, 37.665659 ], [ -121.957217, 37.665647 ], [ -121.956631, 37.665644 ], [ -121.951674, 37.665617 ], [ -121.95166, 37.665617 ], [ -121.950481, 37.665611 ], [ -121.950445, 37.665611 ], [ -121.949747, 37.665607 ], [ -121.949725, 37.665607 ], [ -121.949714, 37.665607 ], [ -121.949715, 37.6655 ], [ -121.949718, 37.665108 ], [ -121.949747, 37.660978 ], [ -121.949766, 37.658202 ], [ -121.949798, 37.653599 ], [ -121.949799, 37.653394 ], [ -121.9498, 37.653279 ], [ -121.949803, 37.653066 ], [ -121.949801, 37.65305 ], [ -121.949802, 37.652971 ], [ -121.949802, 37.652967 ], [ -121.949802, 37.65294 ], [ -121.949802, 37.652876 ], [ -121.949814, 37.651149 ], [ -121.949815, 37.651095 ], [ -121.949815, 37.651045 ], [ -121.949816, 37.650907 ], [ -121.949812, 37.650853 ], [ -121.949734, 37.650854 ], [ -121.949291, 37.650857 ], [ -121.948463, 37.650865 ], [ -121.948386, 37.650866 ], [ -121.94829, 37.650867 ], [ -121.946474, 37.650884 ], [ -121.946364, 37.650885 ], [ -121.946335, 37.650885 ], [ -121.946329, 37.65088 ], [ -121.945997, 37.650594 ], [ -121.945887, 37.6505 ], [ -121.945446, 37.65012 ], [ -121.9449, 37.649293 ], [ -121.944618, 37.648866 ], [ -121.944591, 37.648825 ], [ -121.942891, 37.647542 ], [ -121.942339, 37.6468 ], [ -121.941927, 37.646247 ], [ -121.94116, 37.645474 ], [ -121.9408, 37.645112 ], [ -121.940751, 37.645073 ], [ -121.940518, 37.644883 ], [ -121.940493, 37.644862 ], [ -121.939101, 37.643709 ], [ -121.938115, 37.642893 ], [ -121.937757, 37.642597 ], [ -121.938798, 37.642592 ], [ -121.93891, 37.642592 ], [ -121.938443, 37.641918 ], [ -121.938174, 37.641528 ], [ -121.938132, 37.641467 ], [ -121.937788, 37.640565 ], [ -121.937784, 37.640555 ], [ -121.936179, 37.640135 ], [ -121.934579, 37.639717 ], [ -121.934088, 37.638562 ], [ -121.933999, 37.638353 ], [ -121.933598, 37.637409 ], [ -121.933597, 37.637409 ], [ -121.933582, 37.637373 ], [ -121.93256, 37.637355 ], [ -121.932507, 37.637354 ], [ -121.932083, 37.637142 ], [ -121.931023, 37.636614 ], [ -121.931023, 37.636602 ], [ -121.931023, 37.636599 ], [ -121.931022, 37.636556 ], [ -121.93104, 37.636556 ], [ -121.932213, 37.636544 ], [ -121.93229, 37.636543 ], [ -121.93225, 37.632783 ], [ -121.93225, 37.63276 ], [ -121.93225, 37.632759 ], [ -121.932249, 37.632746 ], [ -121.932127, 37.621459 ], [ -121.932117, 37.62052 ], [ -121.932073, 37.616462 ], [ -121.93205, 37.61428 ], [ -121.932048, 37.614103 ], [ -121.932036, 37.612971 ], [ -121.931993, 37.609046 ], [ -121.931973, 37.607267 ], [ -121.931961, 37.606079 ], [ -121.93196, 37.60602 ], [ -121.931956, 37.605637 ], [ -121.931955, 37.605533 ], [ -121.931953, 37.605318 ], [ -121.931949, 37.60494 ], [ -121.931944, 37.604512 ], [ -121.931941, 37.604224 ], [ -121.931938, 37.603963 ], [ -121.931935, 37.603665 ], [ -121.931933, 37.603459 ], [ -121.931928, 37.603026 ], [ -121.931922, 37.602467 ], [ -121.931917, 37.601985 ], [ -121.93191, 37.60136 ], [ -121.931903, 37.600673 ], [ -121.931896, 37.600046 ], [ -121.931889, 37.599403 ], [ -121.931885, 37.599031 ], [ -121.931878, 37.598366 ], [ -121.931873, 37.597882 ], [ -121.931866, 37.597235 ], [ -121.931858, 37.596505 ], [ -121.931851, 37.595867 ], [ -121.931849, 37.595657 ], [ -121.931847, 37.595528 ], [ -121.931841, 37.594942 ], [ -121.931839, 37.59474 ], [ -121.931836, 37.594462 ], [ -121.931833, 37.594186 ], [ -121.931829, 37.593869 ], [ -121.931825, 37.593456 ], [ -121.931824, 37.593376 ], [ -121.931822, 37.593205 ], [ -121.931818, 37.592847 ], [ -121.931815, 37.592566 ], [ -121.931815, 37.592548 ], [ -121.931863, 37.592501 ], [ -121.931946, 37.592419 ], [ -121.931956, 37.59241 ], [ -121.932086, 37.592288 ], [ -121.932138, 37.592239 ], [ -121.932168, 37.592211 ], [ -121.932324, 37.592068 ], [ -121.932325, 37.59205 ], [ -121.932326, 37.592009 ], [ -121.932664, 37.591758 ], [ -121.932725, 37.591712 ], [ -121.932755, 37.591701 ], [ -121.932758, 37.5917 ], [ -121.933096, 37.59157 ], [ -121.933216, 37.591525 ], [ -121.933254, 37.59151 ], [ -121.93382, 37.591293 ], [ -121.934068, 37.591225 ], [ -121.934611, 37.591076 ], [ -121.935371, 37.590981 ], [ -121.935457, 37.59097 ], [ -121.93556, 37.590957 ], [ -121.936022, 37.590983 ], [ -121.936257, 37.59105 ], [ -121.936273, 37.591063 ], [ -121.936312, 37.591096 ], [ -121.936337, 37.591112 ], [ -121.936361, 37.591129 ], [ -121.936391, 37.59115 ], [ -121.936394, 37.591152 ], [ -121.936408, 37.591162 ], [ -121.936462, 37.591208 ], [ -121.936501, 37.591245 ], [ -121.936572, 37.591307 ], [ -121.936577, 37.591312 ], [ -121.936581, 37.591315 ], [ -121.936587, 37.59132 ], [ -121.936618, 37.591346 ], [ -121.936636, 37.591361 ], [ -121.936654, 37.591376 ], [ -121.936671, 37.591392 ], [ -121.936688, 37.591408 ], [ -121.936705, 37.591424 ], [ -121.936706, 37.591425 ], [ -121.936721, 37.591441 ], [ -121.936725, 37.591445 ], [ -121.936737, 37.591457 ], [ -121.936753, 37.591474 ], [ -121.936773, 37.591497 ], [ -121.936873, 37.591623 ], [ -121.936879, 37.59163 ], [ -121.93692, 37.591688 ], [ -121.937168, 37.592039 ], [ -121.937171, 37.592043 ], [ -121.937391, 37.592431 ], [ -121.937433, 37.592504 ], [ -121.937433, 37.592505 ], [ -121.937434, 37.592506 ], [ -121.937507, 37.59271 ], [ -121.937674, 37.593176 ], [ -121.937683, 37.593203 ], [ -121.93794, 37.593971 ], [ -121.937941, 37.593976 ], [ -121.937992, 37.594185 ], [ -121.938087, 37.594571 ], [ -121.938093, 37.594601 ], [ -121.938202, 37.595123 ], [ -121.938219, 37.595389 ], [ -121.938221, 37.595411 ], [ -121.938221, 37.595415 ], [ -121.938221, 37.595433 ], [ -121.938229, 37.595845 ], [ -121.938215, 37.595937 ], [ -121.93818, 37.596162 ], [ -121.938178, 37.596172 ], [ -121.938132, 37.596469 ], [ -121.938119, 37.596552 ], [ -121.938099, 37.596653 ], [ -121.938052, 37.596891 ], [ -121.938049, 37.596907 ], [ -121.938049, 37.596908 ], [ -121.938049, 37.59691 ], [ -121.938029, 37.597208 ], [ -121.938028, 37.597221 ], [ -121.938028, 37.597262 ], [ -121.938027, 37.597325 ], [ -121.938033, 37.597486 ], [ -121.938052, 37.597631 ], [ -121.938076, 37.597699 ], [ -121.938076, 37.5977 ], [ -121.938117, 37.597787 ], [ -121.93819, 37.597892 ], [ -121.938243, 37.597951 ], [ -121.938272, 37.597983 ], [ -121.938302, 37.598009 ], [ -121.938358, 37.598056 ], [ -121.93843, 37.598106 ], [ -121.938443, 37.598115 ], [ -121.938453, 37.598124 ], [ -121.938454, 37.598125 ], [ -121.938468, 37.598136 ], [ -121.938482, 37.598148 ], [ -121.938497, 37.598159 ], [ -121.938503, 37.598163 ], [ -121.938512, 37.59817 ], [ -121.938527, 37.59818 ], [ -121.938532, 37.598184 ], [ -121.938542, 37.598191 ], [ -121.938558, 37.598201 ], [ -121.938573, 37.598211 ], [ -121.938589, 37.598221 ], [ -121.938606, 37.598231 ], [ -121.938622, 37.59824 ], [ -121.938638, 37.598249 ], [ -121.938655, 37.598258 ], [ -121.938672, 37.598267 ], [ -121.938683, 37.598274 ], [ -121.938849, 37.598363 ], [ -121.938861, 37.59837 ], [ -121.938865, 37.59837 ], [ -121.939007, 37.598376 ], [ -121.939127, 37.59838 ], [ -121.939249, 37.598384 ], [ -121.939266, 37.598385 ], [ -121.93944, 37.598391 ], [ -121.939964, 37.598326 ], [ -121.940012, 37.59832 ], [ -121.940087, 37.598305 ], [ -121.94016, 37.59829 ], [ -121.941107, 37.597961 ], [ -121.94111, 37.59796 ], [ -121.941545, 37.597701 ], [ -121.941915, 37.597573 ], [ -121.942614, 37.59733 ], [ -121.942615, 37.59733 ], [ -121.94269, 37.597317 ], [ -121.942887, 37.597282 ], [ -121.94289, 37.597281 ], [ -121.943751, 37.596989 ], [ -121.94388, 37.596976 ], [ -121.944225, 37.59694 ], [ -121.944235, 37.596939 ], [ -121.944405, 37.596936 ], [ -121.944484, 37.596934 ], [ -121.94467, 37.596931 ], [ -121.944676, 37.596931 ], [ -121.944801, 37.596936 ], [ -121.944936, 37.596942 ], [ -121.945221, 37.596921 ], [ -121.94532, 37.596914 ], [ -121.945938, 37.596868 ], [ -121.94594, 37.596868 ], [ -121.946245, 37.596937 ], [ -121.946329, 37.596956 ], [ -121.946535, 37.597003 ], [ -121.946686, 37.597037 ], [ -121.94669, 37.597038 ], [ -121.94689, 37.597126 ], [ -121.946914, 37.597137 ], [ -121.946986, 37.597168 ], [ -121.94699, 37.59717 ], [ -121.946994, 37.597181 ], [ -121.946998, 37.597191 ], [ -121.947001, 37.597198 ], [ -121.947004, 37.597206 ], [ -121.946859, 37.59722 ], [ -121.946787, 37.597233 ], [ -121.946715, 37.597246 ], [ -121.946662, 37.597255 ], [ -121.946642, 37.597258 ], [ -121.946617, 37.597261 ], [ -121.946621, 37.597262 ], [ -121.946663, 37.59728 ], [ -121.94669, 37.597292 ], [ -121.94671, 37.597301 ], [ -121.946732, 37.597311 ], [ -121.946757, 37.597323 ], [ -121.946858, 37.59737 ], [ -121.946944, 37.597399 ], [ -121.947055, 37.597437 ], [ -121.94711, 37.597456 ], [ -121.947445, 37.597592 ], [ -121.947489, 37.59761 ], [ -121.947725, 37.597706 ], [ -121.948106, 37.597782 ], [ -121.948303, 37.597785 ], [ -121.948402, 37.597786 ], [ -121.948503, 37.597807 ], [ -121.948578, 37.597822 ], [ -121.948715, 37.59785 ], [ -121.948818, 37.597871 ], [ -121.948823, 37.597871 ], [ -121.948826, 37.597872 ], [ -121.948959, 37.597882 ], [ -121.94896, 37.597882 ], [ -121.949017, 37.597881 ], [ -121.949265, 37.597878 ], [ -121.949543, 37.597875 ], [ -121.949552, 37.597875 ], [ -121.949811, 37.597872 ], [ -121.949925, 37.597876 ], [ -121.949932, 37.597876 ], [ -121.950125, 37.597883 ], [ -121.950177, 37.597869 ], [ -121.950313, 37.597832 ], [ -121.950313, 37.597835 ], [ -121.950314, 37.597861 ], [ -121.950314, 37.59788 ], [ -121.950315, 37.597903 ], [ -121.95027, 37.597923 ], [ -121.950184, 37.597962 ], [ -121.94998, 37.598054 ], [ -121.949977, 37.598055 ], [ -121.949854, 37.598097 ], [ -121.949828, 37.598106 ], [ -121.949714, 37.598144 ], [ -121.949705, 37.598147 ], [ -121.949686, 37.598154 ], [ -121.949687, 37.598281 ], [ -121.949696, 37.599312 ], [ -121.949708, 37.600712 ], [ -121.949722, 37.602382 ], [ -121.949738, 37.604136 ], [ -121.949744, 37.604857 ], [ -121.949745, 37.604942 ], [ -121.949746, 37.605072 ], [ -121.949747, 37.605153 ], [ -121.949755, 37.606202 ], [ -121.949756, 37.60629 ], [ -121.949764, 37.607145 ], [ -121.949763, 37.607175 ], [ -121.947984, 37.607184 ], [ -121.945548, 37.607196 ], [ -121.945397, 37.607197 ], [ -121.94511, 37.607199 ], [ -121.944857, 37.6072 ], [ -121.944268, 37.607204 ], [ -121.944244, 37.607204 ], [ -121.944339, 37.607742 ], [ -121.944342, 37.607755 ], [ -121.944374, 37.608151 ], [ -121.944375, 37.608165 ], [ -121.944346, 37.608335 ], [ -121.944325, 37.608455 ], [ -121.944321, 37.608475 ], [ -121.944252, 37.608585 ], [ -121.944152, 37.608744 ], [ -121.944068, 37.608966 ], [ -121.94406, 37.60918 ], [ -121.944074, 37.609216 ], [ -121.944101, 37.609283 ], [ -121.94411, 37.609303 ], [ -121.944123, 37.609333 ], [ -121.944125, 37.609337 ], [ -121.94415, 37.60939 ], [ -121.944176, 37.609443 ], [ -121.944203, 37.609496 ], [ -121.944231, 37.609549 ], [ -121.944248, 37.609579 ], [ -121.944261, 37.609601 ], [ -121.944261, 37.609654 ], [ -121.944261, 37.609664 ], [ -121.94426, 37.609837 ], [ -121.944037, 37.610039 ], [ -121.943888, 37.610111 ], [ -121.943785, 37.610161 ], [ -121.943557, 37.610272 ], [ -121.943504, 37.610298 ], [ -121.94347, 37.610315 ], [ -121.943426, 37.610344 ], [ -121.943346, 37.610398 ], [ -121.943256, 37.610458 ], [ -121.943136, 37.610512 ], [ -121.942863, 37.610635 ], [ -121.94257, 37.610715 ], [ -121.942489, 37.610737 ], [ -121.942355, 37.610748 ], [ -121.942299, 37.610752 ], [ -121.942293, 37.610752 ], [ -121.942281, 37.610753 ], [ -121.942071, 37.61077 ], [ -121.942045, 37.610772 ], [ -121.942017, 37.610774 ], [ -121.941867, 37.610785 ], [ -121.941767, 37.610793 ], [ -121.941717, 37.610797 ], [ -121.941673, 37.610814 ], [ -121.941272, 37.610969 ], [ -121.941263, 37.610984 ], [ -121.941027, 37.611396 ], [ -121.941023, 37.611397 ], [ -121.940854, 37.611463 ], [ -121.940798, 37.611485 ], [ -121.940631, 37.611515 ], [ -121.940557, 37.611528 ], [ -121.940242, 37.611654 ], [ -121.940203, 37.611746 ], [ -121.940167, 37.61183 ], [ -121.940164, 37.611837 ], [ -121.940358, 37.612043 ], [ -121.940363, 37.612048 ], [ -121.94042, 37.612239 ], [ -121.940092, 37.612618 ], [ -121.940091, 37.612619 ], [ -121.940083, 37.612778 ], [ -121.940082, 37.612806 ], [ -121.940043, 37.612936 ], [ -121.939954, 37.613237 ], [ -121.939932, 37.613564 ], [ -121.93987, 37.613679 ], [ -121.93978, 37.613844 ], [ -121.93978, 37.613892 ], [ -121.939782, 37.614174 ], [ -121.939977, 37.614399 ], [ -121.940012, 37.614433 ], [ -121.940076, 37.614496 ], [ -121.940132, 37.614549 ], [ -121.940211, 37.614618 ], [ -121.940238, 37.614642 ], [ -121.940292, 37.614689 ], [ -121.940872, 37.615191 ], [ -121.94089, 37.615207 ], [ -121.941148, 37.615293 ], [ -121.941445, 37.615313 ], [ -121.941749, 37.615281 ], [ -121.941885, 37.615257 ], [ -121.942127, 37.615214 ], [ -121.942168, 37.615221 ], [ -121.942488, 37.615274 ], [ -121.942677, 37.615352 ], [ -121.942845, 37.615422 ], [ -121.94317, 37.6157 ], [ -121.943437, 37.616 ], [ -121.943496, 37.61607 ], [ -121.943506, 37.61608 ], [ -121.943879, 37.616519 ], [ -121.943923, 37.616571 ], [ -121.94394, 37.616618 ], [ -121.943979, 37.616728 ], [ -121.944017, 37.616836 ], [ -121.944003, 37.616872 ], [ -121.943997, 37.616886 ], [ -121.943861, 37.617226 ], [ -121.943594, 37.617467 ], [ -121.943591, 37.617468 ], [ -121.943517, 37.617486 ], [ -121.943297, 37.617539 ], [ -121.943295, 37.61754 ], [ -121.943287, 37.617546 ], [ -121.943075, 37.617701 ], [ -121.942832, 37.61794 ], [ -121.94282, 37.617951 ], [ -121.942649, 37.618159 ], [ -121.942662, 37.618344 ], [ -121.942666, 37.618401 ], [ -121.942691, 37.618468 ], [ -121.942708, 37.618511 ], [ -121.942717, 37.618534 ], [ -121.942745, 37.6186 ], [ -121.942757, 37.618626 ], [ -121.942775, 37.618665 ], [ -121.942779, 37.618674 ], [ -121.942817, 37.618753 ], [ -121.942824, 37.618777 ], [ -121.942877, 37.61895 ], [ -121.9429, 37.61909 ], [ -121.94292, 37.619231 ], [ -121.94295, 37.619504 ], [ -121.94295, 37.619508 ], [ -121.942948, 37.619686 ], [ -121.942899, 37.620349 ], [ -121.942867, 37.620581 ], [ -121.94272, 37.620692 ], [ -121.942715, 37.620696 ], [ -121.942562, 37.620811 ], [ -121.942568, 37.620827 ], [ -121.942596, 37.620909 ], [ -121.942648, 37.621057 ], [ -121.942548, 37.621184 ], [ -121.942449, 37.62131 ], [ -121.942395, 37.621357 ], [ -121.94242, 37.621357 ], [ -121.942717, 37.621353 ], [ -121.942941, 37.621351 ], [ -121.943487, 37.621346 ], [ -121.943596, 37.621345 ], [ -121.943615, 37.621344 ], [ -121.943722, 37.621343 ], [ -121.943754, 37.621343 ], [ -121.943783, 37.621343 ], [ -121.943919, 37.621341 ], [ -121.944061, 37.62134 ], [ -121.94467, 37.621334 ], [ -121.944825, 37.621332 ], [ -121.945279, 37.621328 ], [ -121.945268, 37.621719 ], [ -121.945248, 37.622424 ], [ -121.944344, 37.622516 ], [ -121.944359, 37.622629 ], [ -121.944416, 37.623054 ], [ -121.944497, 37.623658 ], [ -121.944597, 37.624405 ], [ -121.944649, 37.624544 ], [ -121.944744, 37.624792 ], [ -121.945096, 37.625675 ], [ -121.945126, 37.625752 ], [ -121.945137, 37.625791 ], [ -121.945219, 37.626064 ], [ -121.945234, 37.626112 ], [ -121.945493, 37.626968 ], [ -121.945665, 37.627538 ], [ -121.945681, 37.627534 ], [ -121.946474, 37.627344 ], [ -121.94654, 37.627328 ], [ -121.946757, 37.627276 ], [ -121.94676, 37.627275 ], [ -121.947164, 37.62765 ], [ -121.947307, 37.627783 ], [ -121.947802, 37.628244 ], [ -121.948092, 37.628513 ], [ -121.948093, 37.628516 ], [ -121.948133, 37.628627 ], [ -121.948328, 37.629166 ], [ -121.948523, 37.629704 ], [ -121.948546, 37.629693 ], [ -121.949102, 37.629437 ], [ -121.949225, 37.629381 ], [ -121.949351, 37.629323 ], [ -121.950046, 37.629002 ], [ -121.950047, 37.629034 ], [ -121.950049, 37.62914 ], [ -121.950052, 37.629372 ], [ -121.950056, 37.629755 ], [ -121.950059, 37.629939 ], [ -121.950076, 37.631444 ], [ -121.950076, 37.631456 ], [ -121.950077, 37.631483 ], [ -121.950076, 37.631493 ], [ -121.950074, 37.631509 ], [ -121.95007, 37.631566 ], [ -121.950085, 37.631578 ], [ -121.95018, 37.631662 ], [ -121.950458, 37.631803 ], [ -121.950644, 37.631868 ], [ -121.950778, 37.631915 ], [ -121.950831, 37.63193 ], [ -121.950883, 37.631944 ], [ -121.950916, 37.631954 ], [ -121.950983, 37.631974 ], [ -121.951068, 37.632016 ], [ -121.951154, 37.632055 ], [ -121.951218, 37.632095 ], [ -121.951246, 37.632121 ], [ -121.951285, 37.632153 ], [ -121.951352, 37.632207 ], [ -121.951395, 37.632283 ], [ -121.95141, 37.632339 ], [ -121.951413, 37.632418 ], [ -121.951415, 37.632472 ], [ -121.951458, 37.63262 ], [ -121.951493, 37.632741 ], [ -121.951508, 37.632866 ], [ -121.951557, 37.632864 ], [ -121.951605, 37.632862 ], [ -121.953384, 37.632892 ], [ -121.955227, 37.632922 ], [ -121.955176, 37.632143 ], [ -121.955139, 37.631583 ], [ -121.955017, 37.629739 ], [ -121.955194, 37.629735 ], [ -121.955724, 37.629725 ], [ -121.956231, 37.629715 ], [ -121.956569, 37.629708 ], [ -121.96003, 37.629641 ], [ -121.960119, 37.630276 ], [ -121.960621, 37.633866 ], [ -121.960633, 37.633954 ], [ -121.960959, 37.636282 ], [ -121.960962, 37.636303 ], [ -121.960995, 37.636301 ], [ -121.961023, 37.636299 ], [ -121.961043, 37.636297 ], [ -121.961162, 37.636288 ], [ -121.963904, 37.63609 ], [ -121.967611, 37.635836 ], [ -121.968026, 37.635804 ], [ -121.968839, 37.635743 ], [ -121.968841, 37.635834 ], [ -121.968836, 37.636446 ], [ -121.968836, 37.636468 ], [ -121.969075, 37.636471 ], [ -121.97121, 37.636491 ], [ -121.973479, 37.636512 ], [ -121.973629, 37.636514 ], [ -121.975293, 37.63653 ], [ -121.976727, 37.636543 ], [ -121.977719, 37.636552 ], [ -121.978511, 37.636554 ], [ -121.979546, 37.636557 ], [ -121.980562, 37.63656 ], [ -121.980582, 37.63656 ], [ -121.980639, 37.63656 ], [ -121.981053, 37.636562 ], [ -121.981183, 37.636562 ], [ -121.981911, 37.636564 ], [ -121.982446, 37.636566 ], [ -121.985207, 37.636589 ], [ -121.98623, 37.636598 ], [ -121.986457, 37.6366 ], [ -121.986526, 37.636601 ], [ -121.986526, 37.636598 ], [ -121.986529, 37.636504 ], [ -121.98653, 37.636468 ], [ -121.986531, 37.636437 ], [ -121.986529, 37.636019 ], [ -121.986529, 37.636016 ], [ -121.986529, 37.636013 ], [ -121.986527, 37.635769 ], [ -121.986523, 37.635033 ], [ -121.986565, 37.635033 ], [ -121.987316, 37.635035 ], [ -121.987295, 37.634095 ], [ -121.987294, 37.634051 ], [ -121.987293, 37.634009 ], [ -121.987185, 37.629277 ], [ -121.987129, 37.626788 ], [ -121.987023, 37.622146 ], [ -121.987021, 37.622074 ], [ -121.987004, 37.621298 ], [ -121.987004, 37.621245 ], [ -121.987016, 37.621245 ], [ -121.995399, 37.621117 ], [ -121.996874, 37.621997 ], [ -122.002228, 37.625197 ], [ -122.004127, 37.626332 ], [ -122.004324, 37.626449 ], [ -122.004558, 37.626592 ], [ -122.005871, 37.627374 ], [ -122.005915, 37.6274 ], [ -122.007289, 37.628221 ], [ -122.010013, 37.629849 ], [ -122.011358, 37.630652 ], [ -122.011604, 37.630799 ], [ -122.011732, 37.630875 ], [ -122.011746, 37.630884 ], [ -122.01219, 37.631149 ], [ -122.013095, 37.63169 ], [ -122.013486, 37.631924 ], [ -122.013497, 37.63193 ], [ -122.013562, 37.631969 ], [ -122.013583, 37.631981 ], [ -122.013584, 37.631982 ], [ -122.013643, 37.632017 ], [ -122.013744, 37.632078 ], [ -122.014073, 37.632274 ], [ -122.014321, 37.632422 ], [ -122.016873, 37.633947 ], [ -122.017443, 37.634288 ], [ -122.017446, 37.634286 ], [ -122.017951, 37.6339 ], [ -122.018528, 37.633455 ], [ -122.018663, 37.633351 ], [ -122.018672, 37.633343 ], [ -122.018809, 37.633237 ], [ -122.01881, 37.633237 ], [ -122.018832, 37.63322 ], [ -122.019072, 37.633035 ], [ -122.019097, 37.633014 ], [ -122.019146, 37.632975 ], [ -122.019155, 37.632978 ], [ -122.019383, 37.633051 ], [ -122.019433, 37.633067 ], [ -122.019443, 37.633066 ], [ -122.019605, 37.633051 ], [ -122.019884, 37.633022 ], [ -122.019929, 37.632999 ], [ -122.020238, 37.632842 ], [ -122.020279, 37.632788 ], [ -122.020297, 37.632763 ], [ -122.02034, 37.632705 ], [ -122.02071, 37.632353 ], [ -122.020784, 37.632282 ], [ -122.020788, 37.632278 ], [ -122.020856, 37.632214 ], [ -122.020866, 37.632205 ], [ -122.020876, 37.632196 ], [ -122.020887, 37.632187 ], [ -122.020897, 37.632178 ], [ -122.020906, 37.632171 ], [ -122.020909, 37.632169 ], [ -122.020917, 37.632163 ], [ -122.02093, 37.632153 ], [ -122.020943, 37.632144 ], [ -122.020952, 37.632138 ], [ -122.020964, 37.63213 ], [ -122.020973, 37.632124 ], [ -122.020988, 37.632115 ], [ -122.021, 37.632108 ], [ -122.021012, 37.632101 ], [ -122.021026, 37.632093 ], [ -122.021037, 37.632087 ], [ -122.021047, 37.632082 ], [ -122.021057, 37.632077 ], [ -122.021064, 37.632074 ], [ -122.021072, 37.63207 ], [ -122.021088, 37.632062 ], [ -122.021099, 37.632058 ], [ -122.021118, 37.63205 ], [ -122.021128, 37.632046 ], [ -122.021146, 37.632039 ], [ -122.02116, 37.632034 ], [ -122.021172, 37.63203 ], [ -122.021183, 37.632026 ], [ -122.021197, 37.632022 ], [ -122.021211, 37.632017 ], [ -122.021223, 37.632014 ], [ -122.021238, 37.63201 ], [ -122.021248, 37.632007 ], [ -122.021263, 37.632004 ], [ -122.021283, 37.631999 ], [ -122.021298, 37.631996 ], [ -122.021312, 37.631993 ], [ -122.02133, 37.63199 ], [ -122.021346, 37.631987 ], [ -122.021357, 37.631986 ], [ -122.021368, 37.631984 ], [ -122.021401, 37.63198 ], [ -122.021468, 37.631979 ], [ -122.021507, 37.631979 ], [ -122.022043, 37.631971 ], [ -122.02209, 37.631971 ], [ -122.022082, 37.631965 ], [ -122.022068, 37.631952 ], [ -122.022033, 37.631923 ], [ -122.022021, 37.631913 ], [ -122.020202, 37.630376 ], [ -122.018555, 37.628985 ], [ -122.018519, 37.628955 ], [ -122.018504, 37.628942 ], [ -122.02158, 37.626629 ], [ -122.022554, 37.625896 ], [ -122.022676, 37.625804 ], [ -122.024522, 37.624431 ], [ -122.025752, 37.623516 ], [ -122.026581, 37.6229 ], [ -122.026695, 37.622814 ], [ -122.027184, 37.622451 ], [ -122.027192, 37.622445 ], [ -122.029593, 37.620659 ], [ -122.029614, 37.620645 ], [ -122.029613, 37.620644 ], [ -122.029599, 37.620631 ], [ -122.029162, 37.620236 ], [ -122.02808, 37.619259 ], [ -122.027984, 37.619171 ], [ -122.027844, 37.619043 ], [ -122.027705, 37.619135 ], [ -122.027693, 37.619143 ], [ -122.027647, 37.619173 ], [ -122.027532, 37.619249 ], [ -122.027501, 37.61927 ], [ -122.027495, 37.619264 ], [ -122.02704, 37.618838 ], [ -122.026884, 37.618687 ], [ -122.026843, 37.618648 ], [ -122.026834, 37.618639 ], [ -122.027065, 37.618478 ], [ -122.027145, 37.618422 ], [ -122.027142, 37.618419 ], [ -122.027087, 37.618369 ], [ -122.026693, 37.618012 ], [ -122.026501, 37.617838 ], [ -122.026448, 37.617791 ], [ -122.025406, 37.616848 ], [ -122.023833, 37.615459 ], [ -122.023834, 37.615458 ], [ -122.024599, 37.615115 ], [ -122.025006, 37.614933 ], [ -122.025085, 37.614897 ], [ -122.025362, 37.614773 ], [ -122.025514, 37.614705 ], [ -122.02566, 37.614639 ], [ -122.02582, 37.614568 ], [ -122.025889, 37.614537 ], [ -122.025909, 37.614528 ], [ -122.025986, 37.614493 ], [ -122.026, 37.614487 ], [ -122.027234, 37.613933 ], [ -122.027347, 37.613883 ], [ -122.027524, 37.613803 ], [ -122.027697, 37.613725 ], [ -122.027792, 37.613683 ], [ -122.028, 37.61359 ], [ -122.028141, 37.613527 ], [ -122.028162, 37.613519 ], [ -122.02817, 37.613513 ], [ -122.028247, 37.613476 ], [ -122.028315, 37.613444 ], [ -122.028272, 37.613407 ], [ -122.027415, 37.612656 ], [ -122.026746, 37.612059 ], [ -122.026205, 37.611575 ], [ -122.0262, 37.611571 ], [ -122.026049, 37.611444 ], [ -122.02588, 37.611303 ], [ -122.025847, 37.611275 ], [ -122.02549, 37.610968 ], [ -122.025314, 37.610816 ], [ -122.025027, 37.610569 ], [ -122.025003, 37.610545 ], [ -122.024981, 37.610523 ], [ -122.024936, 37.610478 ], [ -122.024897, 37.610442 ], [ -122.024885, 37.610431 ], [ -122.024504, 37.610096 ], [ -122.024358, 37.609968 ], [ -122.023968, 37.609625 ], [ -122.023896, 37.609562 ], [ -122.023783, 37.609462 ], [ -122.023737, 37.609422 ], [ -122.023727, 37.609413 ], [ -122.023717, 37.609404 ], [ -122.023687, 37.609378 ], [ -122.023548, 37.609256 ], [ -122.023461, 37.60918 ], [ -122.023452, 37.609171 ], [ -122.023406, 37.609131 ], [ -122.023339, 37.60907 ], [ -122.02331, 37.609048 ], [ -122.023266, 37.609015 ], [ -122.023281, 37.609017 ], [ -122.023338, 37.609023 ], [ -122.023383, 37.609027 ], [ -122.023746, 37.609022 ], [ -122.023756, 37.609021 ], [ -122.024209, 37.60902 ], [ -122.024416, 37.60902 ], [ -122.024578, 37.609019 ], [ -122.024674, 37.609018 ], [ -122.024743, 37.609018 ], [ -122.024826, 37.609019 ], [ -122.024941, 37.60902 ], [ -122.024967, 37.609021 ], [ -122.0252, 37.609021 ], [ -122.025324, 37.609019 ], [ -122.025348, 37.609024 ], [ -122.025389, 37.609021 ], [ -122.025517, 37.609022 ], [ -122.02554, 37.609023 ], [ -122.025586, 37.609018 ], [ -122.025647, 37.609022 ], [ -122.025729, 37.609022 ], [ -122.02578, 37.609019 ], [ -122.025922, 37.609024 ], [ -122.025972, 37.609019 ], [ -122.026107, 37.609025 ], [ -122.026158, 37.60902 ], [ -122.026259, 37.609025 ], [ -122.026299, 37.609025 ], [ -122.026352, 37.609023 ], [ -122.02649, 37.609025 ], [ -122.026548, 37.609024 ], [ -122.026554, 37.609024 ], [ -122.02668, 37.609027 ], [ -122.026733, 37.609024 ], [ -122.026869, 37.609027 ], [ -122.026928, 37.609024 ], [ -122.027061, 37.609027 ], [ -122.027122, 37.609026 ], [ -122.02725, 37.609028 ], [ -122.027316, 37.609026 ], [ -122.027374, 37.609028 ], [ -122.027434, 37.609028 ], [ -122.027506, 37.609027 ], [ -122.0276, 37.609029 ], [ -122.027698, 37.609028 ], [ -122.02789, 37.609029 ], [ -122.027914, 37.609029 ], [ -122.028004, 37.60903 ], [ -122.028079, 37.60903 ], [ -122.028273, 37.609031 ], [ -122.0284, 37.609033 ], [ -122.028465, 37.609032 ], [ -122.028591, 37.609034 ], [ -122.028657, 37.609034 ], [ -122.028783, 37.609035 ], [ -122.028847, 37.609035 ], [ -122.028971, 37.609036 ], [ -122.029016, 37.609036 ], [ -122.029039, 37.609036 ], [ -122.029162, 37.609038 ], [ -122.029228, 37.609037 ], [ -122.029422, 37.609037 ], [ -122.029609, 37.609038 ], [ -122.029648, 37.609039 ], [ -122.029804, 37.609038 ], [ -122.029994, 37.609039 ], [ -122.030137, 37.60904 ], [ -122.030186, 37.609039 ], [ -122.030324, 37.609041 ], [ -122.030376, 37.60904 ], [ -122.030507, 37.609042 ], [ -122.030565, 37.609041 ], [ -122.030644, 37.609041 ], [ -122.030663, 37.609041 ], [ -122.030667, 37.609041 ], [ -122.030697, 37.609042 ], [ -122.03076, 37.609042 ], [ -122.030885, 37.609043 ], [ -122.03094, 37.609043 ], [ -122.030948, 37.609043 ], [ -122.030958, 37.609042 ], [ -122.031149, 37.609043 ], [ -122.031339, 37.609044 ], [ -122.031371, 37.609044 ], [ -122.031694, 37.609045 ], [ -122.0317, 37.609045 ], [ -122.031711, 37.609046 ], [ -122.031851, 37.609047 ], [ -122.031861, 37.609047 ], [ -122.031948, 37.609046 ], [ -122.032007, 37.609046 ], [ -122.032022, 37.609047 ], [ -122.03204, 37.609048 ], [ -122.032081, 37.60905 ], [ -122.03231, 37.609049 ], [ -122.032338, 37.609049 ], [ -122.032538, 37.609049 ], [ -122.032638, 37.609049 ], [ -122.03275, 37.60905 ], [ -122.032852, 37.609052 ], [ -122.033001, 37.609055 ], [ -122.033098, 37.609056 ], [ -122.033179, 37.609056 ], [ -122.033209, 37.609056 ], [ -122.033249, 37.609056 ], [ -122.033284, 37.609056 ], [ -122.033579, 37.609058 ], [ -122.033694, 37.609057 ], [ -122.033788, 37.609059 ], [ -122.033992, 37.609059 ], [ -122.034005, 37.609059 ], [ -122.034118, 37.60906 ], [ -122.034228, 37.609059 ], [ -122.034286, 37.609058 ], [ -122.034287, 37.609059 ], [ -122.034429, 37.609183 ], [ -122.034528, 37.60927 ], [ -122.034598, 37.609331 ], [ -122.034646, 37.609374 ], [ -122.034762, 37.609475 ], [ -122.034878, 37.609576 ], [ -122.034956, 37.609644 ], [ -122.034994, 37.609678 ], [ -122.03511, 37.60978 ], [ -122.035223, 37.609878 ], [ -122.035309, 37.609954 ], [ -122.035355, 37.609994 ], [ -122.035366, 37.610004 ], [ -122.035467, 37.610092 ], [ -122.035518, 37.610136 ], [ -122.035543, 37.610158 ], [ -122.035587, 37.610196 ], [ -122.035678, 37.610277 ], [ -122.035701, 37.610297 ], [ -122.035796, 37.61038 ], [ -122.035819, 37.6104 ], [ -122.035921, 37.610489 ], [ -122.035931, 37.610498 ], [ -122.035981, 37.610542 ], [ -122.036051, 37.610603 ], [ -122.036179, 37.610716 ], [ -122.036297, 37.610819 ], [ -122.036415, 37.610922 ], [ -122.036529, 37.611021 ], [ -122.036649, 37.611125 ], [ -122.036689, 37.611161 ], [ -122.036763, 37.611225 ], [ -122.036813, 37.611269 ], [ -122.036837, 37.61129 ], [ -122.036847, 37.611298 ], [ -122.036888, 37.611335 ], [ -122.037006, 37.611438 ], [ -122.03712, 37.611537 ], [ -122.037234, 37.611639 ], [ -122.037354, 37.611742 ], [ -122.037468, 37.611842 ], [ -122.037593, 37.611952 ], [ -122.037711, 37.612055 ], [ -122.037825, 37.612155 ], [ -122.037953, 37.612267 ], [ -122.038069, 37.612368 ], [ -122.038198, 37.61248 ], [ -122.038316, 37.612584 ], [ -122.038442, 37.612695 ], [ -122.038558, 37.612796 ], [ -122.038685, 37.612906 ], [ -122.038882, 37.613079 ], [ -122.039209, 37.613364 ], [ -122.039224, 37.613377 ], [ -122.039239, 37.61339 ], [ -122.039286, 37.613431 ], [ -122.039347, 37.613484 ], [ -122.039402, 37.613533 ], [ -122.040352, 37.614363 ], [ -122.040749, 37.614711 ], [ -122.040927, 37.614867 ], [ -122.041798, 37.615644 ], [ -122.041804, 37.615649 ], [ -122.041883, 37.615718 ], [ -122.041888, 37.615723 ], [ -122.041916, 37.615749 ], [ -122.042096, 37.615909 ], [ -122.042492, 37.616256 ], [ -122.042569, 37.616324 ], [ -122.042854, 37.616573 ], [ -122.042869, 37.616587 ], [ -122.04309, 37.616781 ], [ -122.043107, 37.616796 ], [ -122.044641, 37.618144 ], [ -122.044665, 37.618166 ], [ -122.044674, 37.618173 ], [ -122.044884, 37.618358 ], [ -122.045805, 37.619167 ], [ -122.045815, 37.619175 ], [ -122.047138, 37.620339 ], [ -122.047224, 37.620414 ], [ -122.04728, 37.620463 ], [ -122.047525, 37.620679 ], [ -122.047557, 37.620707 ], [ -122.047578, 37.620726 ], [ -122.047802, 37.620922 ], [ -122.048186, 37.621259 ], [ -122.04825, 37.621314 ], [ -122.048338, 37.621391 ], [ -122.048534, 37.621562 ], [ -122.048549, 37.621575 ], [ -122.048788, 37.621784 ], [ -122.048985, 37.621956 ], [ -122.049984, 37.622828 ], [ -122.050012, 37.622853 ], [ -122.050105, 37.622934 ], [ -122.050139, 37.622963 ], [ -122.050378, 37.623172 ], [ -122.050382, 37.623179 ], [ -122.051615, 37.625694 ], [ -122.051656, 37.625764 ], [ -122.051657, 37.625765 ], [ -122.051697, 37.625833 ], [ -122.05172, 37.625815 ], [ -122.051745, 37.625796 ], [ -122.051791, 37.625758 ], [ -122.051866, 37.625697 ], [ -122.051882, 37.625684 ], [ -122.05189, 37.625677 ], [ -122.051895, 37.625672 ], [ -122.051901, 37.625665 ], [ -122.052009, 37.625576 ], [ -122.052492, 37.625196 ], [ -122.052553, 37.625149 ], [ -122.052586, 37.625126 ], [ -122.052597, 37.625118 ], [ -122.052604, 37.625112 ], [ -122.052678, 37.625056 ], [ -122.052707, 37.625034 ], [ -122.052723, 37.625022 ], [ -122.052846, 37.624929 ], [ -122.052855, 37.624922 ], [ -122.052866, 37.624919 ], [ -122.053284, 37.624599 ], [ -122.053315, 37.624575 ], [ -122.053362, 37.624539 ], [ -122.053375, 37.62453 ], [ -122.053384, 37.624524 ], [ -122.053389, 37.62452 ], [ -122.053397, 37.624514 ], [ -122.053406, 37.624507 ], [ -122.053418, 37.624497 ], [ -122.053637, 37.624334 ], [ -122.053762, 37.624234 ], [ -122.053831, 37.624177 ], [ -122.053877, 37.624141 ], [ -122.053894, 37.624128 ], [ -122.05395, 37.624082 ], [ -122.054302, 37.623802 ], [ -122.054324, 37.623785 ], [ -122.054411, 37.623715 ], [ -122.054448, 37.623685 ], [ -122.054462, 37.623674 ], [ -122.054611, 37.623555 ], [ -122.054776, 37.623422 ], [ -122.055112, 37.623154 ], [ -122.055188, 37.623091 ], [ -122.055412, 37.622912 ], [ -122.055874, 37.622541 ], [ -122.055969, 37.622465 ], [ -122.056115, 37.622348 ], [ -122.05631, 37.622191 ], [ -122.056433, 37.622093 ], [ -122.056642, 37.621925 ], [ -122.056698, 37.62188 ], [ -122.056771, 37.621823 ], [ -122.056866, 37.621748 ], [ -122.056908, 37.621715 ], [ -122.056919, 37.621707 ], [ -122.057126, 37.621545 ], [ -122.057172, 37.621507 ], [ -122.057222, 37.621467 ], [ -122.057234, 37.621458 ], [ -122.057421, 37.621308 ], [ -122.057431, 37.621299 ], [ -122.057697, 37.621086 ], [ -122.057862, 37.620955 ], [ -122.057992, 37.620853 ], [ -122.058495, 37.620452 ], [ -122.058753, 37.620247 ], [ -122.058825, 37.620189 ], [ -122.058837, 37.620179 ], [ -122.05879, 37.620142 ], [ -122.058772, 37.620128 ], [ -122.058706, 37.620076 ], [ -122.058706, 37.62007 ], [ -122.058707, 37.620057 ], [ -122.058708, 37.619943 ], [ -122.058709, 37.619923 ], [ -122.058713, 37.61962 ], [ -122.058713, 37.619588 ], [ -122.058715, 37.619375 ], [ -122.058715, 37.61927 ], [ -122.058716, 37.619123 ], [ -122.058719, 37.617812 ], [ -122.058725, 37.616993 ], [ -122.058725, 37.616926 ], [ -122.058725, 37.616913 ], [ -122.058724, 37.616833 ], [ -122.058725, 37.616732 ], [ -122.05873, 37.616083 ], [ -122.058732, 37.615684 ], [ -122.058737, 37.614777 ], [ -122.058739, 37.614535 ], [ -122.058774, 37.614536 ], [ -122.059072, 37.614546 ], [ -122.061192, 37.614617 ], [ -122.061287, 37.61462 ], [ -122.061418, 37.614625 ], [ -122.063213, 37.614682 ], [ -122.063258, 37.614683 ], [ -122.064191, 37.614712 ], [ -122.064543, 37.614723 ], [ -122.064556, 37.614723 ], [ -122.064792, 37.614731 ], [ -122.064869, 37.614744 ], [ -122.065176, 37.614796 ], [ -122.065271, 37.614812 ], [ -122.065348, 37.614825 ], [ -122.06541, 37.614835 ], [ -122.065513, 37.614833 ], [ -122.065527, 37.614833 ], [ -122.06561, 37.614832 ], [ -122.065631, 37.614848 ], [ -122.06565, 37.614863 ], [ -122.065667, 37.614875 ], [ -122.065688, 37.614888 ], [ -122.065714, 37.614902 ], [ -122.065734, 37.614911 ], [ -122.065757, 37.614922 ], [ -122.065765, 37.614925 ], [ -122.065767, 37.614926 ], [ -122.065771, 37.614927 ], [ -122.065785, 37.614932 ], [ -122.065815, 37.614942 ], [ -122.065848, 37.614951 ], [ -122.065878, 37.614957 ], [ -122.06591, 37.614962 ], [ -122.06594, 37.614965 ], [ -122.065963, 37.614967 ], [ -122.06599, 37.614967 ], [ -122.066014, 37.614967 ], [ -122.066021, 37.614967 ], [ -122.066052, 37.614964 ], [ -122.066068, 37.614962 ], [ -122.066088, 37.61496 ], [ -122.066122, 37.614954 ], [ -122.066157, 37.614946 ], [ -122.066179, 37.614939 ], [ -122.06619, 37.614936 ], [ -122.066215, 37.614927 ], [ -122.066239, 37.614917 ], [ -122.066262, 37.614907 ], [ -122.066285, 37.614895 ], [ -122.066313, 37.614878 ], [ -122.066337, 37.614862 ], [ -122.066357, 37.614847 ], [ -122.066466, 37.614754 ], [ -122.066482, 37.614741 ], [ -122.06651, 37.614718 ], [ -122.066513, 37.614715 ], [ -122.066526, 37.614729 ], [ -122.066538, 37.614746 ], [ -122.066548, 37.61476 ], [ -122.066557, 37.614776 ], [ -122.066558, 37.614778 ], [ -122.066567, 37.614796 ], [ -122.066573, 37.614796 ], [ -122.067076, 37.614812 ], [ -122.067614, 37.614829 ], [ -122.068618, 37.614861 ], [ -122.069841, 37.614899 ], [ -122.071537, 37.614955 ], [ -122.071707, 37.614961 ], [ -122.072235, 37.614747 ], [ -122.072445, 37.614662 ], [ -122.072458, 37.614657 ], [ -122.071515, 37.613331 ], [ -122.071527, 37.613331 ], [ -122.071662, 37.613328 ], [ -122.071679, 37.613321 ], [ -122.071719, 37.613376 ], [ -122.071986, 37.613746 ], [ -122.072022, 37.613749 ], [ -122.072033, 37.61375 ], [ -122.072192, 37.61376 ], [ -122.072211, 37.613738 ], [ -122.072283, 37.613652 ], [ -122.072307, 37.613625 ], [ -122.073479, 37.613659 ], [ -122.073757, 37.613667 ], [ -122.074602, 37.613692 ], [ -122.074798, 37.613697 ], [ -122.074834, 37.613698 ], [ -122.07645, 37.613746 ], [ -122.077413, 37.613774 ], [ -122.077449, 37.613775 ], [ -122.077483, 37.613776 ], [ -122.077518, 37.613776 ], [ -122.077553, 37.613776 ], [ -122.077588, 37.613775 ], [ -122.077593, 37.613775 ], [ -122.077623, 37.613774 ], [ -122.077658, 37.613772 ], [ -122.077693, 37.61377 ], [ -122.077707, 37.613769 ], [ -122.077727, 37.613768 ], [ -122.077762, 37.613764 ], [ -122.077797, 37.613761 ], [ -122.077831, 37.613757 ], [ -122.077866, 37.613752 ], [ -122.0779, 37.613747 ], [ -122.077934, 37.613742 ], [ -122.077963, 37.613737 ], [ -122.077968, 37.613736 ], [ -122.077993, 37.613731 ], [ -122.078027, 37.613737 ], [ -122.078056, 37.613731 ], [ -122.078063, 37.61373 ], [ -122.078099, 37.613723 ], [ -122.078134, 37.613715 ], [ -122.078169, 37.613707 ], [ -122.078191, 37.613701 ], [ -122.078203, 37.613698 ], [ -122.078238, 37.613688 ], [ -122.078272, 37.613679 ], [ -122.078306, 37.613668 ], [ -122.078341, 37.613657 ], [ -122.078374, 37.613646 ], [ -122.078407, 37.613635 ], [ -122.078423, 37.613629 ], [ -122.07844, 37.613623 ], [ -122.078473, 37.61361 ], [ -122.078505, 37.613597 ], [ -122.078538, 37.613584 ], [ -122.07857, 37.61357 ], [ -122.078601, 37.613555 ], [ -122.078633, 37.61354 ], [ -122.078647, 37.613533 ], [ -122.078664, 37.613525 ], [ -122.078669, 37.613522 ], [ -122.078681, 37.613516 ], [ -122.078688, 37.613512 ], [ -122.078694, 37.613509 ], [ -122.078725, 37.613493 ], [ -122.078755, 37.613477 ], [ -122.078784, 37.61346 ], [ -122.078813, 37.613442 ], [ -122.078842, 37.613425 ], [ -122.078871, 37.613407 ], [ -122.078895, 37.613391 ], [ -122.078926, 37.613369 ], [ -122.078954, 37.61335 ], [ -122.078969, 37.613339 ], [ -122.078979, 37.613331 ], [ -122.079007, 37.61331 ], [ -122.079018, 37.613301 ], [ -122.079033, 37.61329 ], [ -122.079058, 37.613269 ], [ -122.079083, 37.613248 ], [ -122.079108, 37.613226 ], [ -122.079132, 37.613204 ], [ -122.079148, 37.613189 ], [ -122.079155, 37.613182 ], [ -122.079178, 37.61316 ], [ -122.079191, 37.613147 ], [ -122.079201, 37.613137 ], [ -122.079212, 37.613125 ], [ -122.079223, 37.613114 ], [ -122.079245, 37.613091 ], [ -122.07927, 37.613061 ], [ -122.079275, 37.613056 ], [ -122.079285, 37.613045 ], [ -122.079768, 37.612474 ], [ -122.079815, 37.612419 ], [ -122.079821, 37.612412 ], [ -122.079863, 37.612364 ], [ -122.079912, 37.612311 ], [ -122.079963, 37.612258 ], [ -122.079976, 37.612245 ], [ -122.080014, 37.612206 ], [ -122.080044, 37.612176 ], [ -122.080067, 37.612154 ], [ -122.080121, 37.612103 ], [ -122.080176, 37.612053 ], [ -122.080205, 37.612027 ], [ -122.080223, 37.612011 ], [ -122.080231, 37.612005 ], [ -122.080232, 37.612004 ], [ -122.08029, 37.611956 ], [ -122.080348, 37.611908 ], [ -122.080407, 37.611861 ], [ -122.080467, 37.611815 ], [ -122.080529, 37.61177 ], [ -122.080591, 37.611726 ], [ -122.080623, 37.611704 ], [ -122.080654, 37.611682 ], [ -122.080719, 37.61164 ], [ -122.080784, 37.611598 ], [ -122.08085, 37.611557 ], [ -122.080917, 37.611518 ], [ -122.080984, 37.611479 ], [ -122.081053, 37.611441 ], [ -122.081088, 37.611422 ], [ -122.081122, 37.611404 ], [ -122.081193, 37.611368 ], [ -122.081264, 37.611333 ], [ -122.0813, 37.611316 ], [ -122.081335, 37.611299 ], [ -122.081363, 37.611287 ], [ -122.081408, 37.611266 ], [ -122.081481, 37.611234 ], [ -122.081555, 37.611203 ], [ -122.08163, 37.611173 ], [ -122.081734, 37.611133 ], [ -122.082277, 37.610931 ], [ -122.082593, 37.610813 ], [ -122.082925, 37.610689 ], [ -122.083196, 37.610588 ], [ -122.083462, 37.610489 ], [ -122.083819, 37.610356 ], [ -122.083874, 37.610335 ], [ -122.08398, 37.610282 ], [ -122.08398, 37.610281 ], [ -122.084033, 37.610255 ], [ -122.084115, 37.610215 ], [ -122.084119, 37.610213 ], [ -122.084152, 37.610197 ], [ -122.084176, 37.610182 ], [ -122.084187, 37.610175 ], [ -122.084223, 37.610153 ], [ -122.084221, 37.610158 ], [ -122.084213, 37.610174 ], [ -122.084226, 37.610196 ], [ -122.084238, 37.610177 ], [ -122.08425, 37.610159 ], [ -122.08426, 37.610143 ], [ -122.085063, 37.609837 ], [ -122.08604, 37.609464 ], [ -122.086043, 37.609464 ], [ -122.088761, 37.60946 ], [ -122.088372, 37.609139 ], [ -122.087646, 37.608542 ], [ -122.087619, 37.608518 ], [ -122.087614, 37.608514 ], [ -122.087605, 37.608506 ], [ -122.087692, 37.608443 ], [ -122.087701, 37.608437 ], [ -122.087718, 37.608424 ], [ -122.087783, 37.608377 ], [ -122.087805, 37.608361 ], [ -122.087678, 37.608254 ], [ -122.087521, 37.608124 ], [ -122.087512, 37.608117 ], [ -122.087358, 37.607985 ], [ -122.087181, 37.607835 ], [ -122.087436, 37.607639 ], [ -122.087479, 37.607606 ], [ -122.087521, 37.607573 ], [ -122.087562, 37.607539 ], [ -122.087603, 37.607504 ], [ -122.087622, 37.607488 ], [ -122.087643, 37.607469 ], [ -122.087682, 37.607433 ], [ -122.08772, 37.607397 ], [ -122.087758, 37.60736 ], [ -122.087795, 37.607323 ], [ -122.087831, 37.607285 ], [ -122.087866, 37.607247 ], [ -122.0879, 37.607208 ], [ -122.087933, 37.607169 ], [ -122.087947, 37.607152 ], [ -122.087966, 37.607129 ], [ -122.087982, 37.607109 ], [ -122.087998, 37.607089 ], [ -122.088028, 37.607049 ], [ -122.088058, 37.607008 ], [ -122.088087, 37.606966 ], [ -122.088115, 37.606924 ], [ -122.088142, 37.606882 ], [ -122.088169, 37.60684 ], [ -122.088194, 37.606797 ], [ -122.088218, 37.606754 ], [ -122.088242, 37.60671 ], [ -122.088263, 37.606668 ], [ -122.088598, 37.605941 ], [ -122.088705, 37.605709 ], [ -122.08872, 37.605678 ], [ -122.088721, 37.605676 ], [ -122.088726, 37.605664 ], [ -122.088767, 37.605576 ], [ -122.088841, 37.605415 ], [ -122.088847, 37.605401 ], [ -122.088889, 37.605307 ], [ -122.088901, 37.60528 ], [ -122.088996, 37.605078 ], [ -122.089217, 37.604605 ], [ -122.08924, 37.604557 ], [ -122.089392, 37.604232 ], [ -122.089575, 37.603842 ], [ -122.089654, 37.603672 ], [ -122.089756, 37.603454 ], [ -122.089819, 37.60332 ], [ -122.08984, 37.603276 ], [ -122.09003, 37.602871 ], [ -122.090039, 37.602853 ], [ -122.090043, 37.602844 ], [ -122.09012, 37.602681 ], [ -122.09028, 37.602339 ], [ -122.090432, 37.602014 ], [ -122.090623, 37.601608 ], [ -122.090685, 37.601476 ], [ -122.090741, 37.601343 ], [ -122.090772, 37.601262 ], [ -122.090801, 37.601181 ], [ -122.090829, 37.6011 ], [ -122.090855, 37.601018 ], [ -122.090879, 37.600936 ], [ -122.09089, 37.600895 ], [ -122.090901, 37.600854 ], [ -122.090922, 37.600771 ], [ -122.09094, 37.600688 ], [ -122.090957, 37.600605 ], [ -122.090972, 37.600522 ], [ -122.090985, 37.600438 ], [ -122.090997, 37.600354 ], [ -122.091006, 37.60027 ], [ -122.091014, 37.600186 ], [ -122.09102, 37.600102 ], [ -122.091024, 37.600023 ], [ -122.091038, 37.600021 ], [ -122.091287, 37.599997 ], [ -122.091281, 37.599615 ], [ -122.091276, 37.599317 ], [ -122.091218, 37.59606 ], [ -122.091205, 37.59606 ], [ -122.091135, 37.596063 ], [ -122.091033, 37.596062 ], [ -122.090989, 37.596061 ], [ -122.090923, 37.596062 ], [ -122.090923, 37.596057 ], [ -122.090902, 37.595544 ], [ -122.090895, 37.595365 ], [ -122.090895, 37.595291 ], [ -122.090896, 37.595245 ], [ -122.090898, 37.595199 ], [ -122.090899, 37.59518 ], [ -122.090901, 37.595154 ], [ -122.090905, 37.595108 ], [ -122.09091, 37.595062 ], [ -122.090916, 37.595017 ], [ -122.090924, 37.594972 ], [ -122.090932, 37.594926 ], [ -122.090941, 37.594881 ], [ -122.090951, 37.594836 ], [ -122.090962, 37.594792 ], [ -122.090974, 37.594746 ], [ -122.090987, 37.594702 ], [ -122.091001, 37.594657 ], [ -122.091004, 37.594649 ], [ -122.091016, 37.594613 ], [ -122.091028, 37.594585 ], [ -122.091046, 37.594544 ], [ -122.091064, 37.594504 ], [ -122.091083, 37.594465 ], [ -122.091103, 37.594425 ], [ -122.091124, 37.594386 ], [ -122.091146, 37.594347 ], [ -122.091155, 37.594332 ], [ -122.091171, 37.594304 ], [ -122.091193, 37.59427 ], [ -122.091217, 37.594232 ], [ -122.091242, 37.594195 ], [ -122.091268, 37.594158 ], [ -122.091295, 37.594121 ], [ -122.091317, 37.594091 ], [ -122.091322, 37.594084 ], [ -122.09135, 37.594048 ], [ -122.091378, 37.594012 ], [ -122.091394, 37.593992 ], [ -122.091407, 37.593976 ], [ -122.091436, 37.59394 ], [ -122.091467, 37.593905 ], [ -122.091498, 37.593871 ], [ -122.09153, 37.593837 ], [ -122.091563, 37.593803 ], [ -122.091596, 37.59377 ], [ -122.09163, 37.593737 ], [ -122.091671, 37.5937 ], [ -122.091651, 37.593664 ], [ -122.091738, 37.5936 ], [ -122.091883, 37.593528 ], [ -122.091866, 37.593316 ], [ -122.091852, 37.593316 ], [ -122.091612, 37.593318 ], [ -122.091545, 37.593318 ], [ -122.091546, 37.593313 ], [ -122.091604, 37.59276 ], [ -122.091606, 37.592741 ], [ -122.09162, 37.59261 ], [ -122.091638, 37.592608 ], [ -122.091967, 37.592567 ], [ -122.091986, 37.592565 ], [ -122.092041, 37.592558 ], [ -122.09204, 37.592497 ], [ -122.092032, 37.592109 ], [ -122.092024, 37.591745 ], [ -122.092021, 37.591629 ], [ -122.09202, 37.59162 ], [ -122.092007, 37.59162 ], [ -122.09154, 37.591626 ], [ -122.09154, 37.591621 ], [ -122.091548, 37.591099 ], [ -122.091578, 37.589348 ], [ -122.091585, 37.588943 ], [ -122.091591, 37.588624 ], [ -122.091606, 37.587727 ], [ -122.091609, 37.587555 ], [ -122.091652, 37.585108 ], [ -122.091653, 37.585042 ], [ -122.091866, 37.584903 ], [ -122.091962, 37.584877 ], [ -122.094396, 37.583911 ], [ -122.094916, 37.583705 ], [ -122.095389, 37.583517 ], [ -122.095893, 37.583317 ], [ -122.0963, 37.583156 ], [ -122.096532, 37.583064 ], [ -122.096753, 37.582977 ], [ -122.096665, 37.582834 ], [ -122.096566, 37.582671 ], [ -122.096063, 37.581849 ], [ -122.095602, 37.581094 ], [ -122.095556, 37.581019 ], [ -122.095355, 37.58069 ], [ -122.094902, 37.579949 ], [ -122.094857, 37.579875 ], [ -122.094777, 37.579745 ], [ -122.094699, 37.579617 ], [ -122.09459, 37.57944 ], [ -122.094582, 37.579427 ], [ -122.093156, 37.579616 ], [ -122.093067, 37.579627 ], [ -122.092981, 37.579639 ], [ -122.092968, 37.57964 ], [ -122.092227, 37.579671 ], [ -122.092169, 37.579674 ], [ -122.092007, 37.579676 ], [ -122.091576, 37.579683 ], [ -122.091576, 37.579678 ], [ -122.091574, 37.579528 ], [ -122.091592, 37.579527 ], [ -122.091578, 37.579323 ], [ -122.091576, 37.579297 ], [ -122.091568, 37.579178 ], [ -122.091523, 37.579158 ], [ -122.091143, 37.57899 ], [ -122.091102, 37.578972 ], [ -122.090396, 37.57866 ], [ -122.090348, 37.578639 ], [ -122.090009, 37.578489 ], [ -122.090006, 37.578489 ], [ -122.088536, 37.578481 ], [ -122.087287, 37.578474 ], [ -122.087131, 37.578446 ], [ -122.086831, 37.57839 ], [ -122.086806, 37.578386 ], [ -122.086806, 37.578385 ], [ -122.08646, 37.57771 ], [ -122.086428, 37.576694 ], [ -122.086409, 37.576082 ], [ -122.086404, 37.575925 ], [ -122.086379, 37.575124 ], [ -122.086378, 37.575124 ], [ -122.086312, 37.575085 ], [ -122.086117, 37.57497 ], [ -122.085995, 37.574476 ], [ -122.085924, 37.574185 ], [ -122.085921, 37.574175 ], [ -122.085918, 37.574162 ], [ -122.085916, 37.574152 ], [ -122.085914, 37.574152 ], [ -122.085904, 37.574155 ], [ -122.085901, 37.574156 ], [ -122.085891, 37.574161 ], [ -122.08589, 37.574161 ], [ -122.085685, 37.574246 ], [ -122.085582, 37.574289 ], [ -122.08549, 37.574327 ], [ -122.085218, 37.574439 ], [ -122.084808, 37.574609 ], [ -122.084781, 37.57462 ], [ -122.083142, 37.575299 ], [ -122.083137, 37.57529 ], [ -122.083137, 37.575289 ], [ -122.083129, 37.575272 ], [ -122.083088, 37.575188 ], [ -122.083068, 37.575148 ], [ -122.083067, 37.575147 ], [ -122.083062, 37.575135 ], [ -122.08297, 37.57495 ], [ -122.082886, 37.574778 ], [ -122.082811, 37.574627 ], [ -122.08281, 37.574625 ], [ -122.082794, 37.574592 ], [ -122.082785, 37.574574 ], [ -122.083223, 37.57438 ], [ -122.083248, 37.574369 ], [ -122.084515, 37.573809 ], [ -122.084527, 37.573803 ], [ -122.084632, 37.573756 ], [ -122.084658, 37.573745 ], [ -122.084715, 37.573719 ], [ -122.084807, 37.573678 ], [ -122.084808, 37.573678 ], [ -122.085549, 37.573349 ], [ -122.08555, 37.573349 ], [ -122.085646, 37.57327 ], [ -122.085726, 37.573205 ], [ -122.085313, 37.572437 ], [ -122.083895, 37.569793 ], [ -122.083872, 37.569644 ], [ -122.083858, 37.569547 ], [ -122.083894, 37.569353 ], [ -122.084027, 37.568856 ], [ -122.084144, 37.56842 ], [ -122.08415, 37.568399 ], [ -122.08417, 37.568357 ], [ -122.084213, 37.568269 ], [ -122.084222, 37.568252 ], [ -122.084244, 37.568207 ], [ -122.084269, 37.568157 ], [ -122.084284, 37.568127 ], [ -122.084307, 37.568079 ], [ -122.08432, 37.568052 ], [ -122.084326, 37.568039 ], [ -122.084334, 37.568025 ], [ -122.084336, 37.56802 ], [ -122.084334, 37.568021 ], [ -122.084295, 37.568042 ], [ -122.084225, 37.56808 ], [ -122.084122, 37.568135 ], [ -122.084096, 37.56815 ], [ -122.084038, 37.568181 ], [ -122.083921, 37.568244 ], [ -122.083875, 37.568269 ], [ -122.083781, 37.56832 ], [ -122.08375, 37.568336 ], [ -122.083677, 37.568376 ], [ -122.083669, 37.568374 ], [ -122.083661, 37.568372 ], [ -122.083272, 37.568278 ], [ -122.082924, 37.568193 ], [ -122.082654, 37.568306 ], [ -122.08247, 37.568383 ], [ -122.082462, 37.568386 ], [ -122.082341, 37.568558 ], [ -122.08228, 37.5685 ], [ -122.082257, 37.568476 ], [ -122.082133, 37.568354 ], [ -122.08217, 37.568297 ], [ -122.082186, 37.568272 ], [ -122.082228, 37.568213 ], [ -122.082232, 37.568207 ], [ -122.082749, 37.567972 ], [ -122.082757, 37.567968 ], [ -122.082809, 37.567981 ], [ -122.082819, 37.567983 ], [ -122.082844, 37.567989 ], [ -122.082883, 37.567999 ], [ -122.082991, 37.568025 ] ] ] } }
]
}
