{
"type": "FeatureCollection",
"name": "sanjose_east",
"crs": { "type": "name", "properties": { "name": "urn:ogc:def:crs:OGC:1.3:CRS84" } },
"features": [
{ "type": "Feature", "properties": { }, "geometry": { "type": "MultiPolygon", "coordinates": [ [ [ [ -121.81154244227325, 37.217546973940415 ], [ -121.811554060929595, 37.217549940286482 ], [ -121.812555059938902, 37.218919940278248 ], [ -121.81253540778296, 37.21923635364211 ], [ -121.812535060745716, 37.219241941182744 ], [ -121.813339760355319, 37.219203148150598 ], [ -121.813344060134412, 37.219202940866452 ], [ -121.814779793514688, 37.220046669960936 ], [ -121.814787061704536, 37.220050941215838 ], [ -121.815829152128558, 37.220171448247399 ], [ -121.815842061140515, 37.22017294104176 ], [ -121.815845061513542, 37.220240940870859 ], [ -121.815849061711546, 37.22046494092622 ], [ -121.815853061011168, 37.220704941013786 ], [ -121.815860042864799, 37.221022091058941 ], [ -121.8158600615822, 37.221022941294869 ], [ -121.817419062604912, 37.221511941027629 ], [ -121.818196062206553, 37.221768940431083 ], [ -121.819052061450904, 37.221755940763416 ], [ -121.819569061659863, 37.221499940633308 ], [ -121.819799682355196, 37.221508661850578 ], [ -121.819807062209563, 37.221508940929233 ], [ -121.820787062200765, 37.222312940143063 ], [ -121.820806063365666, 37.222677940911446 ], [ -121.820504062343559, 37.222677940196107 ], [ -121.820510015908042, 37.223302088443312 ], [ -121.820510062191332, 37.223306940601191 ], [ -121.821380208970595, 37.223312853316884 ], [ -121.821393062098181, 37.223312940654893 ], [ -121.821601547201453, 37.228154955957073 ], [ -121.821602063233854, 37.228166940682648 ], [ -121.821659063135257, 37.228134941020038 ], [ -121.821727062907343, 37.228097940901399 ], [ -121.821892062763766, 37.228058940872735 ], [ -121.822121624183652, 37.228138001891068 ], [ -121.822133062788183, 37.228141941349719 ], [ -121.822915823498377, 37.228624793249395 ], [ -121.822916063135921, 37.228624941071637 ], [ -121.823122063898566, 37.228701941301154 ], [ -121.823165063556289, 37.228703941176029 ], [ -121.823282063732137, 37.228708940862973 ], [ -121.823472062804626, 37.228718940951076 ], [ -121.823632063536508, 37.228683940279183 ], [ -121.823727063072752, 37.228663941522854 ], [ -121.823745063514409, 37.228652940774055 ], [ -121.824185063730468, 37.228382941268926 ], [ -121.824249063304578, 37.228344941329823 ], [ -121.824503063747784, 37.228278940825454 ], [ -121.824689063520637, 37.22816394013369 ], [ -121.824716063284797, 37.228113940742283 ], [ -121.824829063262698, 37.228064940548371 ], [ -121.824881063141248, 37.228042941020234 ], [ -121.82499106364439, 37.228009940643084 ], [ -121.825104295117313, 37.228030029554859 ], [ -121.825115064391269, 37.228031940180841 ], [ -121.825190063836033, 37.228130940524757 ], [ -121.825286063197197, 37.228415940767569 ], [ -121.8253430630986, 37.228488941449491 ], [ -121.825416815946454, 37.228580632994728 ], [ -121.82541706361674, 37.228580940905161 ], [ -121.825630064052092, 37.228657941179655 ], [ -121.825802064479532, 37.228674940839497 ], [ -121.82608406361355, 37.22867694071504 ], [ -121.82650206408826, 37.228336941076734 ], [ -121.826753063260128, 37.228136940909906 ], [ -121.826946064502295, 37.228073940776135 ], [ -121.827049063536123, 37.228011940536312 ], [ -121.82716706443523, 37.227885940722516 ], [ -121.827400064063752, 37.227837941044569 ], [ -121.827951063709548, 37.22773794036577 ], [ -121.827988063519484, 37.22744594074323 ], [ -121.828059063664583, 37.227193940444153 ], [ -121.82800706378606, 37.226972940226759 ], [ -121.827863063846024, 37.226838940410701 ], [ -121.827633064590557, 37.226657940606685 ], [ -121.827541063630733, 37.226495940453212 ], [ -121.827363064253802, 37.226321940324631 ], [ -121.827297064131585, 37.226184940869935 ], [ -121.827308063103899, 37.226010940023734 ], [ -121.827354063134663, 37.22587194076943 ], [ -121.827430063302643, 37.225838940872826 ], [ -121.827533064133135, 37.225838940872826 ], [ -121.827780063107014, 37.225904939936299 ], [ -121.828048063793929, 37.22594894023365 ], [ -121.828206063977674, 37.225937939804091 ], [ -121.828340063871977, 37.225898940804164 ], [ -121.82841206474032, 37.225877940619014 ], [ -121.828502064253698, 37.225877939903775 ], [ -121.828621969834728, 37.225902843458776 ], [ -121.828632063950025, 37.225904939936299 ], [ -121.828679063805694, 37.225949940207578 ], [ -121.828676064330949, 37.226014939916169 ], [ -121.82876106382146, 37.226158940193457 ], [ -121.828927760152638, 37.226369557197373 ], [ -121.828928063327737, 37.226369940252184 ], [ -121.82912406404462, 37.226439940151444 ], [ -121.829323064236263, 37.226406940503381 ], [ -121.829493063217242, 37.226317940448475 ], [ -121.829640063530334, 37.226225940377802 ], [ -121.829746304889639, 37.226183781574306 ], [ -121.82976606482535, 37.226175940416667 ], [ -121.829733064315079, 37.226238939990317 ], [ -121.830158064462509, 37.226937940175027 ], [ -121.830358182736362, 37.227014980484469 ], [ -121.830371064897832, 37.22701993978022 ], [ -121.830783064626502, 37.226975940107806 ], [ -121.831182063936339, 37.226860939574792 ], [ -121.83144306405228, 37.226728940917504 ], [ -121.83158006431961, 37.226519940365456 ], [ -121.831656063589278, 37.226200939686109 ], [ -121.831704065066489, 37.226140939995034 ], [ -121.831800064427625, 37.226102940356739 ], [ -121.832090063957537, 37.226134940166375 ], [ -121.832136063988301, 37.226140939995034 ], [ -121.832199674775879, 37.226164375420758 ], [ -121.83221206415628, 37.226168939904476 ], [ -121.832481361120742, 37.226318766668982 ], [ -121.832487065414199, 37.226321940324631 ], [ -121.832751804877219, 37.226385477300312 ], [ -121.83276206487551, 37.226387939680698 ], [ -121.832899064244543, 37.226508940019187 ], [ -121.833129798592964, 37.226654874253938 ], [ -121.833133064596282, 37.226656939926855 ], [ -121.833208064939328, 37.226678939859333 ], [ -121.833566065139649, 37.22671793988642 ], [ -121.833779064676634, 37.226722939705041 ], [ -121.833813065011853, 37.226689940180812 ], [ -121.834047065363578, 37.22663493998796 ], [ -121.834122064808327, 37.226563940303926 ], [ -121.834162064991304, 37.226563939588637 ], [ -121.834596064461252, 37.226568940132758 ], [ -121.835091064928889, 37.226645939600559 ], [ -121.835346305825524, 37.226734512000043 ], [ -121.835359065615805, 37.226738939837652 ], [ -121.835448065304291, 37.226887939255427 ], [ -121.83542806431447, 37.226997939947218 ], [ -121.835256065683637, 37.227167940115613 ], [ -121.835167065096869, 37.227233940161852 ], [ -121.834981064425719, 37.22751994017154 ], [ -121.834892065635586, 37.227749939767541 ], [ -121.834906064980956, 37.227909940192333 ], [ -121.835016065484155, 37.2280749400066 ], [ -121.835176185627788, 37.228193803187473 ], [ -121.835179064792456, 37.228195940499262 ], [ -121.835655064993517, 37.22832694022263 ], [ -121.835847065512425, 37.228315939424725 ], [ -121.836177065225343, 37.228227940136037 ], [ -121.836444992252993, 37.228233785479823 ], [ -121.836452065584936, 37.228233939798173 ], [ -121.836596065524972, 37.22834893966791 ], [ -121.836769065777332, 37.228557940157685 ], [ -121.836988065162132, 37.228820940200769 ], [ -121.837097064942085, 37.228913939901261 ], [ -121.837167065262278, 37.228974940180876 ], [ -121.837361227863212, 37.229053170968292 ], [ -121.837373065126613, 37.229057940364832 ], [ -121.837531065310358, 37.229079939596843 ], [ -121.838005065861609, 37.228941940211591 ], [ -121.838137026925097, 37.2289822609685 ], [ -121.838149065801645, 37.228985939452151 ], [ -121.838364065886793, 37.229249939363108 ], [ -121.838507066001924, 37.229425940459208 ], [ -121.838719179653651, 37.229558992745588 ], [ -121.838727066109954, 37.229563939673959 ], [ -121.83944106596239, 37.229562939747908 ], [ -121.840161065662627, 37.229566939451942 ], [ -121.840756065689391, 37.225377939354871 ], [ -121.840757476879489, 37.225367778830346 ], [ -121.840791065849473, 37.225125939298188 ], [ -121.841590066090703, 37.224685939667054 ], [ -121.841815679759236, 37.224561945011196 ], [ -121.841832065940068, 37.224552939356236 ], [ -121.841827065917172, 37.224573939194975 ], [ -121.841807065825691, 37.224721940038926 ], [ -121.841802065802824, 37.224769939554292 ], [ -121.841794065406901, 37.224863939232016 ], [ -121.841801065079594, 37.224958939494961 ], [ -121.841808065650625, 37.224987939114691 ], [ -121.841817065871439, 37.225022939356187 ], [ -121.841827065917172, 37.225061939524373 ], [ -121.841857066054416, 37.225125939298188 ], [ -121.841873065947937, 37.225159938775938 ], [ -121.841933065324071, 37.225247938783596 ], [ -121.841962065636395, 37.225278938973211 ], [ -121.842006065119023, 37.22532593958244 ], [ -121.842060066444006, 37.225369939502258 ], [ -121.842312066339105, 37.225557939390718 ], [ -121.842432065989684, 37.225647939605189 ], [ -121.84272006586977, 37.225862938848245 ], [ -121.842809066456539, 37.225929939295575 ], [ -121.843582065860218, 37.226501938822615 ], [ -121.843642067032988, 37.226541939622606 ], [ -121.843777065853899, 37.226615939222718 ], [ -121.843901125504303, 37.226667630842279 ], [ -121.843909066098348, 37.226670939429439 ], [ -121.84404106724115, 37.226712939352183 ], [ -121.844185066282876, 37.226744939618264 ], [ -121.84434206664173, 37.226764939598816 ], [ -121.844411066238706, 37.226766939525071 ], [ -121.845131066837226, 37.226792939276571 ], [ -121.845361066092693, 37.226824939508717 ], [ -121.845470066770943, 37.226849939278246 ], [ -121.845662066391583, 37.226906938521545 ], [ -121.845729674258379, 37.22693120870435 ], [ -121.84574006710767, 37.226934939577163 ], [ -121.84591706665968, 37.227014939266056 ], [ -121.845948066621844, 37.227026938782878 ], [ -121.845969066538231, 37.227113939514574 ], [ -121.845984066606846, 37.227173939146795 ], [ -121.846665066847322, 37.227533938798636 ], [ -121.847001067306294, 37.227718939163168 ], [ -121.847910068050723, 37.228074939291375 ], [ -121.848236973436499, 37.228200894371831 ], [ -121.848237739374298, 37.228201189483997 ], [ -121.848250066911035, 37.2282059392249 ], [ -121.849206067511105, 37.228450939418089 ], [ -121.849607433246078, 37.228526316844686 ], [ -121.849616067589949, 37.22852793839472 ], [ -121.84989006722634, 37.228732939355638 ], [ -121.848122067762844, 37.229475938980677 ], [ -121.847999066840885, 37.22955193913031 ], [ -121.847996897399653, 37.229553913758089 ], [ -121.84709706756577, 37.23037293985351 ], [ -121.846423066997986, 37.231643940202126 ], [ -121.846179067498838, 37.231643939486929 ], [ -121.845935067999676, 37.231643939486929 ], [ -121.845825066598195, 37.23165493979932 ], [ -121.845447067204731, 37.231665939394894 ], [ -121.845434712016555, 37.231660979279937 ], [ -121.845310066937401, 37.231610939255233 ], [ -121.845309924918141, 37.23161118883575 ], [ -121.844869272520725, 37.232385578505216 ], [ -121.844869066896393, 37.232385939863427 ], [ -121.844862596446688, 37.23238327551843 ], [ -121.844856203171915, 37.232380642951846 ], [ -121.844767067687471, 37.232343939524291 ], [ -121.844767054659442, 37.232344375448001 ], [ -121.844754067268681, 37.232778939399871 ], [ -121.844798066751309, 37.234426940189323 ], [ -121.844806068045543, 37.23575594040723 ], [ -121.844868748480806, 37.23662550993923 ], [ -121.844869067794733, 37.236629939800935 ], [ -121.844868067969813, 37.236718939842525 ], [ -121.844847068053426, 37.237262939701324 ], [ -121.844786045443428, 37.237407622944247 ], [ -121.844785068129156, 37.237409940134526 ], [ -121.844756067816803, 37.237582940603104 ], [ -121.844776067908313, 37.237769940262048 ], [ -121.844776067908313, 37.237939939744514 ], [ -121.844811068068395, 37.238099940000978 ], [ -121.844817067916182, 37.238520940832373 ], [ -121.844825068312105, 37.23898394026682 ], [ -121.8447970678247, 37.23921494044891 ], [ -121.844832067984811, 37.239730940304923 ], [ -121.844832067984811, 37.240428940781491 ], [ -121.844626067222165, 37.24075294094137 ], [ -121.844557067625217, 37.240912940948022 ], [ -121.844448067845263, 37.241049940817945 ], [ -121.844358067433575, 37.241247940085486 ], [ -121.844105068611896, 37.241675940286108 ], [ -121.843768068328004, 37.242247941217499 ], [ -121.843665068395836, 37.242384940806218 ], [ -121.843596067900563, 37.242511940458307 ], [ -121.843525228670771, 37.242631668942622 ], [ -121.843525067755422, 37.242631940912695 ], [ -121.843452068858824, 37.242753941393353 ], [ -121.843294068675064, 37.24304494062293 ], [ -121.842677068008712, 37.244082940688273 ], [ -121.842504067756323, 37.244374940951985 ], [ -121.842476068167244, 37.244440941667918 ], [ -121.842456068075776, 37.244456940185842 ], [ -121.842366068562399, 37.244637940882363 ], [ -121.842174068043462, 37.244973941062312 ], [ -121.842099068598699, 37.245236940332532 ], [ -121.842106068271406, 37.245451940924767 ], [ -121.842037067776104, 37.245604941544713 ], [ -121.842016067859689, 37.245846941129209 ], [ -121.841969068004047, 37.246808941378561 ], [ -121.841969068902372, 37.247000940934932 ], [ -121.841921068323472, 37.247187941541036 ], [ -121.841934068742233, 37.247423941482936 ], [ -121.841886069061673, 37.248297941448122 ], [ -121.841852067828171, 37.248516941301745 ], [ -121.841852067828171, 37.248868941074704 ], [ -121.841844069228884, 37.248952941906978 ], [ -121.841804069045907, 37.249374941130036 ], [ -121.841811068718599, 37.249659941864174 ], [ -121.841839069206017, 37.249747941162958 ], [ -121.841859069297513, 37.249948941573059 ], [ -121.841825068962308, 37.250221941452722 ], [ -121.841825068962308, 37.250474941652477 ], [ -121.841811068718599, 37.25057994115528 ], [ -121.841821569656346, 37.250616695535356 ], [ -121.841823068414172, 37.250621941344463 ], [ -121.84186106894731, 37.250620941697768 ], [ -121.841976068575022, 37.250619941336012 ], [ -121.842015068933108, 37.250619941336012 ], [ -121.842127068187779, 37.250618940974178 ], [ -121.84246306954509, 37.250615941318841 ], [ -121.842562983887774, 37.250615048897771 ], [ -121.842575068799761, 37.250614940957014 ], [ -121.842936068474785, 37.250610940939637 ], [ -121.844021068946304, 37.250599941248275 ], [ -121.844369761092835, 37.250597051180073 ], [ -121.844383069344545, 37.250596940877173 ], [ -121.8445570685235, 37.250593941220963 ], [ -121.84471606943049, 37.250591941926778 ], [ -121.84507906965365, 37.250583941174305 ], [ -121.845240598310468, 37.250581171752671 ], [ -121.845254068657525, 37.2505809408025 ], [ -121.84539606894775, 37.2505809408025 ], [ -121.845824069468222, 37.250580941517583 ], [ -121.845967069583338, 37.250580941517583 ], [ -121.846126069592017, 37.250580941517583 ], [ -121.846196069912224, 37.2505809408025 ], [ -121.84660506926781, 37.250577941145714 ], [ -121.846751895609586, 37.250577941145714 ], [ -121.846765069999691, 37.250577941145714 ], [ -121.847286069508286, 37.25057194111659 ], [ -121.848240069560248, 37.250562940714538 ], [ -121.848704070065722, 37.250561941067019 ], [ -121.848850069655612, 37.250559941056977 ], [ -121.848927070546821, 37.250558941409473 ], [ -121.849371070062517, 37.250526940525596 ], [ -121.849401070199747, 37.250524941229692 ], [ -121.849491070611421, 37.250517940833234 ], [ -121.84952206967526, 37.250516940470106 ], [ -121.84965100624845, 37.250507861045932 ], [ -121.849664069965456, 37.250506941128293 ], [ -121.849666069615296, 37.252382940719258 ], [ -121.849550070162664, 37.252593941031506 ], [ -121.849068070113802, 37.253748940792597 ], [ -121.848734895708546, 37.254565465490892 ], [ -121.848733069479735, 37.25456994110759 ], [ -121.848548777564972, 37.255088139410994 ], [ -121.848547069706896, 37.255092941624667 ], [ -121.848476036184351, 37.255262256480748 ], [ -121.848474070810283, 37.255266941128454 ], [ -121.84844817948499, 37.255387764850994 ], [ -121.848447070147785, 37.255392941652445 ], [ -121.848249300206248, 37.256019046356549 ], [ -121.848248069956171, 37.256022941110999 ], [ -121.847228070680302, 37.258492941336002 ], [ -121.846429071337354, 37.260416941952897 ], [ -121.846426618218302, 37.260424262329515 ], [ -121.846240070293149, 37.260980941821899 ], [ -121.846238253680127, 37.260988065654509 ], [ -121.845514070745125, 37.26382794290776 ], [ -121.845633071469138, 37.26402094217265 ], [ -121.84571916222589, 37.264189298318009 ], [ -121.845723070982515, 37.264196942149049 ], [ -121.845894070686754, 37.264531942149638 ], [ -121.845987022940079, 37.264712097716725 ], [ -121.845991070771134, 37.264719943027323 ], [ -121.846400071923355, 37.265525942132484 ], [ -121.846406070872817, 37.265537941952907 ], [ -121.846584399704497, 37.265864058098906 ], [ -121.846587070622789, 37.265868942500219 ], [ -121.846673071734813, 37.266044943162093 ], [ -121.846856072032935, 37.266416942005087 ], [ -121.846936071500551, 37.26657394211459 ], [ -121.847026071013914, 37.266749943273425 ], [ -121.84709207113616, 37.266880942475638 ], [ -121.847200071091194, 37.267095942069489 ], [ -121.847291072226099, 37.267275941855871 ], [ -121.847358072173265, 37.267407943141514 ], [ -121.847423071572265, 37.267533942658041 ], [ -121.847618071565932, 37.267912942934387 ], [ -121.847678994644951, 37.268030173044551 ], [ -121.847684071688178, 37.268039942451246 ], [ -121.847753071285155, 37.268177942454628 ], [ -121.847962071522517, 37.268593942623255 ], [ -121.848032071842709, 37.26873294244745 ], [ -121.848100071614795, 37.268864942608658 ], [ -121.848304071829276, 37.269263942046564 ], [ -121.848373071426252, 37.269396942819093 ], [ -121.848440071373417, 37.269528942531146 ], [ -121.848641072113168, 37.269927942739642 ], [ -121.848708071162022, 37.270060943054148 ], [ -121.848775071109173, 37.270193942418842 ], [ -121.848977072572168, 37.270592942677716 ], [ -121.849041035726103, 37.270718988091296 ], [ -121.849045072344225, 37.270726942627128 ], [ -121.849112071393066, 37.270858942867015 ], [ -121.849314072856032, 37.271255942285748 ], [ -121.849382071729806, 37.271388943113827 ], [ -121.84945607134965, 37.271533942571807 ], [ -121.849599072363105, 37.271812943341445 ], [ -121.849677073079221, 37.271972942442638 ], [ -121.849733073155704, 37.272127942252943 ], [ -121.849770072067301, 37.272264943267714 ], [ -121.849778072463252, 37.272318942258245 ], [ -121.849793072531838, 37.272413942757844 ], [ -121.849797071831489, 37.272553943463691 ], [ -121.849801072029464, 37.272906942499759 ], [ -121.849804072402492, 37.273103942337769 ], [ -121.849812072798414, 37.273398942528267 ], [ -121.849828072691963, 37.273935943130596 ], [ -121.849841072212413, 37.274284942645082 ], [ -121.84985286810165, 37.274575915894758 ], [ -121.849853071907972, 37.274580943255152 ], [ -121.850159073128069, 37.274578943168009 ], [ -121.850800073185567, 37.274576943080817 ], [ -121.85107707229669, 37.274572943621052 ], [ -121.851383072618418, 37.274569942775166 ], [ -121.851542072627097, 37.274566943358785 ], [ -121.852019072653079, 37.274560943096041 ], [ -121.852075072729576, 37.274560942381193 ], [ -121.85217907338496, 37.274559943052203 ], [ -121.852674073852597, 37.274551942701045 ], [ -121.854160073283779, 37.274529942445739 ], [ -121.854643103373931, 37.274524099780656 ], [ -121.854656073576322, 37.274523942894881 ], [ -121.854779073599985, 37.274523942894881 ], [ -121.855015073601535, 37.274524942939188 ], [ -121.855148073670932, 37.274520942047033 ], [ -121.855272073519501, 37.27451894267309 ], [ -121.855464073140112, 37.27451394245103 ], [ -121.855983073897207, 37.274502942676044 ], [ -121.856043074171652, 37.274500941871992 ], [ -121.856236073617197, 37.274495942363515 ], [ -121.856436073633716, 37.274488942765181 ], [ -121.856503073580896, 37.274487942720341 ], [ -121.857037074406577, 37.27447894231662 ], [ -121.857225164579233, 37.274476134872266 ], [ -121.857238074248031, 37.27447594218183 ], [ -121.857257073616296, 37.274475942896615 ], [ -121.857317073890755, 37.27447594218183 ], [ -121.857337073982222, 37.27447594218183 ], [ -121.857394073883654, 37.27447594218183 ], [ -121.857604073047611, 37.274469942626659 ], [ -121.857875074107582, 37.274466942491458 ], [ -121.85806907427633, 37.274464943116129 ], [ -121.858879073489916, 37.2744429428354 ], [ -121.859111074191858, 37.274430942289662 ], [ -121.85949107413343, 37.274426942822195 ], [ -121.85990007438734, 37.274423942685274 ], [ -121.860030074083681, 37.27442394197044 ], [ -121.860301871740575, 37.27433015327609 ], [ -121.860314074664132, 37.274325942436747 ], [ -121.860839074370659, 37.274325942436747 ], [ -121.862746074649678, 37.274441942075164 ], [ -121.862939932236543, 37.274454175642866 ], [ -121.862952075412323, 37.274454941949543 ], [ -121.863186074865737, 37.274455941994823 ], [ -121.863330617749341, 37.274455941994823 ], [ -121.863343074326238, 37.274455941994823 ], [ -121.863676954097812, 37.274490580369957 ], [ -121.863690073757553, 37.274491941469769 ], [ -121.863687121932372, 37.274722293945288 ], [ -121.863687075181161, 37.274725942284093 ], [ -121.86371007564567, 37.274990942129371 ], [ -121.86385307486249, 37.275665941958344 ], [ -121.864089074864054, 37.276784942672116 ], [ -121.864200075192144, 37.277560941894762 ], [ -121.864510075711848, 37.278336942409851 ], [ -121.865153691946674, 37.279709725359453 ], [ -121.865157075617134, 37.279716942463168 ], [ -121.866005076262198, 37.281731942266873 ], [ -121.866157858437276, 37.282026872036695 ], [ -121.866163075547604, 37.282036943114335 ], [ -121.86626507565488, 37.282243942779139 ], [ -121.866301076538193, 37.282358943141034 ], [ -121.866532075618579, 37.282794942264594 ], [ -121.866763075597248, 37.283149942454223 ], [ -121.86892088486637, 37.286061238670392 ], [ -121.868928077415731, 37.286070942791156 ], [ -121.869109077165689, 37.286313942334232 ], [ -121.86983707636351, 37.287326942522476 ], [ -121.870451076656863, 37.288259943028947 ], [ -121.870939078350119, 37.289112942540839 ], [ -121.871282800223653, 37.2897964271246 ], [ -121.871286076883109, 37.289802942701293 ], [ -121.871275671590922, 37.289804543551043 ], [ -121.871182077126051, 37.289818943019384 ], [ -121.871112076805829, 37.289829942700088 ], [ -121.871069077148121, 37.28983694301585 ], [ -121.871029076965172, 37.28984294349015 ], [ -121.870908077489659, 37.289860942766175 ], [ -121.870897843604567, 37.289862779495046 ], [ -121.870869077131587, 37.289867942364374 ], [ -121.870711077846181, 37.289892942659627 ], [ -121.870690077031469, 37.289912942318125 ], [ -121.870686077731804, 37.289984942902862 ], [ -121.870238077119822, 37.290900942699672 ], [ -121.870365077341418, 37.291070943067261 ], [ -121.870671346358108, 37.291397694767767 ], [ -121.870679078059126, 37.291405943550103 ], [ -121.871140077293262, 37.291120942849993 ], [ -121.871215077636322, 37.291074942364993 ], [ -121.871365479054745, 37.290977513336813 ], [ -121.871374077644987, 37.290971943227838 ], [ -121.871446077615019, 37.291140943611424 ], [ -121.87163946024674, 37.291638633732269 ], [ -121.871643077258483, 37.291647942484524 ], [ -121.871799077792417, 37.29157594277661 ], [ -121.871843078173356, 37.291529943284424 ], [ -121.871881077808183, 37.291489942677813 ], [ -121.871949955480488, 37.291446673518777 ], [ -121.871959077625974, 37.291440942959795 ], [ -121.872034077969062, 37.291389942854842 ], [ -121.87211007723873, 37.291337942894344 ], [ -121.872182170149102, 37.291293786353677 ], [ -121.872190077604671, 37.29128894307739 ], [ -121.872246077681154, 37.291394943385129 ], [ -121.872457077568356, 37.29191994290332 ], [ -121.872808078095929, 37.29276594304342 ], [ -121.87276607826314, 37.292828942688431 ], [ -121.872972078127475, 37.293254943225634 ], [ -121.87309607797603, 37.293461943476409 ], [ -121.873269078228418, 37.293585942680608 ], [ -121.873470389179928, 37.293670606471686 ], [ -121.873483078488647, 37.293675943116185 ], [ -121.873441078655844, 37.293718942643039 ], [ -121.873074078234737, 37.294159943468927 ], [ -121.873057078516297, 37.294193943243776 ], [ -121.873050309782798, 37.294203096323287 ], [ -121.872969077754448, 37.294312943049306 ], [ -121.872951078211074, 37.294337943296817 ], [ -121.872804078796307, 37.294538943326806 ], [ -121.872796892500361, 37.294548228232564 ], [ -121.87257807794218, 37.294830943078495 ], [ -121.87256823271305, 37.294821823220296 ], [ -121.872483078405963, 37.294742942861483 ], [ -121.872479414743651, 37.294746721025703 ], [ -121.872387078146474, 37.294841943455666 ], [ -121.872077078525095, 37.295165943255043 ], [ -121.870988077855586, 37.296300943109387 ], [ -121.871304721252514, 37.296535278747484 ], [ -121.871315078093744, 37.2965429434486 ], [ -121.871157078808309, 37.296707943753191 ], [ -121.871299079098534, 37.296822943448241 ], [ -121.871726077997479, 37.297167943622469 ], [ -121.871869078112624, 37.297282943328916 ], [ -121.872128078578697, 37.297529943489764 ], [ -121.872887078636992, 37.298252943985567 ], [ -121.872905079078649, 37.298271943122067 ], [ -121.873154079498988, 37.298529943446127 ], [ -121.873481078838793, 37.298906943998389 ], [ -121.873647079418475, 37.299111942838344 ], [ -121.873913079557283, 37.29943894339403 ], [ -121.874517079804846, 37.300178944081168 ], [ -121.875088079542152, 37.300891943612264 ], [ -121.875565079568133, 37.301488942885165 ], [ -121.8756050788528, 37.301533943747863 ], [ -121.875728079774746, 37.301670944112388 ], [ -121.875770079607548, 37.301716943119978 ], [ -121.875831079706913, 37.301800943596426 ], [ -121.876017079479752, 37.302053943426699 ], [ -121.876080080127252, 37.302138943204035 ], [ -121.876106079168196, 37.302176943796432 ], [ -121.876179079861473, 37.302279943312286 ], [ -121.87618707935907, 37.302290944029224 ], [ -121.876206668266462, 37.302319238043168 ], [ -121.876214080021555, 37.302329943505072 ], [ -121.876266079001795, 37.302394943777472 ], [ -121.876425079908756, 37.302589943542976 ], [ -121.876430903409585, 37.302597014866919 ], [ -121.876439080152466, 37.30260694367081 ], [ -121.876615045022405, 37.302428045022403 ], [ -121.876619079179207, 37.302423943606023 ], [ -121.876629079224955, 37.302433943913911 ], [ -121.876745079575898, 37.30259294327157 ], [ -121.877344079800608, 37.303338943764196 ], [ -121.877382080333746, 37.303374943713806 ], [ -121.877430080014321, 37.30343794304828 ], [ -121.877564079908623, 37.303609943695932 ], [ -121.877634080228844, 37.303700943227263 ], [ -121.877760080625535, 37.303863943525847 ], [ -121.877815079978802, 37.30393694327325 ], [ -121.877974079987467, 37.304136943725531 ], [ -121.87818508077298, 37.304406943278011 ], [ -121.878220080933062, 37.30445094346252 ], [ -121.878433079571764, 37.304719942959139 ], [ -121.878493079846237, 37.30479694330193 ], [ -121.878493080744562, 37.305020943526124 ], [ -121.878497080044184, 37.305080943996032 ], [ -121.878589, 37.305192123534972 ], [ -121.878602079626177, 37.305207943677559 ], [ -121.879020080999226, 37.305737943544052 ], [ -121.880276080276658, 37.307328943917433 ], [ -121.880695081474641, 37.30785994344037 ], [ -121.880686773272316, 37.307860821063791 ], [ -121.880269080603952, 37.307904943348689 ], [ -121.879272080894296, 37.308011944133995 ], [ -121.878996080709783, 37.308063943999905 ], [ -121.878576081483544, 37.308144944310257 ], [ -121.87857791161268, 37.308137124188981 ], [ -121.87859808032654, 37.308050943500923 ], [ -121.878609081095519, 37.307915943957305 ], [ -121.878608080372274, 37.307896944399062 ], [ -121.878607080547354, 37.30783394379867 ], [ -121.878611079846991, 37.307638944055505 ], [ -121.878597730687005, 37.307647129008075 ], [ -121.878474080477972, 37.30772294434761 ], [ -121.878474080477972, 37.307804943912821 ], [ -121.878284080507171, 37.307937943740704 ], [ -121.878277392112636, 37.307928525521156 ], [ -121.87823508010338, 37.307868944138704 ], [ -121.878226238969447, 37.307869969161054 ], [ -121.878166080506404, 37.307876943805894 ], [ -121.878161450515464, 37.307889328905119 ], [ -121.878126080323426, 37.307983943202004 ], [ -121.877890080321876, 37.308095944009452 ], [ -121.877282080774648, 37.308507943808834 ], [ -121.876970080605105, 37.308726943603538 ], [ -121.87637508057837, 37.309118943969494 ], [ -121.875588080032685, 37.309645943972953 ], [ -121.875218080136818, 37.309889944819538 ], [ -121.875285020617397, 37.309971357898121 ], [ -121.875292080654987, 37.309979944322805 ], [ -121.875287113316702, 37.309983012690871 ], [ -121.87482907997439, 37.310265943870959 ], [ -121.874823997410587, 37.310269196723006 ], [ -121.874604080741804, 37.310409943876252 ], [ -121.873929079450804, 37.310845944056126 ], [ -121.873705080043123, 37.310990944653632 ], [ -121.873700076274488, 37.310994208672433 ], [ -121.87307808022932, 37.311399944216141 ], [ -121.871212079958212, 37.312617945142854 ], [ -121.871197079889612, 37.312627945523992 ], [ -121.870680080578964, 37.312965945049257 ], [ -121.870675005323434, 37.312969297488529 ], [ -121.870571079900714, 37.31303794500122 ], [ -121.870495080631031, 37.313090944495102 ], [ -121.870490360582977, 37.31309432603512 ], [ -121.870227080842426, 37.313282945085312 ], [ -121.869195080074377, 37.314020944820584 ], [ -121.868852079942698, 37.314266944789338 ], [ -121.868534079925354, 37.314475944821559 ], [ -121.86758107969834, 37.315104945442734 ], [ -121.867280767264788, 37.315303890413155 ], [ -121.86726408040424, 37.315314944790551 ], [ -121.867148080053312, 37.315385945134764 ], [ -121.866802080446888, 37.315598945765053 ], [ -121.866687079920823, 37.315670945338482 ], [ -121.866680858565701, 37.315675206695339 ], [ -121.866122080031317, 37.316057945614965 ], [ -121.864429079114245, 37.317222945971018 ], [ -121.863865079947971, 37.317610945587283 ], [ -121.863966080230284, 37.317746945766778 ], [ -121.863959544880984, 37.317750726507988 ], [ -121.863845078958178, 37.317816945773721 ], [ -121.863545080280829, 37.318019945568174 ], [ -121.863045079790297, 37.318359946205838 ], [ -121.86255108004589, 37.318692946247253 ], [ -121.86215907951042, 37.318947946015193 ], [ -121.86185807921153, 37.319166946117114 ], [ -121.861633079080619, 37.319415946162366 ], [ -121.861472079422157, 37.319663945938338 ], [ -121.861381079185577, 37.319866946459477 ], [ -121.861348078675277, 37.320131945913502 ], [ -121.861394079604366, 37.320458945787756 ], [ -121.861495079886694, 37.320732945884572 ], [ -121.861646079499408, 37.320948946075447 ], [ -121.861982079060112, 37.321301946674936 ], [ -121.862175518295217, 37.321506934280436 ], [ -121.862183078901552, 37.321514946256848 ], [ -121.862466079657068, 37.321801946341971 ], [ -121.862338080508877, 37.321874946532269 ], [ -121.862588079855826, 37.322135945546449 ], [ -121.864164079698696, 37.32378694661984 ], [ -121.864690081026794, 37.324337946125098 ], [ -121.864752080052739, 37.324398946275693 ], [ -121.864939080548808, 37.324584945995902 ], [ -121.865002080298026, 37.324646946038399 ], [ -121.865188080969162, 37.324837945594474 ], [ -121.865257080566153, 37.324908946229456 ], [ -121.865476080849263, 37.325137946250827 ], [ -121.865695080234048, 37.325451946140682 ], [ -121.865700081155225, 37.325615946507945 ], [ -121.865644337357637, 37.325760331430935 ], [ -121.865639081055861, 37.325773946052834 ], [ -121.865589079928853, 37.325977946574255 ], [ -121.865621080614204, 37.326151946518323 ], [ -121.865751080310545, 37.326810946348537 ], [ -121.865788081018792, 37.326970947075345 ], [ -121.865834081049528, 37.327282946334044 ], [ -121.865849081118157, 37.327511946978028 ], [ -121.865825080828714, 37.327702946394872 ], [ -121.865765081452579, 37.328041946752236 ], [ -121.865609080918645, 37.328827946216215 ], [ -121.865524081428134, 37.329219946761853 ], [ -121.865364081594578, 37.330055947084837 ], [ -121.865188081867487, 37.33096194729719 ], [ -121.865182081121375, 37.331107946952557 ], [ -121.865173483920699, 37.33137734537253 ], [ -121.865173081798872, 37.331389946100046 ], [ -121.865148304396669, 37.331669169224497 ], [ -121.86514708185959, 37.331682946319475 ], [ -121.865093081432917, 37.332086947604971 ], [ -121.865063081295688, 37.332306946549792 ], [ -121.864994081698725, 37.332350946832847 ], [ -121.864967081036227, 37.332389947143334 ], [ -121.864693081399835, 37.333783946558484 ], [ -121.864666081635661, 37.333907947124843 ], [ -121.864662081437714, 37.333921947406353 ], [ -121.864653081216872, 37.333954946375904 ], [ -121.864632081300471, 37.334032947454048 ], [ -121.864525082068667, 37.334573947217585 ], [ -121.86450608090378, 37.334654947530751 ], [ -121.864463081246058, 37.334768947082765 ], [ -121.864401082220112, 37.334882947176034 ], [ -121.86432808242516, 37.334982947729458 ], [ -121.864234081815525, 37.335082947435424 ], [ -121.864162081845492, 37.335160947342274 ], [ -121.864104082119198, 37.335251947250228 ], [ -121.864067081410951, 37.335345946898187 ], [ -121.863740082071118, 37.337011948037961 ], [ -121.863734081325006, 37.337075946964859 ], [ -121.863743082444174, 37.337151947807087 ], [ -121.863746081918904, 37.33722894778316 ], [ -121.86341408255619, 37.338935948156603 ], [ -121.863309081177576, 37.33947794749831 ], [ -121.863296579869129, 37.33948034500898 ], [ -121.863236081382652, 37.339491947455819 ], [ -121.863191082075133, 37.339739948107493 ], [ -121.863122082478142, 37.340052947789722 ], [ -121.863280182670621, 37.340697137765446 ], [ -121.863283081238293, 37.340708948176378 ], [ -121.863190081351888, 37.340772948238268 ], [ -121.863098082188699, 37.34083694753145 ], [ -121.863093127510822, 37.340840250654935 ], [ -121.862933081433951, 37.34094694819786 ], [ -121.862440081514436, 37.341278947544026 ], [ -121.862276082381214, 37.34139094801634 ], [ -121.862270858894647, 37.341394778552541 ], [ -121.86223108217537, 37.341423947989725 ], [ -121.862096082456176, 37.341525948140479 ], [ -121.862052082075252, 37.341559947921866 ], [ -121.861355081941227, 37.34200094810285 ], [ -121.861270081552433, 37.342055948317885 ], [ -121.859589082127542, 37.343123948364671 ], [ -121.859266082087373, 37.343328948752578 ], [ -121.858644081398111, 37.343725948522042 ], [ -121.858572081428107, 37.343774948446985 ], [ -121.858638081550325, 37.343841948263545 ], [ -121.858632148023446, 37.343844255782592 ], [ -121.85854808113865, 37.343876948975335 ], [ -121.858750081703334, 37.344083948403281 ], [ -121.858503081831131, 37.344237948345899 ], [ -121.858045082071726, 37.344518948363969 ], [ -121.858196082582765, 37.344667948999145 ], [ -121.858637082623744, 37.345117948590541 ], [ -121.859022082588211, 37.345508948583515 ], [ -121.859243199567629, 37.345741807068997 ], [ -121.859248081645688, 37.345746948389703 ], [ -121.859080081416224, 37.345750948349973 ], [ -121.858823082396569, 37.345837948326263 ], [ -121.858764081947044, 37.345837948326263 ], [ -121.858716082266454, 37.345822949027081 ], [ -121.858713707672379, 37.345821346147623 ], [ -121.858676082083477, 37.345795948424183 ], [ -121.858542082189189, 37.345658948495242 ], [ -121.858158081151316, 37.345274948008573 ], [ -121.8578380823825, 37.3449509484808 ], [ -121.857775081734999, 37.344886949122852 ], [ -121.85777051741816, 37.344890652615277 ], [ -121.857547082129344, 37.345071948289444 ], [ -121.857542457286428, 37.345075743974107 ], [ -121.857296082059165, 37.345277948176239 ], [ -121.857291457526117, 37.345281770767819 ], [ -121.857123081806819, 37.345420948410123 ], [ -121.856822081507957, 37.345625948240439 ], [ -121.856543081848699, 37.345897948349652 ], [ -121.85613808179275, 37.346216949049783 ], [ -121.856131715158114, 37.346221953544152 ], [ -121.855077080712348, 37.347050949151139 ], [ -121.854425081682493, 37.347557948790275 ], [ -121.85285808116214, 37.348791949157999 ], [ -121.852325081059675, 37.349213949889034 ], [ -121.852134081263955, 37.349301949187563 ], [ -121.852211081256854, 37.349382949327108 ], [ -121.852242081218989, 37.349415949358928 ], [ -121.852338080580125, 37.349514949367332 ], [ -121.852370081265491, 37.349548949816139 ], [ -121.852428081890139, 37.349609949490677 ], [ -121.85260508144215, 37.349792948930954 ], [ -121.852657025372039, 37.349847535075064 ], [ -121.852664080993378, 37.349854949592292 ], [ -121.852743081534385, 37.349925948720305 ], [ -121.852813080956295, 37.349996949209356 ], [ -121.853104081209423, 37.350292949649884 ], [ -121.853252082245746, 37.350431949191083 ], [ -121.853395185621224, 37.350566524204588 ], [ -121.85340308185846, 37.350573949859147 ], [ -121.853548080725133, 37.350711949848751 ], [ -121.853594081654194, 37.350755949347075 ], [ -121.853973081770874, 37.35114194913146 ], [ -121.854107567597325, 37.351278329248998 ], [ -121.854115081162774, 37.351285948646272 ], [ -121.854256081628108, 37.351430949048975 ], [ -121.85443208225351, 37.351611949582249 ], [ -121.854671082628116, 37.351873949273276 ], [ -121.854800962761061, 37.352016154500078 ], [ -121.854808081997149, 37.352023949322572 ], [ -121.854939081518395, 37.352168949013937 ], [ -121.855037081427696, 37.352277949065375 ], [ -121.855344082472683, 37.352595949359184 ], [ -121.855470775178702, 37.35273209645711 ], [ -121.855478082366986, 37.352739948941355 ], [ -121.855472812022384, 37.352742460129484 ], [ -121.855308082487653, 37.352820949656049 ], [ -121.855106081922983, 37.352918949742701 ], [ -121.854111082761463, 37.353394949465944 ], [ -121.853852082295361, 37.353624949471751 ], [ -121.853796082218892, 37.353650949695108 ], [ -121.853788879379707, 37.353654406481517 ], [ -121.85329808227651, 37.35388994981556 ], [ -121.852994081604564, 37.35403094995398 ], [ -121.851926082648092, 37.354538949279707 ], [ -121.851767081741158, 37.354602949693124 ], [ -121.851761707502718, 37.354605471257422 ], [ -121.851345081068445, 37.354800950180149 ], [ -121.85113908120411, 37.35489695044469 ], [ -121.851343082316944, 37.355120949870397 ], [ -121.851633082745153, 37.355411950258649 ], [ -121.851853081056561, 37.355652949843957 ], [ -121.851926916035552, 37.355727742818367 ], [ -121.851930081947756, 37.355730949807707 ], [ -121.852282082300277, 37.356080950038574 ], [ -121.852362081767893, 37.356234949651636 ], [ -121.852878082151932, 37.356676949707477 ], [ -121.853188081773325, 37.356981950042481 ], [ -121.853638738916246, 37.357431624333636 ], [ -121.853647082255961, 37.357439949477111 ], [ -121.853788823685576, 37.357338983334571 ], [ -121.853793082744147, 37.357335949495308 ], [ -121.853940083057239, 37.357468949487568 ], [ -121.854054081961721, 37.35756494919589 ], [ -121.854159083340363, 37.357649949742623 ], [ -121.854250082678632, 37.357707949590008 ], [ -121.854331082869479, 37.357747949951055 ], [ -121.854376904572064, 37.357766769423058 ], [ -121.854387082945991, 37.35777094979202 ], [ -121.854538082558705, 37.3578109501195 ], [ -121.854741082049983, 37.357854949741096 ], [ -121.855018082059431, 37.357894950023805 ], [ -121.855270082852812, 37.357920950196139 ], [ -121.855400082549167, 37.357926949520596 ], [ -121.855560082382723, 37.357910949416876 ], [ -121.855806083328332, 37.35791494944317 ], [ -121.855996082400836, 37.357900949350338 ], [ -121.856369083568055, 37.35783794997149 ], [ -121.85637976280303, 37.357830734244359 ], [ -121.856665082945725, 37.357637949620866 ], [ -121.856958082848692, 37.357445949554062 ], [ -121.857541083179868, 37.357052949570388 ], [ -121.857725082404599, 37.357011949891458 ], [ -121.857763082937737, 37.356991949517464 ], [ -121.858304083436138, 37.35671194943432 ], [ -121.858742082205723, 37.35648694937565 ], [ -121.859063453767348, 37.356321840976044 ], [ -121.859069082443881, 37.356318949177627 ], [ -121.859138285380084, 37.35639174745841 ], [ -121.859146082436752, 37.356399949600565 ], [ -121.85947508322306, 37.356741950105217 ], [ -121.860370082825455, 37.357648949375523 ], [ -121.860665083276544, 37.357944949633222 ], [ -121.860703071576253, 37.357984589802172 ], [ -121.860711083307308, 37.357992949912386 ], [ -121.861148084048637, 37.358443949250884 ], [ -121.861397083570651, 37.358706949012124 ], [ -121.861662821717132, 37.358971717848689 ], [ -121.861671083207042, 37.358979949203878 ], [ -121.861731083481502, 37.359039949434674 ], [ -121.861783083360052, 37.359074949487621 ], [ -121.861951084487856, 37.359219949839073 ], [ -121.862074084511491, 37.359345949793898 ], [ -121.863045084281907, 37.36033294914256 ], [ -121.863137084343407, 37.360425949195466 ], [ -121.863280083560213, 37.360583949059532 ], [ -121.863355083903301, 37.360674949575966 ], [ -121.863387962603539, 37.360703130528471 ], [ -121.863397084634386, 37.360710949192715 ], [ -121.863606084871762, 37.360889948835485 ], [ -121.863656084202162, 37.360940949628876 ], [ -121.864142084448986, 37.361439949318701 ], [ -121.864306084480504, 37.361601949019693 ], [ -121.864385084123214, 37.361685949678943 ], [ -121.864623084672886, 37.361938949974501 ], [ -121.864730083904718, 37.362048949712836 ], [ -121.86505408376982, 37.362379949692262 ], [ -121.865153704863602, 37.362482336671086 ], [ -121.865162084623165, 37.362490949086705 ], [ -121.865589085318746, 37.36292594877812 ], [ -121.866397084882522, 37.36374694945448 ], [ -121.866567085660108, 37.363935949687068 ], [ -121.866859085738156, 37.364223949330061 ], [ -121.866869085783918, 37.364233949982051 ], [ -121.867292084484902, 37.364674949777964 ], [ -121.8673040850788, 37.364688949321049 ], [ -121.867423085802798, 37.364830949434904 ], [ -121.867640085537786, 37.365059949826644 ], [ -121.867703085286962, 37.365125949657028 ], [ -121.86799508536501, 37.365424949059332 ], [ -121.868104085144964, 37.365512949344158 ], [ -121.868354085390209, 37.365715949477817 ], [ -121.868668085209578, 37.365987949618855 ], [ -121.868750086123669, 37.366072949192997 ], [ -121.868831085416176, 37.366157949384814 ], [ -121.868840085637032, 37.366166949525478 ], [ -121.868984086475393, 37.366315949317496 ], [ -121.869094085181928, 37.366438949459528 ], [ -121.869156086004509, 37.366508949786997 ], [ -121.869203085860178, 37.366561949399923 ], [ -121.869301085769465, 37.366680949579887 ], [ -121.869330086081789, 37.366730949047252 ], [ -121.869372114138059, 37.366802748201742 ], [ -121.869378085762364, 37.366812949900655 ], [ -121.86956908645638, 37.366671949500883 ], [ -121.869865085834093, 37.366477949915208 ], [ -121.870420086576175, 37.366117949222549 ], [ -121.870710086106101, 37.365933949343848 ], [ -121.871037037127124, 37.365734037127126 ], [ -121.871042086367126, 37.365730949799989 ], [ -121.871238086185684, 37.365611949541254 ], [ -121.871364085684064, 37.365530949065182 ], [ -121.871757086044468, 37.365280949538914 ], [ -121.871861085801555, 37.365209949227427 ], [ -121.872150086404858, 37.365019949793016 ], [ -121.8724020862999, 37.364855949789117 ], [ -121.872511086079854, 37.364787949177376 ], [ -121.87264808634724, 37.36469594909164 ], [ -121.873013086220212, 37.364443949086144 ], [ -121.873288678534266, 37.364254419109564 ], [ -121.873298085727257, 37.364247949607417 ], [ -121.873315085445682, 37.364235949112683 ], [ -121.87336708622253, 37.364200948610822 ], [ -121.873385085765875, 37.364189949102489 ], [ -121.873613086269813, 37.364036948958855 ], [ -121.873985086713816, 37.363789948880537 ], [ -121.874038086417258, 37.36374594845465 ], [ -121.874293086685412, 37.363574949361734 ], [ -121.874516349417334, 37.36342675675256 ], [ -121.874522086115931, 37.363422948968228 ], [ -121.874660543207526, 37.363328721833703 ], [ -121.874666086954306, 37.363324949030392 ], [ -121.874730086528388, 37.363398949140993 ], [ -121.875072085936836, 37.363730949163589 ], [ -121.875670087234965, 37.364328948612567 ], [ -121.876113086925756, 37.364791949551048 ], [ -121.876489087567705, 37.365162949547383 ], [ -121.876950086801841, 37.365587948986203 ], [ -121.877044086513166, 37.365683949018397 ], [ -121.877232829639695, 37.365866943266013 ], [ -121.877241087054969, 37.365874949170774 ], [ -121.877399087238715, 37.365774949061894 ], [ -121.877738087172432, 37.365551948853266 ], [ -121.877929087866434, 37.365437948199208 ], [ -121.878027086877452, 37.365452948577015 ], [ -121.878086086428667, 37.365442948801451 ], [ -121.878140086855353, 37.365422949246351 ], [ -121.878183086513062, 37.365391948925883 ], [ -121.87820808662741, 37.365303948499147 ], [ -121.878495086682591, 37.365199949419477 ], [ -121.87865008649328, 37.36514194893649 ], [ -121.879072086267684, 37.364988948592064 ], [ -121.880039087636717, 37.364492948340327 ], [ -121.880266087417425, 37.364416948040883 ], [ -121.881009087582186, 37.363850948406025 ], [ -121.881307087508034, 37.363880948365178 ], [ -121.881828087016615, 37.363622948181956 ], [ -121.883283087384015, 37.362915947951805 ], [ -121.884127087831075, 37.362528948436413 ], [ -121.884132728922424, 37.362526316980095 ], [ -121.884485088031397, 37.36236194850138 ], [ -121.884489372108902, 37.362358959167167 ], [ -121.884710088162279, 37.362204948403097 ], [ -121.885906416341484, 37.362331501951111 ], [ -121.885920088307259, 37.362332948239683 ], [ -121.886182087349781, 37.362366947880616 ], [ -121.887738087999466, 37.362488947767574 ], [ -121.888726088386619, 37.362605947379159 ], [ -121.890376087849347, 37.36277294748519 ], [ -121.891472469671484, 37.362904434472803 ], [ -121.891485088610295, 37.362905947838144 ], [ -121.891501089402169, 37.363022948227567 ], [ -121.891509088899767, 37.363084947957226 ], [ -121.891512684714272, 37.363116409412697 ], [ -121.891513089097714, 37.363119947551695 ], [ -121.891535088839007, 37.363272947423113 ], [ -121.891544089059877, 37.363335947951533 ], [ -121.891557088580328, 37.363433947161006 ], [ -121.891562088603223, 37.363470947885681 ], [ -121.891616089029881, 37.363890947634907 ], [ -121.891635088398147, 37.36402994769886 ], [ -121.891652089014883, 37.364162947965873 ], [ -121.891705088718339, 37.364564947463307 ], [ -121.891721689789549, 37.364688530465436 ], [ -121.891723089159996, 37.364698947769121 ], [ -121.891764089167893, 37.365017947827354 ], [ -121.89176908919076, 37.365052947948129 ], [ -121.891826088193852, 37.365332948326667 ], [ -121.891895088689139, 37.365576948253285 ], [ -121.891922089351638, 37.365693947333881 ], [ -121.891955089861909, 37.365914948034643 ], [ -121.891959090059856, 37.365963947756178 ], [ -121.89199108984694, 37.366284947938084 ], [ -121.892017088887883, 37.366507948110097 ], [ -121.892023089633966, 37.366556947444373 ], [ -121.892068088941528, 37.366818947800354 ], [ -121.892120089718375, 37.36706494837545 ], [ -121.892138090160032, 37.367170948206301 ], [ -121.892144089109479, 37.367205948036741 ], [ -121.892165801188852, 37.367384360493823 ], [ -121.892167089574031, 37.367394947410062 ], [ -121.892172089596897, 37.367536948114363 ], [ -121.892176088896534, 37.367630948040564 ], [ -121.892220090175769, 37.367827948195036 ], [ -121.892254089612663, 37.367956947950709 ], [ -121.892291089422571, 37.368095947621846 ], [ -121.892375089986487, 37.368387947900146 ], [ -121.892394089354738, 37.368454947881943 ], [ -121.892566089782193, 37.368948947925418 ], [ -121.892625089333436, 37.369111948763745 ], [ -121.892648089797959, 37.369172948246174 ], [ -121.892675089562118, 37.36925094772284 ], [ -121.892711090445459, 37.369351948407399 ], [ -121.892790090088184, 37.369533948053714 ], [ -121.892824090423375, 37.369645948495219 ], [ -121.892939090051087, 37.369978948208519 ], [ -121.892946089723793, 37.36999894797701 ], [ -121.892976089861008, 37.37009094798573 ], [ -121.893003089625196, 37.370164948562717 ], [ -121.893084089816043, 37.370387947911155 ], [ -121.893112090303447, 37.370462948391477 ], [ -121.893155089961155, 37.370581948095392 ], [ -121.89328409073093, 37.370938948930196 ], [ -121.893328090213515, 37.371057948592977 ], [ -121.893392090685936, 37.371232948509999 ], [ -121.893467090130699, 37.371436948342691 ], [ -121.893558089468968, 37.371659948193489 ], [ -121.893593090527403, 37.371757948667359 ], [ -121.893653236109927, 37.371926929167017 ], [ -121.893656090276579, 37.371934948018712 ], [ -121.893736089744195, 37.371910948058542 ], [ -121.893861090315994, 37.371862948115158 ], [ -121.893964091146472, 37.371807948320765 ], [ -121.89399009018743, 37.371794948142785 ], [ -121.89434108981672, 37.371545948253306 ], [ -121.894789090428674, 37.371237948726026 ], [ -121.894974089478282, 37.37111194803569 ], [ -121.895063090963404, 37.371045948473565 ], [ -121.895185090263809, 37.370968948197067 ], [ -121.895286090546151, 37.370898947747314 ], [ -121.895506090654166, 37.370749947775991 ], [ -121.895622090106812, 37.370662948115836 ], [ -121.895946089971915, 37.370442947318828 ], [ -121.89616808972977, 37.370292947671118 ], [ -121.896348090553118, 37.370168948649699 ], [ -121.896360091146988, 37.370161947961897 ], [ -121.896747089862998, 37.369909947752596 ], [ -121.896897089650793, 37.36981194843414 ], [ -121.897075758190098, 37.369695764352919 ], [ -121.897080089948915, 37.369692947508831 ], [ -121.897255089851086, 37.369572948328404 ], [ -121.897781090280887, 37.369214947919531 ], [ -121.897820090638945, 37.369188948090503 ], [ -121.897893090433868, 37.369132948263463 ], [ -121.897945992422635, 37.369106089929147 ], [ -121.897958090731194, 37.369099947619119 ], [ -121.898023091028534, 37.369056947666351 ], [ -121.898221090496918, 37.368927947660261 ], [ -121.898287090619164, 37.368885947826236 ], [ -121.898535090316287, 37.368716948035498 ], [ -121.899280091029183, 37.368212947058034 ], [ -121.899452090558327, 37.368097947363523 ], [ -121.89953808987373, 37.368062947949198 ], [ -121.900051089884712, 37.367660947916271 ], [ -121.900106091034615, 37.367522947674736 ], [ -121.90021608974115, 37.367253946676101 ], [ -121.900237090555876, 37.367203947557272 ], [ -121.900329883440335, 37.366976454303206 ], [ -121.900330090442282, 37.366975946812289 ], [ -121.90046709070964, 37.367033947305522 ], [ -121.900729091548754, 37.367146946722059 ], [ -121.900813888624114, 37.367183419277971 ], [ -121.900822090536877, 37.36718694704966 ], [ -121.900884090461162, 37.367204947797006 ], [ -121.901013986316428, 37.367246732071386 ], [ -121.901027090576278, 37.367250947386708 ], [ -121.9012491180399, 37.367295352657152 ], [ -121.901262090752937, 37.367297947186771 ], [ -121.901385089878261, 37.367335947671926 ], [ -121.901586090618039, 37.367398947644745 ], [ -121.902127090218102, 37.367550947123462 ], [ -121.902234091246527, 37.367580947745111 ], [ -121.902517091103761, 37.367662946955647 ], [ -121.902595090921579, 37.367677947602523 ], [ -121.902677090937317, 37.367697947270521 ], [ -121.903041090985397, 37.367789946531225 ], [ -121.903136091419938, 37.367809947597216 ], [ -121.903166090658885, 37.367816947076598 ], [ -121.903223091458599, 37.367828946998557 ], [ -121.903331090515323, 37.36785294755073 ], [ -121.903605091050025, 37.367917947549856 ], [ -121.903842090876481, 37.367975946600936 ], [ -121.904292091138259, 37.368068947176823 ], [ -121.904433091603579, 37.368097947363523 ], [ -121.90469622448451, 37.368153043421749 ], [ -121.904710091613026, 37.368155946989397 ], [ -121.904840091309353, 37.368186946881778 ], [ -121.905232091844823, 37.368282947158313 ], [ -121.905363091366098, 37.368314947223155 ], [ -121.905476678106965, 37.368342208203551 ], [ -121.905488091937869, 37.368344947539306 ], [ -121.906539092074212, 37.369727946876687 ], [ -121.907107759741621, 37.370533972320608 ], [ -121.907114092009465, 37.370542947631307 ], [ -121.907347320475765, 37.370403981728721 ], [ -121.907354091310665, 37.370399947421944 ], [ -121.90738570286176, 37.370444868399964 ], [ -121.907392091843818, 37.370453947338291 ], [ -121.908307092436019, 37.369889947246449 ], [ -121.909052050865739, 37.369431587831592 ], [ -121.909053092075524, 37.36943094719409 ], [ -121.908861092454885, 37.369340946798481 ], [ -121.90855309158502, 37.369197947153701 ], [ -121.90840709199513, 37.369129946907428 ], [ -121.908288092169443, 37.369073947036306 ], [ -121.908097091475426, 37.368984947142387 ], [ -121.908091767025468, 37.368983619189876 ], [ -121.907676092424268, 37.36887994723606 ], [ -121.907548091479441, 37.36884794669826 ], [ -121.907269091820183, 37.368778947343905 ], [ -121.906413091677521, 37.368570947250781 ], [ -121.906318091242952, 37.368547946436173 ], [ -121.90599209172801, 37.368468947433705 ], [ -121.90599250266456, 37.368467272118096 ], [ -121.906005092146799, 37.368415947026016 ], [ -121.906018091667306, 37.368364947029448 ], [ -121.906026092063229, 37.368252946817364 ], [ -121.906020092215442, 37.368202947650332 ], [ -121.906417091875468, 37.368301947153817 ], [ -121.906888092053663, 37.367957947466465 ], [ -121.904647090965526, 37.365673947131761 ], [ -121.904170900752391, 37.365257887057687 ], [ -121.904156090695821, 37.365244947116757 ], [ -121.903954090131151, 37.365068946529178 ], [ -121.904121090535739, 37.364974946963059 ], [ -121.90417575550822, 37.364946638388567 ], [ -121.904177090612251, 37.364945946997167 ], [ -121.904249090582255, 37.364905947616741 ], [ -121.904276091244753, 37.364890946415606 ], [ -121.904311091404836, 37.364871946984209 ], [ -121.904836090213081, 37.364579946587661 ], [ -121.905044210284814, 37.364464651070378 ], [ -121.905049091546729, 37.364461946921693 ], [ -121.905038090777765, 37.364450946737634 ], [ -121.905014090488308, 37.364408947253331 ], [ -121.905009091363752, 37.364365947468002 ], [ -121.905020090336095, 37.364323946508158 ], [ -121.90503509130302, 37.364301946811999 ], [ -121.90505009047331, 37.364283946796164 ], [ -121.905468090948077, 37.363996946237911 ], [ -121.905560392097186, 37.363934143442457 ], [ -121.905565090134132, 37.363930946842459 ], [ -121.907851891810509, 37.366149989655078 ], [ -121.907860091648971, 37.366157946528993 ], [ -121.907990091345283, 37.3660779468971 ], [ -121.908071091536158, 37.366027946280624 ], [ -121.908314092108739, 37.365876946829779 ], [ -121.908389570726612, 37.36583184330874 ], [ -121.908396092124477, 37.365827946337461 ], [ -121.908702091547923, 37.3656599463445 ], [ -121.909621091439746, 37.365158946337623 ], [ -121.909921397870008, 37.364995587744978 ], [ -121.909928091586437, 37.364991946543903 ], [ -121.911086549342897, 37.364287921935045 ], [ -121.911093091525572, 37.364283946082175 ], [ -121.91135809183946, 37.364644946566436 ], [ -121.911701829512808, 37.36513698263952 ], [ -121.911708091643817, 37.365145946435426 ], [ -121.912422092394593, 37.366171946509361 ], [ -121.913027092467047, 37.366937946858762 ], [ -121.913201925150219, 37.367177495707118 ], [ -121.913208093115358, 37.367185946809734 ], [ -121.915063093515812, 37.369722946560024 ], [ -121.915681093108773, 37.370547946465464 ], [ -121.915702093923485, 37.370623946266015 ], [ -121.915815093003076, 37.370772946487591 ], [ -121.915680450481304, 37.37083486262032 ], [ -121.915678093634028, 37.370835946429999 ], [ -121.916366093547211, 37.371130946600871 ], [ -121.916839093375231, 37.371613946309679 ], [ -121.916887772247037, 37.371663599158332 ], [ -121.916889093603942, 37.37166494695321 ], [ -121.916998093383896, 37.371774945997501 ], [ -121.917000093033707, 37.371787946178934 ], [ -121.91708978701547, 37.371921512198426 ], [ -121.917092093095221, 37.371924946251482 ], [ -121.917150093719854, 37.37200994695241 ], [ -121.917324093797106, 37.372261946532561 ], [ -121.917403094338155, 37.372373946470873 ], [ -121.917435094125196, 37.372417946120422 ], [ -121.917530093661426, 37.372550946510444 ], [ -121.917562094346806, 37.372595946937956 ], [ -121.917646093114101, 37.372772947167618 ], [ -121.917901094280538, 37.373303946778485 ], [ -121.917982138374555, 37.373472710185155 ], [ -121.91798609377102, 37.373480946765369 ], [ -121.918036093999731, 37.373462946809951 ], [ -121.918189093262299, 37.373409946360987 ], [ -121.918231635569668, 37.373395482459728 ], [ -121.918239094389321, 37.373392946545778 ], [ -121.919011094866406, 37.374417946489608 ], [ -121.919005415768282, 37.374422832672096 ], [ -121.918746094552546, 37.374645947461758 ], [ -121.919721094520881, 37.37606294614357 ], [ -121.920044497470926, 37.376485031697392 ], [ -121.920052094957015, 37.376494947466931 ], [ -121.921793095554619, 37.378765947042474 ], [ -121.922205156200178, 37.379332777340309 ], [ -121.922211095131061, 37.379340946928941 ], [ -121.923511095687743, 37.381135946789563 ], [ -121.924945714066055, 37.383033183858608 ], [ -121.924953096534637, 37.383042946937955 ], [ -121.925475095868137, 37.383733947055042 ], [ -121.927203096046981, 37.385999947315447 ], [ -121.927338671693605, 37.38617753071933 ], [ -121.927345097235516, 37.386185947198484 ], [ -121.927370096451568, 37.386172946657538 ], [ -121.927445096794628, 37.386137947111671 ], [ -121.927471096733896, 37.386126947251 ], [ -121.927526096087192, 37.386099946872449 ], [ -121.927694097214996, 37.386022947061207 ], [ -121.927743404231336, 37.386000053806065 ], [ -121.927750096393154, 37.385996946634322 ], [ -121.9278160965154, 37.38607994711446 ], [ -121.927933096691277, 37.386227947338476 ], [ -121.928010096684176, 37.386332947228588 ], [ -121.928074097156568, 37.386418947287375 ], [ -121.928309096434901, 37.386735947100313 ], [ -121.929015097688037, 37.387686947062448 ], [ -121.92925109679129, 37.388003947224199 ], [ -121.929534097546835, 37.388382946993509 ], [ -121.929741097236061, 37.388654947023717 ], [ -121.930947098081404, 37.390238947576805 ], [ -121.931216098593225, 37.390605947622291 ], [ -121.931534097712216, 37.391037947246438 ], [ -121.931691179698475, 37.391256705785402 ], [ -121.931697097918857, 37.391264947731379 ], [ -121.931985097798929, 37.391660946677185 ], [ -121.932849098337527, 37.392848947378312 ], [ -121.933023098414779, 37.393087947538184 ], [ -121.933136098392708, 37.393246947733083 ], [ -121.933379098066951, 37.393578947685519 ], [ -121.934109098711218, 37.394575947158891 ], [ -121.934204099145774, 37.394704947300085 ], [ -121.934342112522216, 37.394903342131428 ], [ -121.934348099085824, 37.394911947842765 ], [ -121.934704098737981, 37.395406947629176 ], [ -121.935744099003657, 37.396850947326136 ], [ -121.935774100039183, 37.396891947356636 ], [ -121.936021099013075, 37.39723094716738 ], [ -121.936135952627353, 37.39737237715255 ], [ -121.93614210028521, 37.397379947338003 ], [ -121.9364930999145, 37.39783194737015 ], [ -121.936518100028877, 37.397863946959596 ], [ -121.936951099673934, 37.398463947259017 ], [ -121.937494099822132, 37.399230947328689 ], [ -121.937635100287451, 37.399429946883011 ], [ -121.937829099557888, 37.399696947760759 ], [ -121.938163100367049, 37.400155948120862 ], [ -121.939166100822803, 37.401533947101001 ], [ -121.939369100314053, 37.401812947812004 ], [ -121.939496100535663, 37.401996947443898 ], [ -121.939516083647092, 37.402023847842344 ], [ -121.939522100474932, 37.402031947435177 ], [ -121.94010210043308, 37.402817947195352 ], [ -121.940129100197268, 37.402853947281102 ], [ -121.940247659325351, 37.403003806798907 ], [ -121.940254099870728, 37.403011947690629 ], [ -121.940272100312413, 37.403033947450268 ], [ -121.940428100846319, 37.403227948099875 ], [ -121.940947980928215, 37.403930674764958 ], [ -121.940954101276091, 37.403938947695195 ], [ -121.941054100835203, 37.404072947586982 ], [ -121.94162897768345, 37.40484868488501 ], [ -121.941635100618242, 37.404856947157022 ], [ -121.941653101059899, 37.404880947990215 ], [ -121.941852101251555, 37.405147947285492 ], [ -121.94194010111508, 37.405265947876281 ], [ -121.942503101354802, 37.406023947905112 ], [ -121.942545450229701, 37.406075803940233 ], [ -121.942552100860283, 37.406083947611904 ], [ -121.942585101370554, 37.406134947645945 ], [ -121.94267110068597, 37.406251947676921 ], [ -121.943040101655242, 37.406751947476394 ], [ -121.943137101739623, 37.406882948200909 ], [ -121.943160101305835, 37.406921948317859 ], [ -121.943153449119407, 37.40692608739554 ], [ -121.943070100894133, 37.406977947755045 ], [ -121.942803100930433, 37.40714794737012 ], [ -121.942714101242004, 37.407205947477948 ], [ -121.942519102146647, 37.407329947336386 ], [ -121.942139101306722, 37.407564947466128 ], [ -121.942098101298825, 37.40759194796216 ], [ -121.940913101268222, 37.408330947453763 ], [ -121.94041410150092, 37.40864194852584 ], [ -121.939840101390558, 37.409000948054839 ], [ -121.939814100552979, 37.409033947551556 ], [ -121.939808100705221, 37.409070948613312 ], [ -121.939805101230476, 37.409088948583197 ], [ -121.9397936052966, 37.409074368220409 ], [ -121.939764101222579, 37.409036948024045 ], [ -121.939757402994218, 37.409040120870721 ], [ -121.939308101112999, 37.409252948189263 ], [ -121.936605101864146, 37.410958948930016 ], [ -121.93660122175298, 37.410948179685306 ], [ -121.936507101056534, 37.410686947784896 ], [ -121.936500101383842, 37.410668948912459 ], [ -121.936482101840468, 37.41061594907579 ], [ -121.936476100196074, 37.4105989491337 ], [ -121.936371101512393, 37.410304948349626 ], [ -121.93628910059833, 37.410016948705362 ], [ -121.936287186854017, 37.410010356733309 ], [ -121.936271101054956, 37.409954948528117 ], [ -121.936150100681161, 37.409534948438967 ], [ -121.935976100603853, 37.409081948674697 ], [ -121.935614101103937, 37.408167948376928 ], [ -121.935611573246732, 37.408161684016498 ], [ -121.93559109974106, 37.408110947994423 ], [ -121.935228100416225, 37.407194948568211 ], [ -121.935224900492472, 37.407186779357872 ], [ -121.935143100027432, 37.406977947755045 ], [ -121.935007100483318, 37.406634948226277 ], [ -121.934881100086614, 37.406328948115991 ], [ -121.934779100877691, 37.406121947710567 ], [ -121.934648100458105, 37.405843947782955 ], [ -121.93457009974199, 37.405657948153909 ], [ -121.934462099786955, 37.405395947900736 ], [ -121.934411099733325, 37.405251948771372 ], [ -121.934400099862685, 37.405209948586673 ], [ -121.934369100798847, 37.405095948272447 ], [ -121.934275100189211, 37.404753948429764 ], [ -121.934245100051967, 37.404639948135333 ], [ -121.934243158912949, 37.404632793675006 ], [ -121.934210099891885, 37.404510947968518 ], [ -121.934141100294909, 37.404233947518158 ], [ -121.934034099266484, 37.403877948660906 ], [ -121.934030099966819, 37.403861948367904 ], [ -121.933674099416379, 37.402726947853054 ], [ -121.933378099140356, 37.401775948161131 ], [ -121.93332510033521, 37.401614947943926 ], [ -121.933109099526831, 37.40095294740464 ], [ -121.933080099214521, 37.400863948233692 ], [ -121.933077658411108, 37.400856625851546 ], [ -121.932939098749188, 37.400440948459597 ], [ -121.932828098421126, 37.400107947701763 ], [ -121.932754098801283, 37.399940947936848 ], [ -121.932663098564674, 37.399775948124109 ], [ -121.932445099004781, 37.399462947740588 ], [ -121.932310099285587, 37.399275948159911 ], [ -121.93205109971781, 37.398914948073077 ], [ -121.932045345638087, 37.398907257775292 ], [ -121.931840099830609, 37.398632947815557 ], [ -121.931798099099524, 37.398575948029389 ], [ -121.931223099164228, 37.397775948234091 ], [ -121.931138098775421, 37.397657947980463 ], [ -121.931013098203621, 37.397494947808426 ], [ -121.930968098896116, 37.397423948016673 ], [ -121.930796098468662, 37.397185947962861 ], [ -121.930737098917419, 37.397102948360029 ], [ -121.930137097969478, 37.396266948163941 ], [ -121.930106098007357, 37.396223948086075 ], [ -121.929937097952973, 37.395947947546787 ], [ -121.929931546041786, 37.395939434556304 ], [ -121.92987709857681, 37.395855947854812 ], [ -121.929776099192779, 37.395689947752601 ], [ -121.929683098408063, 37.395542948227856 ], [ -121.92961209826295, 37.395442947706755 ], [ -121.92943909801059, 37.395195947560559 ], [ -121.929167098024024, 37.394832948061705 ], [ -121.929017098236187, 37.394661947039786 ], [ -121.928847097458572, 37.394463948261532 ], [ -121.928610097632102, 37.394153948172203 ], [ -121.928516097920763, 37.394016947312153 ], [ -121.928176098162126, 37.393522948226568 ], [ -121.928168617328438, 37.393511696834949 ], [ -121.927928097566721, 37.393149948112161 ], [ -121.927769098456366, 37.39292994761643 ], [ -121.92674009716302, 37.391501948114197 ], [ -121.927691096841912, 37.390651947135666 ], [ -121.926890097849167, 37.390079947425178 ], [ -121.926887371540843, 37.390082406393716 ], [ -121.92683909689724, 37.390125947261311 ], [ -121.926735097140153, 37.390217947562597 ], [ -121.926716097771887, 37.390235947065335 ], [ -121.926561097062901, 37.390349947146063 ], [ -121.926435097564507, 37.390427947439505 ], [ -121.926088097234867, 37.390599947342324 ], [ -121.926082031808761, 37.390591514492485 ], [ -121.925737097605591, 37.390111947469308 ], [ -121.925660096714395, 37.390003948068525 ], [ -121.925552097657672, 37.389853946858267 ], [ -121.925452096301925, 37.38967994750508 ], [ -121.925300096864291, 37.389294947484437 ], [ -121.925225096521203, 37.389129947787971 ], [ -121.925135097007825, 37.388966947627488 ], [ -121.925041096398161, 37.388827947377038 ], [ -121.924945097037025, 37.388713947123058 ], [ -121.924817096990495, 37.388578947649918 ], [ -121.924646096387974, 37.388428947870921 ], [ -121.924512096493672, 37.388317946884818 ], [ -121.924353096485007, 37.388198946770387 ], [ -121.924350086076416, 37.388201548698696 ], [ -121.924014097449614, 37.388491947257933 ], [ -121.923170096104187, 37.389224947722475 ], [ -121.922997095851827, 37.389374948050047 ], [ -121.922659096641354, 37.389669948104249 ], [ -121.922320096707622, 37.389963947775129 ], [ -121.92138809639701, 37.390776947905003 ], [ -121.921305096556338, 37.390848948207861 ], [ -121.920968096272418, 37.391145948012515 ], [ -121.920939095960108, 37.391171948081151 ], [ -121.920935611193244, 37.391174915100315 ], [ -121.920764096057937, 37.391320947449742 ], [ -121.920242095826097, 37.391767948060973 ], [ -121.920070096296968, 37.391918948206403 ], [ -121.920028484918134, 37.391955284879401 ], [ -121.919857096759969, 37.392104947679165 ], [ -121.919800095960227, 37.392162948011268 ], [ -121.919722096142436, 37.392242947657387 ], [ -121.919657095845082, 37.392319948217512 ], [ -121.919531096346716, 37.392493947866491 ], [ -121.919457095828548, 37.392625948438216 ], [ -121.919397096452414, 37.392771948789012 ], [ -121.919373097061282, 37.392868948185374 ], [ -121.919358096094356, 37.393037948511427 ], [ -121.91935609554622, 37.393108948175779 ], [ -121.919357096269437, 37.393123948015848 ], [ -121.91938860210503, 37.393481345345194 ], [ -121.919389096056491, 37.393486948654242 ], [ -121.91916609557542, 37.39351094884686 ], [ -121.919003097165415, 37.39353394842945 ], [ -121.918797096402784, 37.393575948021436 ], [ -121.918775096661477, 37.393580948888903 ], [ -121.918602096409117, 37.393629948379832 ], [ -121.918414096088128, 37.393697948537955 ], [ -121.918132096954167, 37.393816947774056 ], [ -121.917991096488834, 37.393886948244045 ], [ -121.917800096693142, 37.394003948129168 ], [ -121.917632096463649, 37.394125947949064 ], [ -121.917373096895872, 37.394316947759705 ], [ -121.917160095562224, 37.394478948544133 ], [ -121.917071095873766, 37.394547948520795 ], [ -121.916671095840684, 37.394861948605289 ], [ -121.916667687797045, 37.394864737011972 ], [ -121.916484096242939, 37.395014948678984 ], [ -121.916468096349405, 37.395026949245327 ], [ -121.91642309524525, 37.395063947946191 ], [ -121.91640809607496, 37.395076949086366 ], [ -121.916339095579659, 37.395132948098023 ], [ -121.916217096279226, 37.395241948539422 ], [ -121.916167096050515, 37.395282948736408 ], [ -121.915974096604998, 37.395445948723442 ], [ -121.915713095590775, 37.395681948873374 ], [ -121.915450096723362, 37.395906948427189 ], [ -121.915320096128696, 37.396018948736788 ], [ -121.915282096493868, 37.396052948810336 ], [ -121.91521109634877, 37.396114949072775 ], [ -121.915203600115191, 37.39612148023614 ], [ -121.914877096437891, 37.396405949607754 ], [ -121.914750096216281, 37.396505948130375 ], [ -121.91473709579752, 37.396516949322844 ], [ -121.913395096306374, 37.39770894875398 ], [ -121.913259095863907, 37.397830948966138 ], [ -121.912941095846605, 37.398107949535401 ], [ -121.91293983929549, 37.398111694019001 ], [ -121.91289109561788, 37.398256948676135 ], [ -121.911543096278947, 37.399461950072009 ], [ -121.911369096201668, 37.399611949182876 ], [ -121.909856095209662, 37.400899949258161 ], [ -121.90944109600629, 37.401238949493511 ], [ -121.909334095876176, 37.401335949350219 ], [ -121.909159095973976, 37.401495949670874 ], [ -121.909149236815452, 37.401505366139844 ], [ -121.908914095751598, 37.401729949051877 ], [ -121.908903688376171, 37.401739517231348 ], [ -121.908790095903058, 37.401843950205624 ], [ -121.908575095817881, 37.402021949682116 ], [ -121.906836095768384, 37.403520949784145 ], [ -121.906647095622503, 37.403693950079891 ], [ -121.906510095355159, 37.403790949613118 ], [ -121.906316095186398, 37.403949949937306 ], [ -121.906135095436412, 37.404077949894862 ], [ -121.905969095755069, 37.404168949737212 ], [ -121.905646095714886, 37.404326950228317 ], [ -121.905518094770059, 37.404363950760334 ], [ -121.905292095712539, 37.404416950738494 ], [ -121.905118095635288, 37.404439949828685 ], [ -121.904982095192835, 37.404470949708227 ], [ -121.904817095336398, 37.404487950327265 ], [ -121.904639095061157, 37.404495949693782 ], [ -121.904626105629276, 37.404495330800053 ], [ -121.902876094722231, 37.404411949880455 ], [ -121.902863311757571, 37.40441078006053 ], [ -121.901674095871456, 37.404301950186372 ], [ -121.900870094709035, 37.40423695032365 ], [ -121.900616095164125, 37.404212949997778 ], [ -121.900603294912727, 37.404211776989314 ], [ -121.899994094474891, 37.404155950174264 ], [ -121.899385094204419, 37.404119950714097 ], [ -121.899015094308552, 37.404101950977541 ], [ -121.898695094641425, 37.404095950350808 ], [ -121.898402093840147, 37.404126951086205 ], [ -121.898189095201445, 37.404171951118151 ], [ -121.89783109410287, 37.404275950390769 ], [ -121.89782715259588, 37.404268341145332 ], [ -121.897759094132837, 37.404136951412788 ], [ -121.897752853994405, 37.404130234861711 ], [ -121.897628094611562, 37.403995950538167 ], [ -121.897572094535079, 37.403956951038907 ], [ -121.897470094427817, 37.403917950805763 ], [ -121.897441095013804, 37.403906950699771 ], [ -121.897440959206023, 37.403906915560903 ], [ -121.897298094000377, 37.403869950655633 ], [ -121.897194094243289, 37.403852950609917 ], [ -121.896244094389331, 37.403777951411762 ], [ -121.895834093412162, 37.403745950779587 ], [ -121.89535709338621, 37.403705951397299 ], [ -121.895157094267987, 37.403680951148154 ], [ -121.894832094577964, 37.403640950303945 ], [ -121.894425093973879, 37.403590951181101 ], [ -121.894412432982733, 37.403589857482487 ], [ -121.893742094083564, 37.403531951374021 ], [ -121.893130093440078, 37.403482951220745 ], [ -121.892453093397549, 37.403429950581987 ], [ -121.892350093465382, 37.403420951344955 ], [ -121.892273093472483, 37.403415951134043 ], [ -121.892278093495349, 37.403468951069094 ], [ -121.892475766341434, 37.405501583422193 ], [ -121.892476093862086, 37.405504951254933 ], [ -121.892651711883033, 37.407307034688152 ], [ -121.892652093589177, 37.407310951520415 ], [ -121.89334009350236, 37.407366950666841 ], [ -121.895192652856949, 37.40752182704054 ], [ -121.895206093773467, 37.407522950718658 ], [ -121.89516509376557, 37.4079749509376 ], [ -121.895059682094114, 37.409025202287793 ], [ -121.89505609398563, 37.409060951799468 ], [ -121.895011591064204, 37.409493680637816 ], [ -121.895009095028286, 37.409517951105734 ], [ -121.895031768723953, 37.409489855424177 ], [ -121.895055095059035, 37.409460951036827 ], [ -121.894822094532202, 37.410231951373916 ], [ -121.894809095011752, 37.410341950924213 ], [ -121.894796130942424, 37.4103358920256 ], [ -121.894426094697096, 37.410162951567123 ], [ -121.894425329109083, 37.410163762168466 ], [ -121.894392094361905, 37.410198950977865 ], [ -121.894291094079549, 37.410269951509292 ], [ -121.894278794665226, 37.410264441373947 ], [ -121.894166094406103, 37.410213951678664 ], [ -121.894102093933668, 37.410178951228062 ], [ -121.894099852254357, 37.410179934826601 ], [ -121.893710095194834, 37.410350951470548 ], [ -121.893426094614384, 37.410499951954591 ], [ -121.893276093928264, 37.410557951607935 ], [ -121.893012095235932, 37.41063995163173 ], [ -121.892540093436196, 37.410739951139014 ], [ -121.892046094590071, 37.410845952026428 ], [ -121.89147809432751, 37.410968951198804 ], [ -121.891557607713224, 37.411118398714457 ], [ -121.891561094168196, 37.411124951598964 ], [ -121.891551523706582, 37.411126603687144 ], [ -121.891393094837028, 37.41115395225961 ], [ -121.891384149216748, 37.411156372839002 ], [ -121.888673093174745, 37.411889952645573 ], [ -121.887742093587335, 37.412178951864014 ], [ -121.88681209382483, 37.412468951743939 ], [ -121.886801450442803, 37.412471992767863 ], [ -121.886714093915529, 37.412496952248645 ], [ -121.886579093298025, 37.412536951932189 ], [ -121.885425094127825, 37.412967952518727 ], [ -121.88399609369975, 37.413400952012942 ], [ -121.883950093668957, 37.413416952409335 ], [ -121.88388409354674, 37.413439952304238 ], [ -121.882614093127287, 37.413791952917023 ], [ -121.880992092355342, 37.414313953066753 ], [ -121.880758092901914, 37.414383952941421 ], [ -121.8805740927789, 37.414437952575803 ], [ -121.880563351572249, 37.414440924327437 ], [ -121.880274093203269, 37.4145209529553 ], [ -121.880263016086559, 37.414524532730034 ], [ -121.880110092273384, 37.414573952883025 ], [ -121.879885092142501, 37.414620952989509 ], [ -121.877826092425877, 37.415217953020125 ], [ -121.877649092873867, 37.415267952945356 ], [ -121.877641299790511, 37.415270419706715 ], [ -121.877153091683013, 37.415424953264257 ], [ -121.877134092314748, 37.415429953387125 ], [ -121.876359092362932, 37.415649952756638 ], [ -121.87558009221317, 37.415879953092904 ], [ -121.875343091488389, 37.415950953947473 ], [ -121.875286092485297, 37.415962953301424 ], [ -121.875058092879655, 37.416011953140618 ], [ -121.875047645890774, 37.416015917631867 ], [ -121.874863091987692, 37.416085953346702 ], [ -121.874581091955349, 37.416192953390002 ], [ -121.874387091786602, 37.41625695328284 ], [ -121.874050092401021, 37.416370953736802 ], [ -121.873299091840366, 37.416675953203331 ], [ -121.873098091998898, 37.416757953664472 ], [ -121.872424092329439, 37.417052953667259 ], [ -121.872403092413037, 37.417060953832582 ], [ -121.871749091936721, 37.417346953650735 ], [ -121.871738861727323, 37.417351409747475 ], [ -121.871423092421836, 37.417488953224542 ], [ -121.870996091726255, 37.417675953724739 ], [ -121.870446091905322, 37.417914953184471 ], [ -121.870121091317003, 37.418057954096533 ], [ -121.869845092030801, 37.41817795344884 ], [ -121.86943309140382, 37.418358954171232 ], [ -121.869020090951977, 37.418538954187731 ], [ -121.868947092055336, 37.418571953763298 ], [ -121.868745091490666, 37.418659953749561 ], [ -121.868529091580598, 37.418753953798969 ], [ -121.868207091365335, 37.418894954008664 ], [ -121.867884091325152, 37.419035953952829 ], [ -121.867669091239975, 37.419130953790877 ], [ -121.867662584155298, 37.419133781274454 ], [ -121.867501091908807, 37.41920395350941 ], [ -121.866998091045247, 37.419423954635015 ], [ -121.866831091538998, 37.419497954323532 ], [ -121.866811091447502, 37.419506953769726 ], [ -121.866666090784221, 37.419569954856613 ], [ -121.866172091039815, 37.419787954403553 ], [ -121.866008091906593, 37.419861954445828 ], [ -121.866001176693004, 37.419864941462436 ], [ -121.86583909095387, 37.419934954165242 ], [ -121.865332091688998, 37.420156954350432 ], [ -121.865164091459505, 37.420230954028071 ], [ -121.863835091488838, 37.420819954524042 ], [ -121.863831301086023, 37.420821614105613 ], [ -121.863650091540904, 37.420900954491522 ], [ -121.863438090930487, 37.420994954581708 ], [ -121.862976090973106, 37.421198954568993 ], [ -121.862093091066285, 37.421587954259842 ], [ -121.862085726749427, 37.421591195175921 ], [ -121.861609091367598, 37.421800954655779 ], [ -121.861101091379496, 37.422024954746739 ], [ -121.861093664060704, 37.422028242476401 ], [ -121.860046090146867, 37.422491954877316 ], [ -121.860035371579684, 37.422485950210692 ], [ -121.859855090351175, 37.422384954559242 ], [ -121.859382090523169, 37.422113955176549 ], [ -121.859297090134348, 37.422042955170824 ], [ -121.858985089964818, 37.421861954791488 ], [ -121.85881609080873, 37.421769954813335 ], [ -121.858747090313429, 37.421731955518283 ], [ -121.858476091050093, 37.421602955533466 ], [ -121.858196090667604, 37.421486955451364 ], [ -121.858195344715867, 37.421487114239433 ], [ -121.857994090102935, 37.421529954586354 ], [ -121.837669087860505, 37.425915956375533 ], [ -121.837663757380653, 37.425909326008778 ], [ -121.83709908794809, 37.425206956703953 ], [ -121.838456087507879, 37.42449495688593 ], [ -121.844409088148439, 37.421641955834374 ], [ -121.84567408854501, 37.421084955756747 ], [ -121.8472490894613, 37.42030595530435 ], [ -121.847250241471329, 37.420296424927329 ], [ -121.847359088167835, 37.419395955292963 ], [ -121.847033088652921, 37.419218955974024 ], [ -121.847025310652327, 37.419216883390988 ], [ -121.84669908784376, 37.419129955670677 ], [ -121.846692613721785, 37.41912676233904 ], [ -121.846403088466062, 37.418983955304718 ], [ -121.846402703058644, 37.418985265697849 ], [ -121.846293088861216, 37.419357956220146 ], [ -121.845972088470845, 37.419423956061884 ], [ -121.845784088149884, 37.419448956051632 ], [ -121.845528088955149, 37.419693955651972 ], [ -121.845323088017409, 37.419740956112697 ], [ -121.845310664073111, 37.419735847749095 ], [ -121.845126088373945, 37.41965995560394 ], [ -121.845050087307641, 37.419456955960939 ], [ -121.845037362161293, 37.419452967351901 ], [ -121.8449830882588, 37.419435955572865 ], [ -121.844980363366574, 37.419434248219368 ], [ -121.84482508717673, 37.419336955804305 ], [ -121.844820541782454, 37.41933735212951 ], [ -121.844458087653919, 37.419368955484352 ], [ -121.844308087866096, 37.419408955778671 ], [ -121.844242087743879, 37.419490956101207 ], [ -121.844183088192636, 37.419520955918316 ], [ -121.844109087674468, 37.419763956205934 ], [ -121.843986088549116, 37.419774955410496 ], [ -121.843985020292763, 37.419768925014466 ], [ -121.843924087726535, 37.419424955605045 ], [ -121.843911877850033, 37.419424955605045 ], [ -121.843798088228183, 37.419424955605045 ], [ -121.843721088235256, 37.419404955464827 ], [ -121.843653087564888, 37.419386955833481 ], [ -121.843495088279454, 37.419408955778671 ], [ -121.843371088430914, 37.419457955503667 ], [ -121.843286088042092, 37.419498956006031 ], [ -121.843275964873342, 37.419492569884618 ], [ -121.843072087781849, 37.419363955624462 ], [ -121.842735087497957, 37.419127955863061 ], [ -121.842727648572207, 37.419126955676681 ], [ -121.842497087846567, 37.419095956080042 ], [ -121.84229108708395, 37.419068956163258 ], [ -121.841856087789068, 37.419333955744392 ], [ -121.841728086844228, 37.419849955716565 ], [ -121.840306086987141, 37.420568956446523 ], [ -121.839009086803529, 37.421074956265663 ], [ -121.838892087525963, 37.421218956370353 ], [ -121.838942025385052, 37.421339 ], [ -121.838944087404514, 37.421343956806432 ], [ -121.838933027762337, 37.421343956752388 ], [ -121.838798087814638, 37.421343956092983 ], [ -121.838583087729489, 37.421322956234079 ], [ -121.838384087537875, 37.421304957063754 ], [ -121.838171087102509, 37.421315956755421 ], [ -121.837964087413283, 37.421315956041973 ], [ -121.83781308690223, 37.421343956092983 ], [ -121.837747960345823, 37.421359541968748 ], [ -121.837462087272968, 37.421427956183244 ], [ -121.836020086426046, 37.421378957033838 ], [ -121.835877087209241, 37.421483956191032 ], [ -121.835862086242287, 37.421558956925729 ], [ -121.835586086057774, 37.421685956533601 ], [ -121.835211086139054, 37.421648956709397 ], [ -121.83513608669432, 37.421932956395665 ], [ -121.83480008713363, 37.421887956331311 ], [ -121.834373086438077, 37.422157957025306 ], [ -121.834201086908905, 37.422351957377295 ], [ -121.833939086968101, 37.422299957464624 ], [ -121.833250086331702, 37.422718957106071 ], [ -121.833018086528114, 37.422868956739805 ], [ -121.832652086830237, 37.422898956630497 ], [ -121.832137183350639, 37.423067632610952 ], [ -121.832130086598383, 37.423069957418789 ], [ -121.832115817760098, 37.423064948598267 ], [ -121.83179108666468, 37.42295095755405 ], [ -121.83116208630274, 37.423002957014639 ], [ -121.83095908681149, 37.423097956813919 ], [ -121.83094798447199, 37.423092071306208 ], [ -121.830876086072479, 37.423053956944401 ], [ -121.830346086343042, 37.422822957026789 ], [ -121.830340009883855, 37.422821055251269 ], [ -121.830084085503927, 37.422740957499229 ], [ -121.829843085479482, 37.4226799573661 ], [ -121.829609085127785, 37.422597956968566 ], [ -121.829606178292678, 37.422596566752134 ], [ -121.829471085933832, 37.422531957783953 ], [ -121.829312086823478, 37.422427957459114 ], [ -121.828995085732771, 37.422174957197598 ], [ -121.828895085275335, 37.422111956875447 ], [ -121.828802086287226, 37.422053956894402 ], [ -121.828561085364498, 37.421916957105154 ], [ -121.828410086650067, 37.42182295674548 ], [ -121.828400491453522, 37.421820173487632 ], [ -121.828279085332156, 37.421784957477314 ], [ -121.828141085239935, 37.421756957591214 ], [ -121.827948085794404, 37.421712957647145 ], [ -121.827309085386702, 37.421508957633336 ], [ -121.826936085117794, 37.421493957054324 ], [ -121.826926584256313, 37.421489144138995 ], [ -121.826784084781835, 37.421416957221417 ], [ -121.826716085908075, 37.421368956868641 ], [ -121.826711132376403, 37.421369740500992 ], [ -121.826539086356092, 37.421396957613211 ], [ -121.826532875836151, 37.421390912297106 ], [ -121.826351085136807, 37.421213957347369 ], [ -121.826295085958591, 37.421101957599475 ], [ -121.826178084884432, 37.421042957314576 ], [ -121.826165140627154, 37.421038070914541 ], [ -121.825627085238622, 37.420834957378361 ], [ -121.825626854739482, 37.420834852605822 ], [ -121.825385084490975, 37.420724956828678 ], [ -121.825231085403487, 37.420625957337279 ], [ -121.825227156137146, 37.420626886088158 ], [ -121.825176085151909, 37.420638957609462 ], [ -121.824952084845918, 37.420627957818347 ], [ -121.824947811121234, 37.420623432688991 ], [ -121.824901084792302, 37.420573957652863 ], [ -121.82488308524897, 37.420475957490972 ], [ -121.824850085636996, 37.420271956961031 ], [ -121.824886084723673, 37.420131956737407 ], [ -121.824873084304883, 37.420052957861394 ], [ -121.824808084905882, 37.419979957543617 ], [ -121.824795569979997, 37.419975640131391 ], [ -121.824579085475335, 37.419900957080401 ], [ -121.824460084751323, 37.419862957550372 ], [ -121.824459392181836, 37.419861957167313 ], [ -121.824361085017117, 37.419719957231131 ], [ -121.82424808503923, 37.419629957269372 ], [ -121.824145085107062, 37.419510957645315 ], [ -121.823862085249843, 37.419239957136419 ], [ -121.823855292936784, 37.419241026098483 ], [ -121.823557085651316, 37.419287957427017 ], [ -121.823143085374554, 37.419345958123593 ], [ -121.823039084719142, 37.419381957401669 ], [ -121.822857085144264, 37.419427957801645 ], [ -121.82270008478541, 37.419396957690296 ], [ -121.822690334954828, 37.41939265849426 ], [ -121.822573084563828, 37.419340956835242 ], [ -121.822571029577801, 37.419340863435885 ], [ -121.82230908497317, 37.419328958022511 ], [ -121.822097085261078, 37.419315957522912 ], [ -121.821341084677528, 37.419246957522589 ], [ -121.821096084455135, 37.4191869569433 ], [ -121.821001084020608, 37.419195957853745 ], [ -121.820831084141275, 37.419209957206739 ], [ -121.820774084239844, 37.419225957789031 ], [ -121.820123084136611, 37.419323957446437 ], [ -121.820106084418171, 37.41937195768319 ], [ -121.820080083580621, 37.419416957119189 ], [ -121.820032084798328, 37.419433957200297 ], [ -121.819962084478135, 37.419424957745377 ], [ -121.819837083906336, 37.419556957252652 ], [ -121.819596083881919, 37.419811957587577 ], [ -121.819547084376438, 37.419908957654883 ], [ -121.819485084452154, 37.419964958085174 ], [ -121.819330083743139, 37.420153957177135 ], [ -121.819227083810972, 37.420316957996519 ], [ -121.818697084979888, 37.420876957364037 ], [ -121.818604083296819, 37.420934958256744 ], [ -121.818497084065029, 37.420981957938515 ], [ -121.817923083954639, 37.42106795747727 ], [ -121.817536084340375, 37.42099095791977 ], [ -121.817532908196924, 37.420987971398354 ], [ -121.817402084446073, 37.420864958083961 ], [ -121.817389862999065, 37.420860811476736 ], [ -121.817346084369575, 37.420845957852507 ], [ -121.817344730339698, 37.420844979936682 ], [ -121.817202084429539, 37.420741957326307 ], [ -121.817023083431081, 37.42051595790744 ], [ -121.816809083170824, 37.420312957731184 ], [ -121.81665108388539, 37.420175957610454 ], [ -121.816585083763144, 37.420130957203689 ], [ -121.816295083334921, 37.419905958331348 ], [ -121.816290569867121, 37.419907649034833 ], [ -121.815988083188259, 37.42002095776018 ], [ -121.815926083263975, 37.4200309581054 ], [ -121.815692083810589, 37.420170958517843 ], [ -121.815455083984119, 37.420258958052003 ], [ -121.815183083099228, 37.42034895797125 ], [ -121.814828084170315, 37.420399958281784 ], [ -121.814789082913933, 37.420397957794634 ], [ -121.814777954718835, 37.420393100241988 ], [ -121.814663083415539, 37.420342957932455 ], [ -121.814658294784294, 37.420341620739173 ], [ -121.814398083101679, 37.420268958365483 ], [ -121.814391803889606, 37.420265899954074 ], [ -121.814166083298076, 37.420155958384264 ], [ -121.814162103445668, 37.420155434005856 ], [ -121.813870083920392, 37.420116958022867 ], [ -121.813862131897153, 37.42011267616212 ], [ -121.813831083562349, 37.420095957819875 ], [ -121.813826301576611, 37.420095470079708 ], [ -121.813380082577311, 37.42004995783023 ], [ -121.813043083191729, 37.41997495772447 ], [ -121.812614082846338, 37.419892957931921 ], [ -121.812506083789614, 37.419878957993156 ], [ -121.8122590830191, 37.419879958243691 ], [ -121.812087082591631, 37.419839958914409 ], [ -121.811804082734426, 37.419768958179489 ], [ -121.81157808367692, 37.419736957956914 ], [ -121.811544083341758, 37.419729958330002 ], [ -121.811026083307908, 37.419628958442409 ], [ -121.810947082766845, 37.419616958248895 ], [ -121.810674082955373, 37.419575957811141 ], [ -121.810543083434126, 37.419570957965021 ], [ -121.810268083074504, 37.419534958064339 ], [ -121.810096083545389, 37.419538958371291 ], [ -121.809718082355275, 37.419480958537655 ], [ -121.809665082651861, 37.419493958295149 ], [ -121.809489082924742, 37.419476958227662 ], [ -121.809277082314324, 37.419531958012413 ], [ -121.809270450687777, 37.419525326472503 ], [ -121.809198081773289, 37.419452958503456 ], [ -121.809189125164096, 37.419452125164085 ], [ -121.80672608250309, 37.419222959151618 ], [ -121.806721040355114, 37.419218748091296 ], [ -121.805094081685397, 37.417859957919859 ], [ -121.803207081497888, 37.416424959073424 ], [ -121.801786081465707, 37.41546495923253 ], [ -121.800893081513138, 37.415075958415891 ], [ -121.800892739907866, 37.415076549635117 ], [ -121.800867080675559, 37.415120958292704 ], [ -121.799192081098454, 37.414777958232058 ], [ -121.797359080439321, 37.414128958383365 ], [ -121.796105079913389, 37.413688958625087 ], [ -121.793355079012215, 37.413826959527988 ], [ -121.793250079430237, 37.413818959017277 ], [ -121.793102080190536, 37.413807958937959 ], [ -121.791975079886228, 37.413723959576117 ], [ -121.791962106744975, 37.413720667890225 ], [ -121.791841079991926, 37.413689959671771 ], [ -121.791571079655199, 37.413629958921497 ], [ -121.79157292682325, 37.413628317071833 ], [ -121.791589080096827, 37.413613959284135 ], [ -121.791783079367292, 37.413428958590814 ], [ -121.791827078849892, 37.413393958928935 ], [ -121.791961078744194, 37.413289958756607 ], [ -121.791991097370428, 37.413267278052935 ], [ -121.792006078950038, 37.41325595865527 ], [ -121.791992328562074, 37.413256744524382 ], [ -121.791984829717762, 37.413257173102117 ], [ -121.79193607952817, 37.413259959297562 ], [ -121.791826079923297, 37.413266958815655 ], [ -121.791807078758424, 37.413267958440983 ], [ -121.791726078567578, 37.413262958887259 ], [ -121.791681079260044, 37.413260958922976 ], [ -121.791657078970601, 37.413256958994211 ], [ -121.791639078528931, 37.413253958690802 ], [ -121.791554079038434, 37.413238959312302 ], [ -121.791517079228512, 37.413228959487128 ], [ -121.791156078655192, 37.413138958860053 ], [ -121.791102079126816, 37.413125958712932 ], [ -121.79101907928613, 37.413125958712932 ], [ -121.790962079384755, 37.41314095882759 ], [ -121.790895079437561, 37.41317295972803 ], [ -121.790848079581934, 37.413215959355682 ], [ -121.790798079353209, 37.413277958974419 ], [ -121.790786079657636, 37.413293959397087 ], [ -121.790640079169464, 37.413575959418118 ], [ -121.790575078872124, 37.41366195889951 ], [ -121.790533079039335, 37.413701959387964 ], [ -121.790442078802741, 37.413753959562911 ], [ -121.790398079320113, 37.413770959502457 ], [ -121.79034507871836, 37.413792959670396 ], [ -121.790238079486571, 37.413819959348707 ], [ -121.790188079257831, 37.4138289594772 ], [ -121.790180602680579, 37.413830335741586 ], [ -121.789987079416392, 37.41386595888401 ], [ -121.789880079286249, 37.413885959076403 ], [ -121.78950907866718, 37.414013959896018 ], [ -121.789455078240508, 37.41404195910966 ], [ -121.789416078780746, 37.414064958812652 ], [ -121.789332079115169, 37.414115959121595 ], [ -121.789247079624687, 37.414144959337762 ], [ -121.789233079380978, 37.41415095915962 ], [ -121.789153079015037, 37.414165959782522 ], [ -121.789083079593141, 37.414164959455661 ], [ -121.78900507887704, 37.414148959219055 ], [ -121.789003049125498, 37.414146266487279 ], [ -121.78860707849374, 37.413620959482657 ], [ -121.788598149063986, 37.413621504285892 ], [ -121.787935078474106, 37.413661959613023 ], [ -121.787922821964756, 37.413656949850363 ], [ -121.78702007788192, 37.413287959506576 ], [ -121.78583807822433, 37.412427959522745 ], [ -121.785836238831138, 37.412431177152939 ], [ -121.785496737721814, 37.413025062696036 ], [ -121.785487078595068, 37.413041959299839 ], [ -121.785393078883715, 37.413072959901136 ], [ -121.785288078403426, 37.413089959995297 ], [ -121.785106077930251, 37.413101959094085 ], [ -121.784931078028052, 37.413101959094085 ], [ -121.784902015437382, 37.413095675312491 ], [ -121.784302078564394, 37.412965959681706 ], [ -121.784297841970869, 37.412962911777484 ], [ -121.783885077914576, 37.412665959685043 ], [ -121.783879588239344, 37.412666459164996 ], [ -121.78269807823412, 37.412773959251474 ], [ -121.78268782151234, 37.412768743282783 ], [ -121.781703078174289, 37.41226796042762 ], [ -121.781701049941304, 37.412268619367133 ], [ -121.781282149665842, 37.412404713172698 ], [ -121.781269077806016, 37.412408960004832 ], [ -121.781260103049092, 37.412404111901331 ], [ -121.781258432772589, 37.412403209629176 ], [ -121.780958078359703, 37.412240960189834 ], [ -121.78095445360978, 37.412241106773124 ], [ -121.78068607747484, 37.412251959785742 ], [ -121.780677617555156, 37.412246813260637 ], [ -121.778840077295214, 37.411128960203911 ], [ -121.778835387592878, 37.411129102528058 ], [ -121.778181076796059, 37.411148959700093 ], [ -121.777780076938058, 37.411164959863974 ], [ -121.775256076890997, 37.412065960368359 ], [ -121.775245840419018, 37.412059986046941 ], [ -121.774694076476194, 37.411737959556824 ], [ -121.77162707628095, 37.409798959962252 ], [ -121.771066075691067, 37.409368960085196 ], [ -121.771063881416524, 37.409372340479692 ], [ -121.771029075881145, 37.409425960224056 ], [ -121.771017565085273, 37.409418588922698 ], [ -121.769038075038239, 37.408150960009777 ], [ -121.768656075446813, 37.407943960357017 ], [ -121.768654904371957, 37.407945450798415 ], [ -121.768634075705521, 37.407971959698898 ], [ -121.768622686461924, 37.40796485359391 ], [ -121.766762075586627, 37.406803960325156 ], [ -121.764666074263445, 37.405514960674161 ], [ -121.759380072721314, 37.402178960636078 ], [ -121.759377165047781, 37.402180415172033 ], [ -121.755218072907127, 37.404260961345713 ], [ -121.752744072190467, 37.405497961001728 ], [ -121.750752072420951, 37.406459960997275 ], [ -121.749498072793358, 37.40604796120887 ], [ -121.747264072276224, 37.405291961600014 ], [ -121.744083070481523, 37.404208962430651 ], [ -121.741304070166336, 37.403264962019456 ], [ -121.73719807042859, 37.401838962020982 ], [ -121.733642068715184, 37.40065396189452 ], [ -121.729520068185622, 37.399261962208719 ], [ -121.72771606783877, 37.398643962255079 ], [ -121.725414067549579, 37.397853962209943 ], [ -121.722459067507316, 37.396839962596999 ], [ -121.718508066681991, 37.395534962892825 ], [ -121.71850699292753, 37.395533961217524 ], [ -121.717495066180476, 37.394589963245664 ], [ -121.715348064803663, 37.392665962298977 ], [ -121.712032064188023, 37.389762963178747 ], [ -121.71033906416929, 37.388170962166591 ], [ -121.708476063372927, 37.386515963469286 ], [ -121.706999064162574, 37.38514196246588 ], [ -121.705195062019101, 37.383544963151465 ], [ -121.703306063080092, 37.381826962338124 ], [ -121.701887061799411, 37.380542962409372 ], [ -121.700609061882346, 37.379369962745379 ], [ -121.69904606066163, 37.377961962448879 ], [ -121.696503060348022, 37.375693962465903 ], [ -121.693635059446052, 37.373048963063439 ], [ -121.69167605928854, 37.371227962571851 ], [ -121.689701058339153, 37.368289963014121 ], [ -121.684400056728435, 37.360786962527712 ], [ -121.684135056414561, 37.360405961869439 ], [ -121.681335056182988, 37.356677962226335 ], [ -121.67959205593553, 37.354292961910495 ], [ -121.679570753636568, 37.354263675510055 ], [ -121.67896505612174, 37.353430962571707 ], [ -121.676583055466594, 37.349894961993435 ], [ -121.676633054796994, 37.349494961278062 ], [ -121.676619964235826, 37.349490286113429 ], [ -121.676493055054877, 37.34944496175293 ], [ -121.676492763821258, 37.349444558507592 ], [ -121.676363054460239, 37.349264961472791 ], [ -121.675873054913779, 37.348424962314674 ], [ -121.675803054593587, 37.348364961454124 ], [ -121.675791164499984, 37.348360998142837 ], [ -121.675713054181898, 37.348334961719949 ], [ -121.675563054394075, 37.348294962055775 ], [ -121.675561842819704, 37.348293158085255 ], [ -121.671808052489013, 37.34270396167355 ], [ -121.670992052529314, 37.341496961254222 ], [ -121.670982330543126, 37.341496926428363 ], [ -121.663734051309206, 37.341470961821088 ], [ -121.663796052131801, 37.341931961917005 ], [ -121.663751052824296, 37.352284962847122 ], [ -121.659319051775, 37.352387963677522 ], [ -121.659341028937519, 37.357352457127597 ], [ -121.659341053312943, 37.35735796337233 ], [ -121.659354053731732, 37.361491963620203 ], [ -121.658648052478583, 37.36149996400475 ], [ -121.649468051809166, 37.361640964841477 ], [ -121.649448942836898, 37.36164128155076 ], [ -121.649106051410911, 37.361646964582576 ], [ -121.643104051264871, 37.361716965096491 ], [ -121.638864049836215, 37.36169896517459 ], [ -121.635469049577893, 37.361663965631386 ], [ -121.634069049462127, 37.361628965357845 ], [ -121.631660049042765, 37.361605966699194 ], [ -121.630500049126525, 37.361587966036659 ], [ -121.624900047765067, 37.361488966956493 ], [ -121.623963048329841, 37.361464966510773 ], [ -121.623710047711526, 37.361477966336665 ], [ -121.623074047676909, 37.361471966582059 ], [ -121.622673047818921, 37.361474966816395 ], [ -121.622141047541362, 37.36146596682697 ], [ -121.621993048301661, 37.361524966896781 ], [ -121.621923047981454, 37.361534966480441 ], [ -121.621863047706995, 37.361524966896781 ], [ -121.621793048285127, 37.361504967011427 ], [ -121.621789106251242, 37.361502601786064 ], [ -121.621693047827691, 37.36144496660944 ], [ -121.621688498938738, 37.361445099363252 ], [ -121.621179047991788, 37.361459967071397 ], [ -121.616075046922887, 37.361430967175096 ], [ -121.612290045778906, 37.361418966943923 ], [ -121.604147045002122, 37.361436967646995 ], [ -121.598612044836301, 37.361442968118425 ], [ -121.597030043349008, 37.361406968138809 ], [ -121.597017, 37.361407821026681 ], [ -121.596143043244197, 37.361464967938758 ], [ -121.596130909574782, 37.361464851065534 ], [ -121.595001042871274, 37.361453968029373 ], [ -121.591111042145315, 37.361453969457393 ], [ -121.588382042058853, 37.361452968426974 ], [ -121.58661804189498, 37.361469968805771 ], [ -121.586618109110489, 37.361464873665028 ], [ -121.586638041088136, 37.35995396898663 ], [ -121.586659041902848, 37.358418968895357 ], [ -121.58665204223017, 37.357338969174108 ], [ -121.586652448073167, 37.357331348267259 ], [ -121.586679041994358, 37.356831968469081 ], [ -121.586692041514823, 37.355601968306928 ], [ -121.586710041956493, 37.354020967936371 ], [ -121.586721040928836, 37.352838968131145 ], [ -121.586721990831549, 37.352593850710981 ], [ -121.586722040753756, 37.35258096854816 ], [ -121.586724040403567, 37.352376968864569 ], [ -121.586743040670143, 37.350826968332015 ], [ -121.586761041111785, 37.34923996806485 ], [ -121.586774040632278, 37.34761996843654 ], [ -121.58678204012989, 37.34599196752437 ], [ -121.586786039429526, 37.344074967753627 ], [ -121.586811039543861, 37.340317967470668 ], [ -121.586819039041501, 37.338395966863246 ], [ -121.587827039520121, 37.338034967264178 ], [ -121.601705930881252, 37.332719455103067 ], [ -121.601715041423319, 37.332715965833223 ], [ -121.603354041913704, 37.332083965481687 ], [ -121.603378041304836, 37.332076965527115 ], [ -121.607286042472467, 37.330582964588004 ], [ -121.617529042973757, 37.326732963487871 ], [ -121.633202044058905, 37.320820962838631 ], [ -121.648616336690736, 37.315153324855011 ], [ -121.648620046672562, 37.315151960742213 ], [ -121.648558046748263, 37.315119960878178 ], [ -121.649194046782881, 37.314874961065577 ], [ -121.649458046373539, 37.314777960140503 ], [ -121.652453047497104, 37.31363696049425 ], [ -121.655349047988125, 37.312549960091765 ], [ -121.65767304712034, 37.311682959716435 ], [ -121.658860047699122, 37.311234959711612 ], [ -121.660268047312513, 37.310706959851046 ], [ -121.663546047394959, 37.309460959734523 ], [ -121.665781047737013, 37.308618959249102 ], [ -121.667357048478209, 37.30802195870352 ], [ -121.668590048189429, 37.307561958055103 ], [ -121.670790049269698, 37.306723958348528 ], [ -121.671933049467526, 37.30630295860712 ], [ -121.672964049512387, 37.305903958316144 ], [ -121.673888049427077, 37.305559958546894 ], [ -121.674618050071373, 37.305288957782544 ], [ -121.676784049019815, 37.304464957806722 ], [ -121.677385048894365, 37.30422795762459 ], [ -121.680036050061346, 37.304206957120158 ], [ -121.680758050309691, 37.304201957441549 ], [ -121.685419050789505, 37.304189957354062 ], [ -121.687276041655309, 37.304169069425512 ], [ -121.687286050885533, 37.304168956839021 ], [ -121.68771805160398, 37.30416395715789 ], [ -121.689394051005976, 37.304163956443325 ], [ -121.690403051309531, 37.304146956667452 ], [ -121.691559051027838, 37.304146956667452 ], [ -121.693922052314704, 37.30412495648951 ], [ -121.695963052488011, 37.30412495648951 ], [ -121.697527052635337, 37.304107955990268 ], [ -121.699476376869669, 37.30409399723429 ], [ -121.699482053493213, 37.304093956585021 ], [ -121.699696052855117, 37.304094955521876 ], [ -121.701716053112037, 37.304081955765731 ], [ -121.703305053373697, 37.304073955694861 ], [ -121.70616705442788, 37.304051955495503 ], [ -121.70807405470687, 37.304047955458572 ], [ -121.709527054526106, 37.304030955656479 ], [ -121.711145844298628, 37.304025983542743 ], [ -121.711155055145852, 37.304025955251618 ], [ -121.70837105390946, 37.300399955386453 ], [ -121.708358930550801, 37.300384143574021 ], [ -121.703776052653581, 37.294406954599239 ], [ -121.703756052562099, 37.294315955256891 ], [ -121.703719051853838, 37.294230954499589 ], [ -121.703658052652813, 37.294131954530577 ], [ -121.703635052188247, 37.294056954987063 ], [ -121.703634052363356, 37.293975955224596 ], [ -121.70364905243197, 37.293917955473411 ], [ -121.703635405979227, 37.293915296880314 ], [ -121.703572052439085, 37.293902954384578 ], [ -121.70346105211101, 37.293900954810901 ], [ -121.703389053039288, 37.293903954886048 ], [ -121.70338496956407, 37.29389862626816 ], [ -121.699611050669674, 37.288973955333276 ], [ -121.698631050678472, 37.287683955377766 ], [ -121.697938050742437, 37.28677195453696 ], [ -121.697711050961715, 37.286468954783075 ], [ -121.697707836857376, 37.286464702632664 ], [ -121.696878463939299, 37.285367470551918 ], [ -121.696875050910549, 37.285362955231307 ], [ -121.692558048590683, 37.279668954353539 ], [ -121.691920048906212, 37.278812954330263 ], [ -121.691908121984468, 37.278797474717116 ], [ -121.689429047572816, 37.275579954413445 ], [ -121.686942047335663, 37.272980954481163 ], [ -121.685775047746716, 37.271760954872946 ], [ -121.683167046237443, 37.269035954268993 ], [ -121.685199460781348, 37.267270805598336 ], [ -121.685205046935991, 37.267265954032261 ], [ -121.685722047144949, 37.266816953846579 ], [ -121.686577046564409, 37.266072953985578 ], [ -121.690695047794307, 37.262496952587441 ], [ -121.692068046349277, 37.26130495299487 ], [ -121.69590204789705, 37.257974952875017 ], [ -121.69633004751924, 37.257602952371926 ], [ -121.696312778127975, 37.257601669477552 ], [ -121.695980046816558, 37.25757695180679 ], [ -121.695983917691407, 37.257573256742788 ], [ -121.704897047720237, 37.249064951213548 ], [ -121.713161047972505, 37.241155949650128 ], [ -121.713270683866952, 37.241052135086903 ], [ -121.713274047950406, 37.241048949626006 ], [ -121.713267444183714, 37.241049413539315 ], [ -121.713254308363801, 37.241050336328072 ], [ -121.713032048101098, 37.241065950067743 ], [ -121.713038670352759, 37.241059618198356 ], [ -121.717362345985961, 37.236925533484914 ], [ -121.717365048517834, 37.236922949457657 ], [ -121.717700048253562, 37.236574949719248 ], [ -121.717960047646272, 37.236362949058289 ], [ -121.718546887863909, 37.235774124243278 ], [ -121.718551048373371, 37.235769949663656 ], [ -121.719303048758945, 37.236541948785181 ], [ -121.718528400941864, 37.23688268136042 ], [ -121.718480049126569, 37.236903949139375 ], [ -121.718407048433335, 37.236922948742468 ], [ -121.719491049079934, 37.237805949406045 ], [ -121.719894048587747, 37.238159948770459 ], [ -121.720286048224906, 37.238531948723427 ], [ -121.723732049435171, 37.2412299492104 ], [ -121.724581656499382, 37.241895590137425 ], [ -121.724591049950888, 37.241902949616914 ], [ -121.734279050608407, 37.235517948576096 ], [ -121.735251050203715, 37.235182948289605 ], [ -121.735257523276928, 37.23517957763854 ], [ -121.73870205143686, 37.233385946988264 ], [ -121.742871051822092, 37.231211947080226 ], [ -121.745999403018374, 37.229584364998452 ], [ -121.746004052139583, 37.22958194620788 ], [ -121.746468992802932, 37.229271322363431 ], [ -121.74647105211983, 37.229269946547149 ], [ -121.746800646736972, 37.229093235945939 ], [ -121.746803051482502, 37.22909194665295 ], [ -121.747520052606319, 37.228704946835521 ], [ -121.747502923381788, 37.228702200350412 ], [ -121.747283051881539, 37.228666946343459 ], [ -121.747286937882265, 37.228664715778592 ], [ -121.74828305196425, 37.228092946180858 ], [ -121.74851505266615, 37.228155945583524 ], [ -121.74902377888499, 37.227902491001856 ], [ -121.749075051634492, 37.227876946194463 ], [ -121.749198051658126, 37.227787946443939 ], [ -121.749499051957017, 37.2275809458705 ], [ -121.750104052029513, 37.227166946595275 ], [ -121.750139051291299, 37.227141946215546 ], [ -121.750247052144658, 37.227066946457199 ], [ -121.75028305212966, 37.227042946003799 ], [ -121.750388052609949, 37.226969945352515 ], [ -121.750486052519278, 37.226902945829231 ], [ -121.750537052572881, 37.22686494585961 ], [ -121.750604052520018, 37.226816945531837 ], [ -121.750706051728955, 37.226755945652357 ], [ -121.75081032197437, 37.226694331901882 ], [ -121.750816052232139, 37.226690945867155 ], [ -121.750866773583098, 37.226748663318858 ], [ -121.750874051958462, 37.226756945615584 ], [ -121.751026724188506, 37.226668713310126 ], [ -121.751028051944232, 37.226667945973794 ], [ -121.751422052129556, 37.226859946050411 ], [ -121.751511052716324, 37.227050946394172 ], [ -121.751712052557764, 37.227393945973091 ], [ -121.75171805240555, 37.227516945319032 ], [ -121.752397052996201, 37.228961945331584 ], [ -121.753220052628606, 37.230730945869269 ], [ -121.753544555136642, 37.231417891872475 ], [ -121.753545053216925, 37.231418946268825 ], [ -121.754687053589848, 37.231772946300822 ], [ -121.754821054382461, 37.231806945642624 ], [ -121.756163053873607, 37.232226945966033 ], [ -121.7569360532773, 37.232465945928091 ], [ -121.75794961190536, 37.232770708040647 ], [ -121.75795705417471, 37.232772945821146 ], [ -121.760135054615318, 37.233823945466938 ], [ -121.760831054026113, 37.234149946569197 ], [ -121.761231054957506, 37.234336946161569 ], [ -121.761362054478781, 37.234398945491868 ], [ -121.762766054792507, 37.235058945861134 ], [ -121.763300394760904, 37.235309878952179 ], [ -121.763309054940734, 37.235313945886759 ], [ -121.763368678503099, 37.235325870064159 ], [ -121.76337405523806, 37.2353269453629 ], [ -121.763997054853888, 37.235640945397826 ], [ -121.764136055669397, 37.235711945832513 ], [ -121.764253054946934, 37.235794945752282 ], [ -121.764533055329409, 37.236038945762822 ], [ -121.764615055345203, 37.236173945517159 ], [ -121.764643054934282, 37.236219945934522 ], [ -121.764695054812805, 37.236445945400568 ], [ -121.764886055506821, 37.236762945987792 ], [ -121.764905054875086, 37.236904945392084 ], [ -121.764960056024989, 37.23756794545217 ], [ -121.764987055789177, 37.237876946371323 ], [ -121.76495205473077, 37.238014946567112 ], [ -121.764951055804175, 37.238326945798548 ], [ -121.764950055979256, 37.238497946693045 ], [ -121.764949056154336, 37.239013945736019 ], [ -121.764949056154336, 37.239168394057884 ], [ -121.764949056154336, 37.239185946300758 ], [ -121.765173313912825, 37.238969420470923 ], [ -121.765181055957953, 37.238961945354973 ], [ -121.76526405579861, 37.23915594519103 ], [ -121.765469028883288, 37.239265517028556 ], [ -121.765481055533598, 37.239271946078382 ], [ -121.765660055633717, 37.239013945736019 ], [ -121.765902056381378, 37.23880794646405 ], [ -121.76620705508158, 37.23844494543264 ], [ -121.766258055135239, 37.238394945707192 ], [ -121.766704056097382, 37.237879945103373 ], [ -121.767307055621743, 37.237310945537381 ], [ -121.767476056574438, 37.237105945728494 ], [ -121.768191056251808, 37.236328945334343 ], [ -121.768780056430771, 37.235669945915873 ], [ -121.768893680278168, 37.235542489043425 ], [ -121.768895056058483, 37.235540945770069 ], [ -121.768719056331392, 37.235442944990581 ], [ -121.768971992297566, 37.235254483164972 ], [ -121.768974055701207, 37.235252945729137 ], [ -121.769273055451961, 37.23504794533018 ], [ -121.769312360976485, 37.234908414449166 ], [ -121.76931305653325, 37.234905945288702 ], [ -121.769496055933033, 37.234707945096709 ], [ -121.769633056200377, 37.234561944976022 ], [ -121.769840225617628, 37.234361713782846 ], [ -121.769842055539428, 37.234359945146188 ], [ -121.769950056392801, 37.234254945215653 ], [ -121.770087056660145, 37.234123945063111 ], [ -121.770268055511792, 37.233931944886962 ], [ -121.770373056890406, 37.233822944882206 ], [ -121.770473056449489, 37.233713944719923 ], [ -121.770776056398233, 37.233389945059038 ], [ -121.770840055972343, 37.233321944926921 ], [ -121.770877944413058, 37.233285028021541 ], [ -121.770879056330372, 37.233283944616012 ], [ -121.771019056072461, 37.233129945569146 ], [ -121.771040055090538, 37.233104945020791 ], [ -121.771517056014829, 37.232560945196887 ], [ -121.771633055467476, 37.232429944961801 ], [ -121.771679056396536, 37.232382944488982 ], [ -121.771861056869724, 37.232187945212033 ], [ -121.771991055667769, 37.232050944970958 ], [ -121.772040056071589, 37.232024944886639 ], [ -121.772063056536084, 37.232017944917402 ], [ -121.772467056767141, 37.231673945016709 ], [ -121.772633265435744, 37.231533807387294 ], [ -121.77267105608334, 37.231501944477777 ], [ -121.772690055451605, 37.231474944303507 ], [ -121.772818056396432, 37.231318944617122 ], [ -121.772920055605354, 37.2312069446983 ], [ -121.772969056009146, 37.231153944748961 ], [ -121.773904056692857, 37.230145945151897 ], [ -121.774214395152825, 37.229811733499396 ], [ -121.7742160568624, 37.229809943960639 ], [ -121.774445055394594, 37.229559944261311 ], [ -121.774517056262951, 37.229482944192682 ], [ -121.775124056883598, 37.228802944214017 ], [ -121.775351056664292, 37.228550944158236 ], [ -121.77535132688395, 37.228550640611374 ], [ -121.77565105623998, 37.228213944498847 ], [ -121.775904056858266, 37.227931944050894 ], [ -121.776552056588471, 37.227201943679667 ], [ -121.776681056459893, 37.22705894392265 ], [ -121.776854885867706, 37.226871287233756 ], [ -121.776857056186984, 37.22686894427617 ], [ -121.776942056575805, 37.226781944692419 ], [ -121.776978056560807, 37.226745943873347 ], [ -121.777192056821065, 37.226514944109802 ], [ -121.77727505576344, 37.22642594346712 ], [ -121.77736605600002, 37.226325944492253 ], [ -121.777642056184547, 37.226027943856749 ], [ -121.777735056070952, 37.225929944302571 ], [ -121.777795056345425, 37.225863943830383 ], [ -121.777978056643519, 37.22566794416845 ], [ -121.778039056742884, 37.225602943445523 ], [ -121.778098056294098, 37.225537944097084 ], [ -121.778277056394273, 37.225345944231115 ], [ -121.778335322208591, 37.225283793325154 ], [ -121.778337056668732, 37.225281943213389 ], [ -121.778467056365045, 37.225140943361431 ], [ -121.778859056002233, 37.22471894364471 ], [ -121.778904056208063, 37.224671944087767 ], [ -121.779000056467538, 37.224589944075369 ], [ -121.779039055927271, 37.224555943625326 ], [ -121.779089056155996, 37.224514943209563 ], [ -121.779151056978577, 37.224447943651064 ], [ -121.779187056963607, 37.224410943869358 ], [ -121.779243057040077, 37.224350943469481 ], [ -121.779412056196179, 37.224169944131773 ], [ -121.779464989788394, 37.22411515323909 ], [ -121.779469056097597, 37.224110944253795 ], [ -121.780094056261561, 37.223441943839092 ], [ -121.78010605595712, 37.223429943751839 ], [ -121.781286056863209, 37.222156942962243 ], [ -121.781938056791361, 37.221469943215695 ], [ -121.7819690558552, 37.221434942756034 ], [ -121.782189055963244, 37.221192943486585 ], [ -121.78239405600263, 37.220988943528823 ], [ -121.782555056559431, 37.220829942768844 ], [ -121.782598603725589, 37.220776929334619 ], [ -121.782601056590167, 37.220773943267183 ], [ -121.782624057054718, 37.220744943457831 ], [ -121.782692056826775, 37.220659942620337 ], [ -121.782716057116232, 37.220631942811593 ], [ -121.782716110837782, 37.220631877410639 ], [ -121.782739056682473, 37.220603942992511 ], [ -121.782747056180042, 37.220593942543616 ], [ -121.782845056987654, 37.220486942664969 ], [ -121.782878056599614, 37.220451942464507 ], [ -121.782927056105109, 37.220369942871358 ], [ -121.782918908590631, 37.220351910424966 ], [ -121.782308055788889, 37.218999943461625 ], [ -121.782283056572879, 37.218913943451909 ], [ -121.782271536627519, 37.218914285998672 ], [ -121.780736056143979, 37.218959943668935 ], [ -121.780736207484424, 37.218954607275833 ], [ -121.780782056174743, 37.217337943363717 ], [ -121.780811055588742, 37.216813942582547 ], [ -121.780848056296961, 37.216537943023127 ], [ -121.780893055604523, 37.21529594324047 ], [ -121.780879835682171, 37.215295535172125 ], [ -121.780731055222802, 37.215290942664339 ], [ -121.780727619650904, 37.215286296902804 ], [ -121.780132054998063, 37.214480942965089 ], [ -121.781267055698336, 37.212437942622209 ], [ -121.78123605483789, 37.212203942209833 ], [ -121.781220054944328, 37.212089942920031 ], [ -121.780672055671573, 37.21171694255905 ], [ -121.780255054123415, 37.210652942299397 ], [ -121.779437258937548, 37.208683432016791 ], [ -121.779437055412231, 37.208682941863245 ], [ -121.779276053957105, 37.208349942262288 ], [ -121.779705055200822, 37.207738942646962 ], [ -121.781966054583833, 37.208391941654831 ], [ -121.786946883894302, 37.20988698809952 ], [ -121.786960056047889, 37.209890941855043 ], [ -121.786815410363744, 37.211121928614162 ], [ -121.786815056282919, 37.211124941969295 ], [ -121.788157056672389, 37.211317941715947 ], [ -121.788822056121049, 37.21139094177687 ], [ -121.790272806020084, 37.211426639908929 ], [ -121.790285055986018, 37.211426941339866 ], [ -121.790856056621635, 37.214713941915754 ], [ -121.792078308252556, 37.215281415696651 ], [ -121.792088057406261, 37.215285942087924 ], [ -121.793601240043543, 37.215476079923789 ], [ -121.793616057568556, 37.215477941808842 ], [ -121.795568057155066, 37.215742941899101 ], [ -121.797438057624149, 37.214237942003322 ], [ -121.797445272955073, 37.214232137321062 ], [ -121.798640058271516, 37.213270941055654 ], [ -121.800653057957405, 37.211740940735062 ], [ -121.801165058143496, 37.211351941694282 ], [ -121.801212421154872, 37.211253267037229 ], [ -121.801213057824057, 37.211251940620024 ], [ -121.801653058040117, 37.211473940564701 ], [ -121.803204705224914, 37.212746091890352 ], [ -121.803213058887806, 37.212752940820586 ], [ -121.803300058926411, 37.212825940923985 ], [ -121.804660058859255, 37.213940941672725 ], [ -121.805273060225986, 37.215851940853476 ], [ -121.805292058695926, 37.215890940756125 ], [ -121.805368988988207, 37.216150332109805 ], [ -121.805370059412041, 37.216153941334184 ], [ -121.806576059359074, 37.216287940819157 ], [ -121.807120059332192, 37.216428940767614 ], [ -121.811261060128317, 37.217475941090854 ], [ -121.811434755019789, 37.217519582986434 ], [ -121.811460060319959, 37.217525941096667 ], [ -121.81154244227325, 37.217546973940415 ] ] ], [ [ [ -121.919090093610805, 37.36441894573872 ], [ -121.919250093444376, 37.364342945364321 ], [ -121.91981321389585, 37.364075216721794 ], [ -121.91982009335679, 37.364071945967318 ], [ -121.920425093429273, 37.364871945556303 ], [ -121.92192309435265, 37.365997945751978 ], [ -121.924851958207398, 37.367390176277858 ], [ -121.924864095049543, 37.367395945505436 ], [ -121.925094094304981, 37.367516945547685 ], [ -121.925764093776507, 37.368063945321737 ], [ -121.92709609412023, 37.369743945888764 ], [ -121.928041095747986, 37.370743945193169 ], [ -121.928655095142986, 37.371244945743868 ], [ -121.929551095468625, 37.371793945822553 ], [ -121.929670584842825, 37.371847353673701 ], [ -121.929683095713102, 37.371852945624461 ], [ -121.930610096000862, 37.372264944907705 ], [ -121.931515096547344, 37.372667946137973 ], [ -121.932411095974643, 37.373171945028119 ], [ -121.932763097225461, 37.373458946184691 ], [ -121.932783095520335, 37.373476945427178 ], [ -121.932804096335047, 37.373494945379186 ], [ -121.932830096274344, 37.373531945425682 ], [ -121.933089096740403, 37.373910946239903 ], [ -121.933101096435962, 37.373928945373862 ], [ -121.933181802987335, 37.374191003303892 ], [ -121.933186096824784, 37.374204945594009 ], [ -121.933145095918576, 37.37450194565097 ], [ -121.933030501901968, 37.374877616580875 ], [ -121.93303009629085, 37.374878946286458 ], [ -121.933011096024273, 37.374900945736705 ], [ -121.932934743513414, 37.375103230182759 ], [ -121.932934096031403, 37.375104945588539 ], [ -121.932846096167836, 37.375294945896385 ], [ -121.932801096860317, 37.375524945888081 ], [ -121.932742096410749, 37.375737945890741 ], [ -121.932741096585858, 37.375914945844997 ], [ -121.932846096167836, 37.376265946285436 ], [ -121.933404096384663, 37.376721945582027 ], [ -121.934302096360099, 37.377135945463458 ], [ -121.935107097347483, 37.377573946212607 ], [ -121.935983097581627, 37.37805194607671 ], [ -121.935979909204207, 37.378055089549932 ], [ -121.935912097436514, 37.378121946275996 ], [ -121.935840097466482, 37.378191946409899 ], [ -121.934446097198489, 37.379558946463369 ], [ -121.931336097345522, 37.382612946996801 ], [ -121.931339507517791, 37.382591789723676 ], [ -121.931385096851002, 37.382308945955579 ], [ -121.931368922087884, 37.382323095617963 ], [ -121.927663097252832, 37.385564946512822 ], [ -121.927655692661162, 37.385555020068573 ], [ -121.926283097228549, 37.383714946685558 ], [ -121.925473096218326, 37.382661947232407 ], [ -121.925466176712703, 37.382652689632152 ], [ -121.923502095466901, 37.380024947128192 ], [ -121.922816095203558, 37.37907194690515 ], [ -121.922810141120891, 37.379063684479583 ], [ -121.920590095082346, 37.375982947079599 ], [ -121.920028094667558, 37.375306946763793 ], [ -121.920020150672414, 37.375297407528542 ], [ -121.919535094748056, 37.374714947130911 ], [ -121.919307094244118, 37.374400946902881 ], [ -121.918962094462614, 37.373926946501456 ], [ -121.918700094521782, 37.373587946252336 ], [ -121.918418093591157, 37.373221946594612 ], [ -121.918412735477986, 37.373209508159121 ], [ -121.918334093027255, 37.373026945936608 ], [ -121.918326714931524, 37.373016657203543 ], [ -121.918007093687422, 37.372570946307164 ], [ -121.917579093166935, 37.372008946776731 ], [ -121.917570120712739, 37.372009410842438 ], [ -121.917405093987981, 37.372017946215514 ], [ -121.917400985658801, 37.372012535224542 ], [ -121.917364093980098, 37.371963945997145 ], [ -121.917361745067609, 37.371960509340596 ], [ -121.917215094017166, 37.371745946518224 ], [ -121.917212783037243, 37.37174268226412 ], [ -121.917135093651225, 37.371632946175524 ], [ -121.916765093755373, 37.37111194660789 ], [ -121.916763384815866, 37.371109554860247 ], [ -121.916317093143391, 37.370484946995113 ], [ -121.916050093179692, 37.370110947010431 ], [ -121.915691093154507, 37.369609946025811 ], [ -121.915470093221572, 37.369477946342386 ], [ -121.915463525495213, 37.369470214727649 ], [ -121.915312093037826, 37.369291946426678 ], [ -121.915240093067823, 37.369206946215769 ], [ -121.914958093035509, 37.36885094663775 ], [ -121.914859093301317, 37.368716946607613 ], [ -121.914715093361252, 37.368520946867825 ], [ -121.914535092537903, 37.368279946482211 ], [ -121.914484093382583, 37.368217946761398 ], [ -121.914338092894383, 37.368037946521731 ], [ -121.913795092746156, 37.367307946001148 ], [ -121.913569092790382, 37.367002946222733 ], [ -121.913563317647757, 37.36699448267759 ], [ -121.913453092439397, 37.366832946229465 ], [ -121.913297092803802, 37.366619946643418 ], [ -121.913269093214694, 37.366586946321576 ], [ -121.913221091737512, 37.366529946445503 ], [ -121.913067091751714, 37.366310945917604 ], [ -121.912717091947343, 37.365840946835462 ], [ -121.912633092281766, 37.36573094623018 ], [ -121.912434092090137, 37.365486946804346 ], [ -121.912341092203732, 37.365361946715041 ], [ -121.912330092333079, 37.365346946319043 ], [ -121.912300092195835, 37.365306946438402 ], [ -121.912038092255003, 37.364948946378689 ], [ -121.911923091728966, 37.364793946524969 ], [ -121.911654092115455, 37.364428946364718 ], [ -121.911579091772396, 37.364330946312798 ], [ -121.911463091421439, 37.364178946736686 ], [ -121.911627092351267, 37.36409794685558 ], [ -121.912092092681689, 37.363870946238208 ], [ -121.912121092095703, 37.363854946687738 ], [ -121.912285092127206, 37.363771946599961 ], [ -121.912619092038071, 37.363573945503681 ], [ -121.912700092228917, 37.363522945785775 ], [ -121.91393809196299, 37.362759946455633 ], [ -121.914344699434494, 37.362510862354647 ], [ -121.91435109241489, 37.362506946072031 ], [ -121.914487091958975, 37.362421946028242 ], [ -121.914896092212899, 37.362168946647053 ], [ -121.914992092472374, 37.36210994565559 ], [ -121.915031092830432, 37.362081945604494 ], [ -121.915166092549654, 37.362000945601821 ], [ -121.915583092301162, 37.361747946229229 ], [ -121.915721092393426, 37.36166494595296 ], [ -121.915730092614254, 37.3616589454993 ], [ -121.915769092074015, 37.361638945649645 ], [ -121.916339056470719, 37.361298151575639 ], [ -121.916346091659108, 37.361293945083929 ], [ -121.917297093134621, 37.362730946347696 ], [ -121.918407093720504, 37.364173946050201 ], [ -121.918618661348248, 37.364256117335977 ], [ -121.91863109402648, 37.364260946095307 ], [ -121.918800039685394, 37.364290920430982 ], [ -121.918806683421153, 37.364292099162455 ], [ -121.918817092901023, 37.364293946012182 ], [ -121.918888093046135, 37.364375945245136 ], [ -121.918970989369924, 37.364471737932455 ], [ -121.918978092559485, 37.36447994618085 ], [ -121.919083479839998, 37.364422547874042 ], [ -121.919090093610805, 37.36441894573872 ] ] ] ] } }
]
}
