{
"type": "FeatureCollection",
"name": "hayward_places",
"crs": { "type": "name", "properties": { "name": "urn:ogc:def:crs:OGC:1.3:CRS84" } },
"features": [
{ "type": "Feature", "properties": { "NAME": "Hayward" }, "geometry": { "type": "MultiPolygon", "coordinates": [ [ [ [ -122.218136, 37.632149 ], [ -122.210373, 37.639145 ], [ -122.199322, 37.649102 ], [ -122.188326, 37.659004 ], [ -122.181197, 37.665423 ], [ -122.176785, 37.669396 ], [ -122.170687, 37.670811 ], [ -122.170627, 37.667403 ], [ -122.167289, 37.66745 ], [ -122.163829, 37.667495 ], [ -122.163603, 37.667121 ], [ -122.161554, 37.663809 ], [ -122.160621, 37.663829 ], [ -122.159463, 37.663846 ], [ -122.158454, 37.663858 ], [ -122.158457, 37.663879 ], [ -122.158214, 37.663886 ], [ -122.15789, 37.663792 ], [ -122.157739, 37.663852 ], [ -122.157022, 37.663786 ], [ -122.156666, 37.663748 ], [ -122.156113, 37.663781 ], [ -122.156037, 37.663807 ], [ -122.154402, 37.663849 ], [ -122.154293, 37.663807 ], [ -122.15374, 37.663815 ], [ -122.153447, 37.663941 ], [ -122.152432, 37.663953 ], [ -122.151552, 37.663291 ], [ -122.150864, 37.662784 ], [ -122.150155, 37.663209 ], [ -122.149707, 37.663475 ], [ -122.149452, 37.663995 ], [ -122.148501, 37.664441 ], [ -122.146534, 37.665366 ], [ -122.146017, 37.665627 ], [ -122.145918, 37.665677 ], [ -122.145871, 37.665627 ], [ -122.145447, 37.66517 ], [ -122.145291, 37.665001 ], [ -122.144984, 37.664671 ], [ -122.144106, 37.663726 ], [ -122.144065, 37.663682 ], [ -122.143868, 37.66347 ], [ -122.14375, 37.663346 ], [ -122.143591, 37.663315 ], [ -122.140582, 37.662767 ], [ -122.139274, 37.662528 ], [ -122.134721, 37.662775 ], [ -122.134365, 37.662797 ], [ -122.134462, 37.664475 ], [ -122.134466, 37.664572 ], [ -122.134385, 37.6646 ], [ -122.133823, 37.664793 ], [ -122.133684, 37.66484 ], [ -122.133242, 37.664863 ], [ -122.130957, 37.664992 ], [ -122.127675, 37.665182 ], [ -122.127746, 37.665952 ], [ -122.127848, 37.667076 ], [ -122.127905, 37.667862 ], [ -122.127615, 37.667796 ], [ -122.127269, 37.667834 ], [ -122.127085, 37.667855 ], [ -122.126972, 37.667861 ], [ -122.126634, 37.66788 ], [ -122.126522, 37.667887 ], [ -122.126399, 37.667893 ], [ -122.126033, 37.667914 ], [ -122.125911, 37.667921 ], [ -122.125815, 37.667925 ], [ -122.125529, 37.667939 ], [ -122.125434, 37.667944 ], [ -122.125284, 37.667954 ], [ -122.124838, 37.667984 ], [ -122.124689, 37.667995 ], [ -122.12454, 37.668004 ], [ -122.124093, 37.668033 ], [ -122.123945, 37.668043 ], [ -122.12341, 37.668071 ], [ -122.12318, 37.668074 ], [ -122.123157, 37.668071 ], [ -122.123137, 37.668067 ], [ -122.123068, 37.668133 ], [ -122.123428, 37.668714 ], [ -122.122003, 37.669279 ], [ -122.12075, 37.669776 ], [ -122.120685, 37.669672 ], [ -122.120641, 37.669602 ], [ -122.12053, 37.669425 ], [ -122.120331, 37.669105 ], [ -122.120239, 37.66895 ], [ -122.120204, 37.668891 ], [ -122.120098, 37.668712 ], [ -122.119699, 37.668082 ], [ -122.1195, 37.667778 ], [ -122.119472, 37.667733 ], [ -122.119381, 37.6676 ], [ -122.119352, 37.667556 ], [ -122.119248, 37.66739 ], [ -122.118936, 37.666895 ], [ -122.118833, 37.66673 ], [ -122.118696, 37.666502 ], [ -122.118591, 37.666327 ], [ -122.118401, 37.666021 ], [ -122.118333, 37.665904 ], [ -122.118281, 37.665821 ], [ -122.118141, 37.665596 ], [ -122.117977, 37.665665 ], [ -122.117864, 37.665711 ], [ -122.117745, 37.66576 ], [ -122.117664, 37.665784 ], [ -122.117588, 37.665798 ], [ -122.117523, 37.665812 ], [ -122.117456, 37.665818 ], [ -122.117183, 37.665834 ], [ -122.116981, 37.665844 ], [ -122.116682, 37.66586 ], [ -122.116261, 37.665882 ], [ -122.115995, 37.665892 ], [ -122.115121, 37.665927 ], [ -122.113936, 37.665997 ], [ -122.113251, 37.666039 ], [ -122.11314, 37.666046 ], [ -122.113054, 37.666053 ], [ -122.112832, 37.666061 ], [ -122.112808, 37.666062 ], [ -122.112698, 37.666069 ], [ -122.112634, 37.666073 ], [ -122.112965, 37.666622 ], [ -122.113106, 37.666856 ], [ -122.112616, 37.66704 ], [ -122.11205, 37.666107 ], [ -122.111932, 37.666112 ], [ -122.111562, 37.66613 ], [ -122.111074, 37.66616 ], [ -122.110789, 37.666178 ], [ -122.11063, 37.666185 ], [ -122.110153, 37.666209 ], [ -122.109995, 37.666217 ], [ -122.109488, 37.66625 ], [ -122.109216, 37.666264 ], [ -122.109697, 37.667044 ], [ -122.10979, 37.667195 ], [ -122.109257, 37.667401 ], [ -122.109094, 37.667464 ], [ -122.10928, 37.667743 ], [ -122.109432, 37.667981 ], [ -122.109239, 37.668057 ], [ -122.109059, 37.668124 ], [ -122.108914, 37.667807 ], [ -122.108785, 37.667542 ], [ -122.108697, 37.667373 ], [ -122.108555, 37.667119 ], [ -122.10849, 37.667005 ], [ -122.108474, 37.666977 ], [ -122.108392, 37.666863 ], [ -122.108243, 37.66656 ], [ -122.108162, 37.666405 ], [ -122.108129, 37.666334 ], [ -122.108127, 37.666318 ], [ -122.107946, 37.666337 ], [ -122.107778, 37.666352 ], [ -122.107614, 37.666368 ], [ -122.107527, 37.666376 ], [ -122.107479, 37.666381 ], [ -122.107355, 37.666396 ], [ -122.107268, 37.666402 ], [ -122.107182, 37.66641 ], [ -122.107102, 37.666416 ], [ -122.10697, 37.666427 ], [ -122.106865, 37.666433 ], [ -122.106786, 37.666439 ], [ -122.106861, 37.666574 ], [ -122.107027, 37.666871 ], [ -122.107051, 37.66691 ], [ -122.106604, 37.667079 ], [ -122.106596, 37.667021 ], [ -122.106331, 37.667027 ], [ -122.106292, 37.666562 ], [ -122.105775, 37.66658 ], [ -122.105469, 37.666583 ], [ -122.105249, 37.666585 ], [ -122.104934, 37.666595 ], [ -122.104589, 37.666627 ], [ -122.104498, 37.666632 ], [ -122.104433, 37.666634 ], [ -122.103965, 37.666649 ], [ -122.103809, 37.666655 ], [ -122.103732, 37.666655 ], [ -122.103624, 37.666655 ], [ -122.103548, 37.666655 ], [ -122.103503, 37.666655 ], [ -122.103427, 37.666655 ], [ -122.103452, 37.666701 ], [ -122.103461, 37.666716 ], [ -122.103519, 37.666786 ], [ -122.103555, 37.66682 ], [ -122.103594, 37.666856 ], [ -122.103684, 37.66694 ], [ -122.103959, 37.667179 ], [ -122.103991, 37.667205 ], [ -122.10436, 37.6675 ], [ -122.104876, 37.667949 ], [ -122.105127, 37.668166 ], [ -122.105203, 37.668232 ], [ -122.105603, 37.668581 ], [ -122.105747, 37.668706 ], [ -122.106179, 37.669083 ], [ -122.106324, 37.669209 ], [ -122.106465, 37.66933 ], [ -122.106891, 37.669696 ], [ -122.107033, 37.669818 ], [ -122.10728, 37.670035 ], [ -122.108024, 37.670689 ], [ -122.108272, 37.670907 ], [ -122.108455, 37.671073 ], [ -122.108946, 37.671519 ], [ -122.108884, 37.671562 ], [ -122.107716, 37.672405 ], [ -122.107551, 37.672524 ], [ -122.107357, 37.672664 ], [ -122.107271, 37.672729 ], [ -122.107193, 37.672659 ], [ -122.106526, 37.672079 ], [ -122.106122, 37.671729 ], [ -122.105578, 37.671251 ], [ -122.104872, 37.670634 ], [ -122.104533, 37.670333 ], [ -122.1042, 37.670037 ], [ -122.103865, 37.669756 ], [ -122.103203, 37.669176 ], [ -122.102825, 37.668845 ], [ -122.102066, 37.668181 ], [ -122.101495, 37.667671 ], [ -122.101224, 37.667435 ], [ -122.100562, 37.666858 ], [ -122.100495, 37.6668 ], [ -122.100416, 37.666804 ], [ -122.100254, 37.666867 ], [ -122.100718, 37.667268 ], [ -122.100336, 37.66741 ], [ -122.099877, 37.66702 ], [ -122.099833, 37.666949 ], [ -122.099651, 37.667027 ], [ -122.099604, 37.667044 ], [ -122.099258, 37.667168 ], [ -122.099186, 37.667197 ], [ -122.099068, 37.667239 ], [ -122.098864, 37.667323 ], [ -122.098787, 37.667354 ], [ -122.098907, 37.667479 ], [ -122.099089, 37.667668 ], [ -122.098991, 37.667708 ], [ -122.099131, 37.667825 ], [ -122.098978, 37.667888 ], [ -122.098835, 37.667765 ], [ -122.09862, 37.667572 ], [ -122.098606, 37.667599 ], [ -122.098546, 37.667692 ], [ -122.098509, 37.667732 ], [ -122.098458, 37.667763 ], [ -122.098435, 37.667773 ], [ -122.098404, 37.667783 ], [ -122.098373, 37.66779 ], [ -122.098341, 37.667794 ], [ -122.098278, 37.667792 ], [ -122.098256, 37.667788 ], [ -122.098221, 37.667778 ], [ -122.097899, 37.667592 ], [ -122.097585, 37.667784 ], [ -122.097502, 37.667829 ], [ -122.097402, 37.667886 ], [ -122.097357, 37.667909 ], [ -122.097328, 37.667923 ], [ -122.097435, 37.668089 ], [ -122.097635, 37.6684 ], [ -122.09758, 37.668422 ], [ -122.097489, 37.668458 ], [ -122.097254, 37.668094 ], [ -122.097187, 37.667992 ], [ -122.097135, 37.668017 ], [ -122.097109, 37.668028 ], [ -122.097047, 37.668057 ], [ -122.096963, 37.668091 ], [ -122.096713, 37.668196 ], [ -122.09663, 37.668232 ], [ -122.096686, 37.668318 ], [ -122.096855, 37.668576 ], [ -122.09688, 37.668614 ], [ -122.096912, 37.668662 ], [ -122.096932, 37.668692 ], [ -122.096665, 37.668795 ], [ -122.096372, 37.668335 ], [ -122.096231, 37.668391 ], [ -122.096149, 37.668425 ], [ -122.096442, 37.66888 ], [ -122.096221, 37.668971 ], [ -122.095962, 37.668572 ], [ -122.095928, 37.668623 ], [ -122.095861, 37.668735 ], [ -122.095744, 37.669098 ], [ -122.095709, 37.669182 ], [ -122.095644, 37.669373 ], [ -122.095918, 37.669798 ], [ -122.095554, 37.669945 ], [ -122.095239, 37.670074 ], [ -122.095355, 37.670287 ], [ -122.095028, 37.67125 ], [ -122.094977, 37.671375 ], [ -122.09535, 37.671944 ], [ -122.095606, 37.67184 ], [ -122.097592, 37.671029 ], [ -122.098255, 37.670759 ], [ -122.098409, 37.671003 ], [ -122.098593, 37.671295 ], [ -122.098878, 37.671731 ], [ -122.099037, 37.671973 ], [ -122.099197, 37.672222 ], [ -122.099678, 37.672972 ], [ -122.099839, 37.673222 ], [ -122.09893, 37.67359 ], [ -122.096205, 37.674697 ], [ -122.095297, 37.675067 ], [ -122.095239, 37.675089 ], [ -122.095125, 37.675135 ], [ -122.095068, 37.675156 ], [ -122.095011, 37.675179 ], [ -122.095074, 37.675222 ], [ -122.095462, 37.675488 ], [ -122.095664, 37.675627 ], [ -122.096545, 37.676223 ], [ -122.096819, 37.676412 ], [ -122.09727, 37.676723 ], [ -122.097626, 37.676973 ], [ -122.097731, 37.677047 ], [ -122.097717, 37.677059 ], [ -122.097679, 37.677098 ], [ -122.097667, 37.677111 ], [ -122.097341, 37.677436 ], [ -122.097413, 37.677513 ], [ -122.097566, 37.67786 ], [ -122.097235, 37.67801 ], [ -122.096876, 37.678161 ], [ -122.09662, 37.677806 ], [ -122.096464, 37.677638 ], [ -122.095739, 37.677047 ], [ -122.094781, 37.676299 ], [ -122.094484, 37.676002 ], [ -122.095091, 37.675724 ], [ -122.094898, 37.675291 ], [ -122.094914, 37.675217 ], [ -122.094796, 37.675267 ], [ -122.094444, 37.675419 ], [ -122.094327, 37.67547 ], [ -122.094001, 37.674915 ], [ -122.094295, 37.674795 ], [ -122.094159, 37.674702 ], [ -122.094138, 37.674688 ], [ -122.093966, 37.674582 ], [ -122.093952, 37.674573 ], [ -122.09391, 37.674546 ], [ -122.093896, 37.674538 ], [ -122.093831, 37.674564 ], [ -122.09379, 37.674681 ], [ -122.093393, 37.675819 ], [ -122.093323, 37.676082 ], [ -122.093274, 37.676122 ], [ -122.093274, 37.676177 ], [ -122.093249, 37.676273 ], [ -122.093205, 37.676307 ], [ -122.09308, 37.676668 ], [ -122.093267, 37.676838 ], [ -122.093139, 37.676932 ], [ -122.093332, 37.677091 ], [ -122.093246, 37.677154 ], [ -122.094497, 37.678212 ], [ -122.094198, 37.678418 ], [ -122.094278, 37.678497 ], [ -122.094131, 37.678607 ], [ -122.093936, 37.678752 ], [ -122.09386, 37.678811 ], [ -122.09389, 37.678833 ], [ -122.093923, 37.67886 ], [ -122.093536, 37.679158 ], [ -122.093439, 37.679078 ], [ -122.093281, 37.678949 ], [ -122.093051, 37.679124 ], [ -122.092955, 37.679199 ], [ -122.092849, 37.67928 ], [ -122.092756, 37.679364 ], [ -122.092735, 37.679347 ], [ -122.092642, 37.679271 ], [ -122.092252, 37.678957 ], [ -122.09225, 37.679071 ], [ -122.092239, 37.679103 ], [ -122.092152, 37.679376 ], [ -122.092069, 37.679642 ], [ -122.092038, 37.680228 ], [ -122.091999, 37.680792 ], [ -122.091855, 37.680817 ], [ -122.09175, 37.680898 ], [ -122.091646, 37.680977 ], [ -122.091736, 37.680997 ], [ -122.091842, 37.681019 ], [ -122.091992, 37.681128 ], [ -122.091969, 37.681147 ], [ -122.0921, 37.681231 ], [ -122.091916, 37.681386 ], [ -122.091701, 37.681542 ], [ -122.091348, 37.681867 ], [ -122.090152, 37.682882 ], [ -122.090619, 37.683227 ], [ -122.090692, 37.683281 ], [ -122.091094, 37.682954 ], [ -122.091427, 37.682686 ], [ -122.091691, 37.682873 ], [ -122.091457, 37.683076 ], [ -122.091365, 37.683151 ], [ -122.09163, 37.683337 ], [ -122.091292, 37.683622 ], [ -122.091217, 37.683693 ], [ -122.092559, 37.684671 ], [ -122.092405, 37.68481 ], [ -122.092268, 37.68493 ], [ -122.092159, 37.685027 ], [ -122.092312, 37.685139 ], [ -122.092451, 37.685241 ], [ -122.092777, 37.685472 ], [ -122.092933, 37.685583 ], [ -122.093001, 37.685631 ], [ -122.092895, 37.685724 ], [ -122.092626, 37.685962 ], [ -122.092522, 37.686054 ], [ -122.092234, 37.68631 ], [ -122.092149, 37.686346 ], [ -122.092127, 37.686355 ], [ -122.092025, 37.686397 ], [ -122.091913, 37.686495 ], [ -122.091713, 37.686674 ], [ -122.091978, 37.686874 ], [ -122.092152, 37.687072 ], [ -122.092178, 37.687101 ], [ -122.092393, 37.687288 ], [ -122.09268, 37.687651 ], [ -122.093005, 37.688463 ], [ -122.09305, 37.688575 ], [ -122.092936, 37.688835 ], [ -122.092687, 37.689403 ], [ -122.092601, 37.689501 ], [ -122.092411, 37.689662 ], [ -122.092305, 37.689734 ], [ -122.09215, 37.689817 ], [ -122.091938, 37.68989 ], [ -122.091721, 37.689915 ], [ -122.091634, 37.689799 ], [ -122.09152, 37.689648 ], [ -122.091505, 37.689334 ], [ -122.091507, 37.689323 ], [ -122.091457, 37.689336 ], [ -122.091334, 37.689673 ], [ -122.090836, 37.689828 ], [ -122.090629, 37.689887 ], [ -122.090615, 37.689854 ], [ -122.090418, 37.689902 ], [ -122.08995, 37.689959 ], [ -122.089932, 37.689962 ], [ -122.089938, 37.689915 ], [ -122.08994, 37.689828 ], [ -122.089908, 37.689826 ], [ -122.089753, 37.689806 ], [ -122.089422, 37.689762 ], [ -122.089482, 37.689553 ], [ -122.089256, 37.689249 ], [ -122.089189, 37.68928 ], [ -122.088494, 37.689612 ], [ -122.088355, 37.689432 ], [ -122.088295, 37.689392 ], [ -122.088181, 37.689244 ], [ -122.088151, 37.688953 ], [ -122.088142, 37.688863 ], [ -122.088134, 37.688787 ], [ -122.08811, 37.688554 ], [ -122.087455, 37.688639 ], [ -122.087373, 37.688683 ], [ -122.087332, 37.688706 ], [ -122.086569, 37.689046 ], [ -122.086425, 37.689111 ], [ -122.086411, 37.688487 ], [ -122.086395, 37.68772 ], [ -122.086383, 37.68764 ], [ -122.086651, 37.687628 ], [ -122.087076, 37.687608 ], [ -122.087249, 37.687587 ], [ -122.087269, 37.687585 ], [ -122.087346, 37.687565 ], [ -122.087434, 37.687526 ], [ -122.08747, 37.687497 ], [ -122.087525, 37.687443 ], [ -122.087605, 37.687398 ], [ -122.087657, 37.687262 ], [ -122.087937, 37.687258 ], [ -122.088266, 37.686876 ], [ -122.088797, 37.686261 ], [ -122.089135, 37.68587 ], [ -122.089367, 37.685594 ], [ -122.089442, 37.685551 ], [ -122.089476, 37.685561 ], [ -122.08964, 37.68564 ], [ -122.089674, 37.685693 ], [ -122.090112, 37.68593 ], [ -122.090426, 37.686161 ], [ -122.090708, 37.68593 ], [ -122.090879, 37.68605 ], [ -122.090894, 37.686036 ], [ -122.091035, 37.685913 ], [ -122.091185, 37.685782 ], [ -122.09125, 37.685699 ], [ -122.09093, 37.685475 ], [ -122.090402, 37.685106 ], [ -122.089766, 37.684652 ], [ -122.089379, 37.684377 ], [ -122.089435, 37.684328 ], [ -122.089391, 37.684296 ], [ -122.089077, 37.684065 ], [ -122.088948, 37.684187 ], [ -122.088479, 37.683877 ], [ -122.088245, 37.684075 ], [ -122.087492, 37.683516 ], [ -122.086703, 37.682928 ], [ -122.086897, 37.682764 ], [ -122.087176, 37.682532 ], [ -122.086749, 37.682419 ], [ -122.086699, 37.682404 ], [ -122.086613, 37.682394 ], [ -122.086406, 37.682244 ], [ -122.086282, 37.68235 ], [ -122.08584, 37.682286 ], [ -122.085703, 37.682286 ], [ -122.085343, 37.682269 ], [ -122.084996, 37.682197 ], [ -122.084518, 37.682028 ], [ -122.084248, 37.681936 ], [ -122.084023, 37.681813 ], [ -122.083829, 37.681645 ], [ -122.083759, 37.681499 ], [ -122.082959, 37.682095 ], [ -122.08277, 37.682091 ], [ -122.082242, 37.682077 ], [ -122.081607, 37.68206 ], [ -122.081056, 37.682045 ], [ -122.080757, 37.682113 ], [ -122.08071, 37.681696 ], [ -122.080266, 37.681726 ], [ -122.080179, 37.681735 ], [ -122.080163, 37.681557 ], [ -122.080053, 37.68158 ], [ -122.080029, 37.681414 ], [ -122.079957, 37.68092 ], [ -122.079934, 37.680755 ], [ -122.079522, 37.680777 ], [ -122.079116, 37.680799 ], [ -122.078756, 37.680519 ], [ -122.078711, 37.680413 ], [ -122.078725, 37.680345 ], [ -122.078737, 37.680273 ], [ -122.078691, 37.680187 ], [ -122.078662, 37.680089 ], [ -122.078627, 37.679979 ], [ -122.078572, 37.679874 ], [ -122.078434, 37.679717 ], [ -122.078251, 37.679484 ], [ -122.078122, 37.679441 ], [ -122.077987, 37.679498 ], [ -122.077875, 37.679615 ], [ -122.077632, 37.679784 ], [ -122.077439, 37.679957 ], [ -122.077366, 37.679971 ], [ -122.077244, 37.679922 ], [ -122.077178, 37.679848 ], [ -122.077094, 37.67976 ], [ -122.077051, 37.679626 ], [ -122.077053, 37.679249 ], [ -122.077018, 37.679089 ], [ -122.076913, 37.678923 ], [ -122.076761, 37.678888 ], [ -122.076396, 37.678806 ], [ -122.076186, 37.678859 ], [ -122.07558, 37.679256 ], [ -122.075147, 37.679974 ], [ -122.074711, 37.680437 ], [ -122.074621, 37.680558 ], [ -122.0746, 37.680607 ], [ -122.074593, 37.680668 ], [ -122.074593, 37.680717 ], [ -122.074572, 37.680805 ], [ -122.074572, 37.680849 ], [ -122.074559, 37.680904 ], [ -122.074559, 37.680943 ], [ -122.074545, 37.680986 ], [ -122.074545, 37.681019 ], [ -122.074531, 37.681063 ], [ -122.074531, 37.681135 ], [ -122.074538, 37.681173 ], [ -122.074538, 37.681212 ], [ -122.074524, 37.681245 ], [ -122.074517, 37.681283 ], [ -122.074517, 37.681366 ], [ -122.07451, 37.681415 ], [ -122.074517, 37.68147 ], [ -122.074503, 37.681525 ], [ -122.074503, 37.68158 ], [ -122.074489, 37.681613 ], [ -122.07449, 37.681646 ], [ -122.074455, 37.681717 ], [ -122.074434, 37.681772 ], [ -122.074427, 37.681811 ], [ -122.0744, 37.681887 ], [ -122.074361, 37.68194 ], [ -122.074324, 37.681992 ], [ -122.074282, 37.682008 ], [ -122.074213, 37.682063 ], [ -122.07413, 37.682113 ], [ -122.074096, 37.682129 ], [ -122.073985, 37.682157 ], [ -122.073916, 37.682162 ], [ -122.07386, 37.682173 ], [ -122.073829, 37.682173 ], [ -122.073757, 37.682173 ], [ -122.073681, 37.682179 ], [ -122.073591, 37.682168 ], [ -122.073543, 37.682168 ], [ -122.073487, 37.682157 ], [ -122.073356, 37.682107 ], [ -122.073314, 37.682085 ], [ -122.073303, 37.682073 ], [ -122.073259, 37.682025 ], [ -122.073225, 37.681981 ], [ -122.073176, 37.681877 ], [ -122.073128, 37.681745 ], [ -122.073128, 37.68169 ], [ -122.073086, 37.681547 ], [ -122.073072, 37.681437 ], [ -122.073052, 37.681388 ], [ -122.073031, 37.681228 ], [ -122.073031, 37.681173 ], [ -122.07301, 37.68114 ], [ -122.073003, 37.681091 ], [ -122.072989, 37.681047 ], [ -122.072976, 37.680981 ], [ -122.072934, 37.68091 ], [ -122.072927, 37.680877 ], [ -122.072865, 37.680827 ], [ -122.07283, 37.680805 ], [ -122.072727, 37.680778 ], [ -122.072664, 37.680778 ], [ -122.072595, 37.680794 ], [ -122.072533, 37.680789 ], [ -122.072492, 37.680794 ], [ -122.072312, 37.680844 ], [ -122.07225, 37.680877 ], [ -122.072208, 37.680888 ], [ -122.072132, 37.680932 ], [ -122.072083, 37.680954 ], [ -122.072069, 37.680962 ], [ -122.072049, 37.680976 ], [ -122.072026, 37.680983 ], [ -122.072011, 37.680988 ], [ -122.071966, 37.681003 ], [ -122.071932, 37.681036 ], [ -122.071883, 37.681064 ], [ -122.071849, 37.681097 ], [ -122.071835, 37.681102 ], [ -122.0718, 37.681118 ], [ -122.071759, 37.681152 ], [ -122.071724, 37.681168 ], [ -122.071621, 37.681195 ], [ -122.071558, 37.681201 ], [ -122.07151, 37.68119 ], [ -122.071469, 37.68119 ], [ -122.071395, 37.681176 ], [ -122.071354, 37.681199 ], [ -122.071327, 37.681212 ], [ -122.071148, 37.681164 ], [ -122.070582, 37.681286 ], [ -122.070391, 37.681426 ], [ -122.070326, 37.681607 ], [ -122.070279, 37.681559 ], [ -122.070139, 37.6818 ], [ -122.070217, 37.681887 ], [ -122.070478, 37.682159 ], [ -122.070723, 37.682418 ], [ -122.070763, 37.68246 ], [ -122.070901, 37.682657 ], [ -122.071099, 37.682953 ], [ -122.071178, 37.683066 ], [ -122.071186, 37.683103 ], [ -122.071215, 37.683241 ], [ -122.071151, 37.683333 ], [ -122.071093, 37.683409 ], [ -122.071111, 37.68347 ], [ -122.071129, 37.683534 ], [ -122.071074, 37.683582 ], [ -122.070965, 37.683668 ], [ -122.070842, 37.683744 ], [ -122.070709, 37.683809 ], [ -122.070599, 37.68385 ], [ -122.070553, 37.683892 ], [ -122.070479, 37.683958 ], [ -122.0703, 37.684118 ], [ -122.070201, 37.684144 ], [ -122.070062, 37.68398 ], [ -122.070013, 37.683989 ], [ -122.069976, 37.683992 ], [ -122.069939, 37.683992 ], [ -122.069897, 37.683987 ], [ -122.069856, 37.683979 ], [ -122.069803, 37.683962 ], [ -122.069591, 37.683814 ], [ -122.069333, 37.683633 ], [ -122.069281, 37.683591 ], [ -122.069182, 37.683558 ], [ -122.069132, 37.683556 ], [ -122.06905, 37.683562 ], [ -122.069002, 37.683572 ], [ -122.068777, 37.683673 ], [ -122.068671, 37.683771 ], [ -122.068455, 37.683888 ], [ -122.068405, 37.683937 ], [ -122.068333, 37.684069 ], [ -122.06832, 37.684105 ], [ -122.068317, 37.684144 ], [ -122.068317, 37.684173 ], [ -122.068331, 37.684194 ], [ -122.068359, 37.684208 ], [ -122.068402, 37.68422 ], [ -122.068464, 37.684237 ], [ -122.068484, 37.684245 ], [ -122.068524, 37.684274 ], [ -122.068554, 37.684333 ], [ -122.068538, 37.684554 ], [ -122.068532, 37.684628 ], [ -122.068497, 37.684589 ], [ -122.068465, 37.684644 ], [ -122.068435, 37.684689 ], [ -122.068413, 37.684709 ], [ -122.068312, 37.684748 ], [ -122.068159, 37.684804 ], [ -122.068051, 37.684787 ], [ -122.067971, 37.684723 ], [ -122.067957, 37.68469 ], [ -122.06786, 37.684607 ], [ -122.067836, 37.684575 ], [ -122.067835, 37.684532 ], [ -122.067883, 37.684515 ], [ -122.067842, 37.684407 ], [ -122.067771, 37.68426 ], [ -122.06768, 37.684112 ], [ -122.067556, 37.683949 ], [ -122.06753, 37.683929 ], [ -122.067501, 37.683905 ], [ -122.06747, 37.683882 ], [ -122.067424, 37.683852 ], [ -122.067378, 37.683826 ], [ -122.06734, 37.683807 ], [ -122.067317, 37.683802 ], [ -122.067267, 37.683791 ], [ -122.067209, 37.683783 ], [ -122.067165, 37.68378 ], [ -122.067041, 37.683808 ], [ -122.066842, 37.683913 ], [ -122.06668, 37.683974 ], [ -122.066592, 37.684018 ], [ -122.066177, 37.684452 ], [ -122.065944, 37.684657 ], [ -122.065823, 37.68472 ], [ -122.065693, 37.684808 ], [ -122.065575, 37.684879 ], [ -122.065471, 37.68498 ], [ -122.065376, 37.685032 ], [ -122.065343, 37.685053 ], [ -122.065232, 37.685144 ], [ -122.065343, 37.685275 ], [ -122.065281, 37.685371 ], [ -122.065243, 37.685443 ], [ -122.065115, 37.685553 ], [ -122.064662, 37.685464 ], [ -122.064553, 37.685443 ], [ -122.064372, 37.685406 ], [ -122.064648, 37.685029 ], [ -122.064268, 37.684955 ], [ -122.064325, 37.68476 ], [ -122.064796, 37.684863 ], [ -122.064822, 37.684836 ], [ -122.064913, 37.684788 ], [ -122.064352, 37.684161 ], [ -122.063898, 37.684077 ], [ -122.063827, 37.684068 ], [ -122.063739, 37.684057 ], [ -122.063766, 37.683962 ], [ -122.063773, 37.683934 ], [ -122.063788, 37.683879 ], [ -122.063823, 37.683755 ], [ -122.063668, 37.683797 ], [ -122.063607, 37.683806 ], [ -122.063537, 37.683817 ], [ -122.063514, 37.683821 ], [ -122.062662, 37.683874 ], [ -122.062599, 37.683877 ], [ -122.062563, 37.683982 ], [ -122.062214, 37.685211 ], [ -122.062, 37.685965 ], [ -122.061686, 37.685957 ], [ -122.061498, 37.685975 ], [ -122.061409, 37.685994 ], [ -122.059564, 37.686152 ], [ -122.059584, 37.686302 ], [ -122.059596, 37.686397 ], [ -122.059628, 37.686648 ], [ -122.057393, 37.686828 ], [ -122.0569, 37.686868 ], [ -122.056779, 37.685694 ], [ -122.056735, 37.685341 ], [ -122.057055, 37.685314 ], [ -122.057819, 37.68525 ], [ -122.058596, 37.685183 ], [ -122.058581, 37.68506 ], [ -122.058474, 37.684202 ], [ -122.058337, 37.684213 ], [ -122.0581, 37.684233 ], [ -122.058093, 37.684194 ], [ -122.05809, 37.684167 ], [ -122.058059, 37.683856 ], [ -122.058038, 37.683635 ], [ -122.058033, 37.683598 ], [ -122.057998, 37.683382 ], [ -122.057972, 37.683279 ], [ -122.05796, 37.68321 ], [ -122.059159, 37.681872 ], [ -122.059323, 37.681689 ], [ -122.061381, 37.68186 ], [ -122.062055, 37.681913 ], [ -122.062128, 37.681874 ], [ -122.062166, 37.681851 ], [ -122.063479, 37.681121 ], [ -122.063776, 37.680954 ], [ -122.064558, 37.680519 ], [ -122.064669, 37.680455 ], [ -122.064966, 37.680286 ], [ -122.06509, 37.680215 ], [ -122.064342, 37.67937 ], [ -122.064502, 37.67928 ], [ -122.064609, 37.67922 ], [ -122.064975, 37.679053 ], [ -122.065161, 37.678947 ], [ -122.065042, 37.678816 ], [ -122.0649, 37.678662 ], [ -122.064333, 37.678044 ], [ -122.065, 37.677927 ], [ -122.064989, 37.677882 ], [ -122.064941, 37.677688 ], [ -122.064875, 37.677421 ], [ -122.0655, 37.677328 ], [ -122.065419, 37.676985 ], [ -122.065399, 37.676903 ], [ -122.065201, 37.676901 ], [ -122.065037, 37.676892 ], [ -122.064944, 37.676836 ], [ -122.0648, 37.676825 ], [ -122.064562, 37.67667 ], [ -122.064471, 37.676647 ], [ -122.064477, 37.676612 ], [ -122.064481, 37.676593 ], [ -122.064504, 37.676484 ], [ -122.064589, 37.676034 ], [ -122.064615, 37.675902 ], [ -122.064635, 37.675814 ], [ -122.064642, 37.67576 ], [ -122.065004, 37.67581 ], [ -122.06507, 37.675818 ], [ -122.066541, 37.675992 ], [ -122.066926, 37.676038 ], [ -122.066678, 37.67558 ], [ -122.066298, 37.674877 ], [ -122.066372, 37.674879 ], [ -122.066464, 37.674888 ], [ -122.067517, 37.674664 ], [ -122.068178, 37.674507 ], [ -122.068255, 37.674488 ], [ -122.068515, 37.674428 ], [ -122.068791, 37.674358 ], [ -122.069029, 37.674292 ], [ -122.069247, 37.674224 ], [ -122.070443, 37.673866 ], [ -122.07117, 37.673649 ], [ -122.071539, 37.673529 ], [ -122.072299, 37.673282 ], [ -122.072647, 37.673171 ], [ -122.073017, 37.673055 ], [ -122.07282, 37.673047 ], [ -122.072708, 37.673037 ], [ -122.072414, 37.672994 ], [ -122.071868, 37.672933 ], [ -122.069784, 37.672701 ], [ -122.068678, 37.672566 ], [ -122.068424, 37.672536 ], [ -122.067998, 37.672488 ], [ -122.067276, 37.672404 ], [ -122.067159, 37.672391 ], [ -122.066987, 37.672371 ], [ -122.066992, 37.672329 ], [ -122.067048, 37.67193 ], [ -122.066795, 37.671896 ], [ -122.066049, 37.671804 ], [ -122.064903, 37.671665 ], [ -122.064933, 37.67149 ], [ -122.065271, 37.670793 ], [ -122.065216, 37.670768 ], [ -122.06523, 37.670697 ], [ -122.065263, 37.670532 ], [ -122.065523, 37.669178 ], [ -122.065845, 37.669189 ], [ -122.065909, 37.668803 ], [ -122.065907, 37.668763 ], [ -122.065904, 37.668717 ], [ -122.065511, 37.668749 ], [ -122.065429, 37.668752 ], [ -122.065146, 37.668766 ], [ -122.064826, 37.66878 ], [ -122.064596, 37.668791 ], [ -122.064534, 37.668795 ], [ -122.064399, 37.668783 ], [ -122.064323, 37.668768 ], [ -122.064158, 37.668724 ], [ -122.063968, 37.668655 ], [ -122.063893, 37.668623 ], [ -122.063834, 37.668598 ], [ -122.063594, 37.66851 ], [ -122.063447, 37.668456 ], [ -122.062989, 37.668286 ], [ -122.062532, 37.668121 ], [ -122.062186, 37.667993 ], [ -122.062027, 37.667947 ], [ -122.062018, 37.66794 ], [ -122.06198, 37.667909 ], [ -122.06164, 37.667789 ], [ -122.06146, 37.667736 ], [ -122.061234, 37.667696 ], [ -122.061114, 37.667682 ], [ -122.060582, 37.66759 ], [ -122.060228, 37.66753 ], [ -122.060217, 37.667267 ], [ -122.060217, 37.667113 ], [ -122.060217, 37.666839 ], [ -122.060213, 37.666807 ], [ -122.060178, 37.666712 ], [ -122.060154, 37.666674 ], [ -122.06009, 37.666605 ], [ -122.059998, 37.666537 ], [ -122.059908, 37.666498 ], [ -122.059612, 37.666412 ], [ -122.059434, 37.666372 ], [ -122.059305, 37.666343 ], [ -122.059234, 37.666381 ], [ -122.058693, 37.666673 ], [ -122.058145, 37.666968 ], [ -122.058173, 37.667185 ], [ -122.058109, 37.667184 ], [ -122.058012, 37.667197 ], [ -122.057918, 37.66721 ], [ -122.057282, 37.667338 ], [ -122.05704, 37.667388 ], [ -122.056918, 37.667415 ], [ -122.056722, 37.66746 ], [ -122.056553, 37.667493 ], [ -122.056431, 37.667518 ], [ -122.056249, 37.667559 ], [ -122.055704, 37.667684 ], [ -122.055523, 37.667727 ], [ -122.055378, 37.667758 ], [ -122.055027, 37.667327 ], [ -122.054762, 37.667001 ], [ -122.054288, 37.666419 ], [ -122.054179, 37.666591 ], [ -122.053729, 37.666631 ], [ -122.053693, 37.666635 ], [ -122.053627, 37.666641 ], [ -122.053338, 37.666756 ], [ -122.053281, 37.66678 ], [ -122.052904, 37.666933 ], [ -122.052546, 37.666742 ], [ -122.05233, 37.666627 ], [ -122.05228, 37.666472 ], [ -122.052129, 37.666449 ], [ -122.051512, 37.666101 ], [ -122.050923, 37.666 ], [ -122.050542, 37.665648 ], [ -122.050511, 37.665637 ], [ -122.050477, 37.665554 ], [ -122.049226, 37.665262 ], [ -122.049122, 37.665273 ], [ -122.049054, 37.665276 ], [ -122.048501, 37.665759 ], [ -122.047362, 37.66569 ], [ -122.047201, 37.665568 ], [ -122.047153, 37.665564 ], [ -122.047045, 37.665526 ], [ -122.046914, 37.665485 ], [ -122.046789, 37.665457 ], [ -122.046628, 37.66542 ], [ -122.046191, 37.665186 ], [ -122.046318, 37.664758 ], [ -122.04538, 37.664826 ], [ -122.04355, 37.664965 ], [ -122.042915, 37.665011 ], [ -122.042696, 37.665042 ], [ -122.04197, 37.665149 ], [ -122.04131, 37.665288 ], [ -122.041052, 37.665341 ], [ -122.040856, 37.66538 ], [ -122.040866, 37.665321 ], [ -122.040874, 37.665274 ], [ -122.040932, 37.664926 ], [ -122.041012, 37.664445 ], [ -122.040615, 37.664558 ], [ -122.040483, 37.664595 ], [ -122.040331, 37.664638 ], [ -122.039986, 37.664738 ], [ -122.039605, 37.664843 ], [ -122.037916, 37.66534 ], [ -122.037698, 37.665375 ], [ -122.037558, 37.665399 ], [ -122.036313, 37.665113 ], [ -122.036016, 37.665231 ], [ -122.034993, 37.665634 ], [ -122.032592, 37.666574 ], [ -122.032184, 37.666726 ], [ -122.031963, 37.666321 ], [ -122.031557, 37.66644 ], [ -122.02993, 37.66692 ], [ -122.028008, 37.667481 ], [ -122.027967, 37.66737 ], [ -122.02796, 37.66735 ], [ -122.027863, 37.667041 ], [ -122.027801, 37.666842 ], [ -122.027708, 37.666532 ], [ -122.027595, 37.666155 ], [ -122.027568, 37.665907 ], [ -122.027607, 37.665716 ], [ -122.027701, 37.665505 ], [ -122.027847, 37.665215 ], [ -122.027901, 37.665085 ], [ -122.027919, 37.665026 ], [ -122.027928, 37.665 ], [ -122.027937, 37.664891 ], [ -122.027928, 37.664758 ], [ -122.027909, 37.664641 ], [ -122.027871, 37.664503 ], [ -122.027759, 37.664278 ], [ -122.027557, 37.663872 ], [ -122.027414, 37.663641 ], [ -122.027397, 37.663621 ], [ -122.027234, 37.663432 ], [ -122.027356, 37.663208 ], [ -122.027724, 37.662536 ], [ -122.027806, 37.662387 ], [ -122.027832, 37.662306 ], [ -122.027943, 37.662257 ], [ -122.028032, 37.662238 ], [ -122.028134, 37.662236 ], [ -122.028234, 37.662255 ], [ -122.028267, 37.662262 ], [ -122.028496, 37.662332 ], [ -122.028612, 37.662355 ], [ -122.028739, 37.662368 ], [ -122.028793, 37.662364 ], [ -122.028896, 37.662349 ], [ -122.029016, 37.662309 ], [ -122.029331, 37.662167 ], [ -122.029429, 37.662137 ], [ -122.029486, 37.662121 ], [ -122.02957, 37.662105 ], [ -122.029524, 37.662006 ], [ -122.029419, 37.661597 ], [ -122.029811, 37.661547 ], [ -122.030785, 37.661417 ], [ -122.030827, 37.661415 ], [ -122.031161, 37.661419 ], [ -122.031021, 37.661196 ], [ -122.030697, 37.660677 ], [ -122.031154, 37.660499 ], [ -122.031167, 37.660487 ], [ -122.03175, 37.660603 ], [ -122.032375, 37.660728 ], [ -122.032859, 37.660269 ], [ -122.032815, 37.660096 ], [ -122.032715, 37.6597 ], [ -122.032692, 37.659608 ], [ -122.03265, 37.659449 ], [ -122.032872, 37.659406 ], [ -122.034438, 37.659099 ], [ -122.035277, 37.658937 ], [ -122.035494, 37.658895 ], [ -122.035695, 37.658856 ], [ -122.036568, 37.65868 ], [ -122.036615, 37.65867 ], [ -122.03654, 37.658631 ], [ -122.036267, 37.658491 ], [ -122.034886, 37.657737 ], [ -122.033884, 37.657435 ], [ -122.032193, 37.656924 ], [ -122.031225, 37.656632 ], [ -122.030181, 37.656322 ], [ -122.029543, 37.656415 ], [ -122.028994, 37.656496 ], [ -122.028842, 37.656412 ], [ -122.028439, 37.656213 ], [ -122.027837, 37.655913 ], [ -122.027536, 37.655762 ], [ -122.027491, 37.655811 ], [ -122.026747, 37.656641 ], [ -122.026546, 37.656865 ], [ -122.025475, 37.658342 ], [ -122.025247, 37.658647 ], [ -122.024867, 37.659646 ], [ -122.024539, 37.660474 ], [ -122.024264, 37.661168 ], [ -122.024254, 37.661269 ], [ -122.024262, 37.661369 ], [ -122.023973, 37.662077 ], [ -122.02371, 37.662052 ], [ -122.019835, 37.661688 ], [ -122.017802, 37.661495 ], [ -122.011799, 37.665184 ], [ -122.00993, 37.666354 ], [ -122.00832, 37.668944 ], [ -122.008121, 37.669266 ], [ -122.005799, 37.673021 ], [ -122.005401, 37.673666 ], [ -122.006318, 37.674261 ], [ -122.006718, 37.674521 ], [ -122.006775, 37.674548 ], [ -122.006846, 37.674567 ], [ -122.006913, 37.67457 ], [ -122.006967, 37.674564 ], [ -122.007, 37.674555 ], [ -122.007036, 37.674544 ], [ -122.00714, 37.674482 ], [ -122.007344, 37.674337 ], [ -122.007428, 37.67429 ], [ -122.007557, 37.674235 ], [ -122.007662, 37.674202 ], [ -122.007711, 37.674194 ], [ -122.007759, 37.674194 ], [ -122.007798, 37.674199 ], [ -122.008133, 37.674271 ], [ -122.008446, 37.674353 ], [ -122.008818, 37.67446 ], [ -122.009358, 37.674608 ], [ -122.009579, 37.674649 ], [ -122.009785, 37.674664 ], [ -122.009896, 37.674667 ], [ -122.009979, 37.674661 ], [ -122.010117, 37.674673 ], [ -122.010209, 37.674694 ], [ -122.010371, 37.674754 ], [ -122.010435, 37.674771 ], [ -122.010265, 37.674968 ], [ -122.004401, 37.675628 ], [ -122.003227, 37.67576 ], [ -122.003256, 37.677286 ], [ -122.003271, 37.678464 ], [ -122.003281, 37.679147 ], [ -122.000473, 37.679197 ], [ -121.996557, 37.679231 ], [ -121.996591, 37.680086 ], [ -121.996255, 37.680069 ], [ -121.989423, 37.680136 ], [ -121.981135, 37.680214 ], [ -121.980571, 37.680219 ], [ -121.979823, 37.680226 ], [ -121.979337, 37.680231 ], [ -121.978683, 37.680237 ], [ -121.971884, 37.680312 ], [ -121.971917, 37.676255 ], [ -121.967826, 37.67628 ], [ -121.957564, 37.676355 ], [ -121.950614, 37.676422 ], [ -121.950214, 37.674051 ], [ -121.950018, 37.672893 ], [ -121.949826, 37.669019 ], [ -121.940629, 37.669053 ], [ -121.940612, 37.66632 ], [ -121.94062, 37.665657 ], [ -121.936294, 37.665699 ], [ -121.931822, 37.665715 ], [ -121.931808, 37.664693 ], [ -121.931566, 37.664697 ], [ -121.931091, 37.664697 ], [ -121.925389, 37.664702 ], [ -121.92512, 37.6647 ], [ -121.924954, 37.664698 ], [ -121.924586, 37.664691 ], [ -121.922944, 37.664702 ], [ -121.922943, 37.662402 ], [ -121.922942, 37.662267 ], [ -121.922938, 37.661641 ], [ -121.922911, 37.657398 ], [ -121.923851, 37.657403 ], [ -121.922475, 37.65557 ], [ -121.922503, 37.654466 ], [ -121.921598, 37.652818 ], [ -121.920525, 37.652815 ], [ -121.920688, 37.652084 ], [ -121.920398, 37.650269 ], [ -121.927604, 37.650254 ], [ -121.931029, 37.650248 ], [ -121.931633, 37.651019 ], [ -121.934148, 37.651807 ], [ -121.935414, 37.651262 ], [ -121.935485, 37.651033 ], [ -121.935801, 37.651028 ], [ -121.943521, 37.650902 ], [ -121.946331, 37.65088 ], [ -121.948386, 37.650864 ], [ -121.949843, 37.650852 ], [ -121.949819, 37.652989 ], [ -121.949775, 37.657433 ], [ -121.949765, 37.660991 ], [ -121.949759, 37.662606 ], [ -121.949725, 37.665607 ], [ -121.953305, 37.665632 ], [ -121.957762, 37.665662 ], [ -121.963122, 37.665691 ], [ -121.967197, 37.665704 ], [ -121.968639, 37.665708 ], [ -121.96874, 37.669841 ], [ -121.976511, 37.670579 ], [ -121.980505, 37.669221 ], [ -121.982087, 37.668692 ], [ -121.983025, 37.667917 ], [ -121.985943, 37.665506 ], [ -121.986899, 37.665503 ], [ -121.987776, 37.66549 ], [ -121.988152, 37.665486 ], [ -121.988112, 37.665501 ], [ -121.988059, 37.665532 ], [ -121.987903, 37.665643 ], [ -121.987868, 37.665661 ], [ -121.987774, 37.665672 ], [ -121.987773, 37.665718 ], [ -121.987769, 37.66816 ], [ -121.987767, 37.669503 ], [ -121.993577, 37.669394 ], [ -121.998951, 37.669344 ], [ -121.99894, 37.667928 ], [ -121.998746, 37.667871 ], [ -121.998704, 37.667845 ], [ -121.998642, 37.667799 ], [ -121.998579, 37.667766 ], [ -121.998536, 37.667744 ], [ -121.998494, 37.667723 ], [ -121.998379, 37.667679 ], [ -121.998359, 37.66767 ], [ -121.998141, 37.667578 ], [ -121.998084, 37.667557 ], [ -121.997873, 37.667522 ], [ -121.997812, 37.667511 ], [ -121.997728, 37.667496 ], [ -121.997627, 37.667468 ], [ -121.997601, 37.667461 ], [ -121.997462, 37.667433 ], [ -121.997317, 37.667382 ], [ -121.997258, 37.667353 ], [ -121.99717, 37.667311 ], [ -121.997007, 37.667226 ], [ -121.996866, 37.667162 ], [ -121.996721, 37.667075 ], [ -121.996637, 37.667029 ], [ -121.996544, 37.666963 ], [ -121.996511, 37.666922 ], [ -121.996482, 37.66687 ], [ -121.996441, 37.666771 ], [ -121.996426, 37.666674 ], [ -121.996425, 37.666645 ], [ -121.996423, 37.666534 ], [ -121.996403, 37.66638 ], [ -121.996374, 37.666263 ], [ -121.996351, 37.666179 ], [ -121.996313, 37.666078 ], [ -121.996203, 37.665854 ], [ -121.995921, 37.665534 ], [ -121.995795, 37.665415 ], [ -121.995732, 37.665362 ], [ -121.996062, 37.665372 ], [ -121.996333, 37.66538 ], [ -121.996453, 37.665383 ], [ -121.996439, 37.664747 ], [ -121.996417, 37.663759 ], [ -121.996369, 37.661552 ], [ -121.996805, 37.661539 ], [ -121.996737, 37.658881 ], [ -121.99673, 37.658592 ], [ -121.996636, 37.65731 ], [ -121.996628, 37.657197 ], [ -121.99652, 37.655717 ], [ -121.99634, 37.653084 ], [ -121.996164, 37.650477 ], [ -121.992549, 37.650564 ], [ -121.98677, 37.650702 ], [ -121.986616, 37.650702 ], [ -121.986602, 37.64803 ], [ -121.986593, 37.646657 ], [ -121.986581, 37.644633 ], [ -121.986577, 37.642518 ], [ -121.986547, 37.638173 ], [ -121.986545, 37.636598 ], [ -121.986532, 37.636016 ], [ -121.986594, 37.634155 ], [ -121.986876, 37.625361 ], [ -121.986984, 37.622075 ], [ -121.996291, 37.621774 ], [ -121.998513, 37.623197 ], [ -122.000723, 37.624416 ], [ -122.001222, 37.624691 ], [ -122.005078, 37.626975 ], [ -122.005086, 37.627481 ], [ -122.005093, 37.628447 ], [ -122.001102, 37.628598 ], [ -122.001287, 37.632253 ], [ -121.997294, 37.632501 ], [ -121.997414, 37.635842 ], [ -122.004951, 37.635792 ], [ -122.005043, 37.635791 ], [ -122.007942, 37.635756 ], [ -122.013645, 37.635691 ], [ -122.013651, 37.636254 ], [ -122.013679, 37.639313 ], [ -122.011138, 37.640494 ], [ -122.01071, 37.64062 ], [ -122.010467, 37.64057 ], [ -122.009143, 37.641056 ], [ -122.009176, 37.642775 ], [ -122.010809, 37.64273 ], [ -122.011384, 37.642714 ], [ -122.013737, 37.642649 ], [ -122.016201, 37.642611 ], [ -122.017007, 37.642599 ], [ -122.018415, 37.642632 ], [ -122.018395, 37.640207 ], [ -122.018382, 37.638675 ], [ -122.018272, 37.63586 ], [ -122.018281, 37.635632 ], [ -122.01979, 37.635598 ], [ -122.021818, 37.636777 ], [ -122.023236, 37.637602 ], [ -122.030907, 37.642028 ], [ -122.037142, 37.645709 ], [ -122.038008, 37.64622 ], [ -122.042645, 37.648996 ], [ -122.042903, 37.648731 ], [ -122.043156, 37.648375 ], [ -122.043382, 37.647922 ], [ -122.043424, 37.647587 ], [ -122.043307, 37.647394 ], [ -122.04338, 37.647212 ], [ -122.043398, 37.647166 ], [ -122.0437, 37.647277 ], [ -122.043885, 37.647171 ], [ -122.044078, 37.64733 ], [ -122.044123, 37.64734 ], [ -122.04422, 37.647345 ], [ -122.044279, 37.647354 ], [ -122.0444, 37.647367 ], [ -122.044483, 37.647367 ], [ -122.044538, 37.647362 ], [ -122.044637, 37.647368 ], [ -122.044772, 37.647402 ], [ -122.045016, 37.647406 ], [ -122.045162, 37.647372 ], [ -122.045363, 37.647302 ], [ -122.045424, 37.647271 ], [ -122.045623, 37.647248 ], [ -122.046005, 37.647143 ], [ -122.046142, 37.646987 ], [ -122.046353, 37.646921 ], [ -122.046485, 37.646913 ], [ -122.046984, 37.646719 ], [ -122.047277, 37.646605 ], [ -122.047362, 37.646573 ], [ -122.047551, 37.646624 ], [ -122.04777, 37.646615 ], [ -122.047957, 37.646728 ], [ -122.048433, 37.646593 ], [ -122.048482, 37.646555 ], [ -122.048594, 37.646462 ], [ -122.048717, 37.646523 ], [ -122.048734, 37.646769 ], [ -122.048807, 37.646793 ], [ -122.049044, 37.646579 ], [ -122.049173, 37.646635 ], [ -122.049448, 37.64667 ], [ -122.049542, 37.646938 ], [ -122.049787, 37.647082 ], [ -122.050163, 37.647229 ], [ -122.05018, 37.647308 ], [ -122.05042, 37.647375 ], [ -122.05066, 37.64744 ], [ -122.050787, 37.647474 ], [ -122.050933, 37.647465 ], [ -122.050969, 37.647462 ], [ -122.051022, 37.647407 ], [ -122.051063, 37.647362 ], [ -122.051162, 37.647259 ], [ -122.051265, 37.647149 ], [ -122.051428, 37.646977 ], [ -122.051521, 37.646663 ], [ -122.051587, 37.646437 ], [ -122.05165, 37.646223 ], [ -122.05169, 37.646089 ], [ -122.051724, 37.64597 ], [ -122.051755, 37.645868 ], [ -122.05129, 37.64564 ], [ -122.051151, 37.645571 ], [ -122.050979, 37.645486 ], [ -122.049575, 37.644794 ], [ -122.049636, 37.644662 ], [ -122.048822, 37.644446 ], [ -122.048508, 37.644459 ], [ -122.048406, 37.644479 ], [ -122.048343, 37.64449 ], [ -122.048281, 37.644503 ], [ -122.047956, 37.644541 ], [ -122.047632, 37.644581 ], [ -122.047308, 37.644623 ], [ -122.046985, 37.644667 ], [ -122.046662, 37.644712 ], [ -122.04634, 37.64476 ], [ -122.046018, 37.644809 ], [ -122.045955, 37.64483 ], [ -122.045891, 37.644848 ], [ -122.045826, 37.644863 ], [ -122.045761, 37.644877 ], [ -122.045695, 37.644889 ], [ -122.045628, 37.6449 ], [ -122.045561, 37.644907 ], [ -122.045494, 37.644913 ], [ -122.045426, 37.644917 ], [ -122.045358, 37.644918 ], [ -122.04529, 37.644918 ], [ -122.045223, 37.644915 ], [ -122.045155, 37.64491 ], [ -122.045088, 37.644903 ], [ -122.045021, 37.644895 ], [ -122.044916, 37.644872 ], [ -122.044813, 37.644847 ], [ -122.04471, 37.64482 ], [ -122.044608, 37.644791 ], [ -122.044507, 37.64476 ], [ -122.044407, 37.644727 ], [ -122.044308, 37.644693 ], [ -122.04421, 37.644655 ], [ -122.044114, 37.644617 ], [ -122.044019, 37.644576 ], [ -122.043925, 37.644533 ], [ -122.043832, 37.644489 ], [ -122.04374, 37.644442 ], [ -122.044244, 37.643343 ], [ -122.044433, 37.642973 ], [ -122.044479, 37.64288 ], [ -122.044351, 37.642886 ], [ -122.044135, 37.642897 ], [ -122.043531, 37.642927 ], [ -122.04345, 37.642801 ], [ -122.042972, 37.642337 ], [ -122.04153, 37.64076 ], [ -122.040769, 37.639816 ], [ -122.040996, 37.639196 ], [ -122.041448, 37.638054 ], [ -122.04142, 37.638037 ], [ -122.038268, 37.636916 ], [ -122.037579, 37.635368 ], [ -122.037145, 37.63465 ], [ -122.036528, 37.634018 ], [ -122.036388, 37.633459 ], [ -122.036288, 37.633163 ], [ -122.035897, 37.633335 ], [ -122.03553, 37.633498 ], [ -122.035471, 37.633436 ], [ -122.03523, 37.63319 ], [ -122.032982, 37.633052 ], [ -122.03251, 37.633028 ], [ -122.032038, 37.630835 ], [ -122.031588, 37.628606 ], [ -122.032099, 37.62849 ], [ -122.032314, 37.628442 ], [ -122.032314, 37.628197 ], [ -122.032322, 37.628129 ], [ -122.032337, 37.628069 ], [ -122.032474, 37.627813 ], [ -122.032483, 37.627799 ], [ -122.032525, 37.627694 ], [ -122.03254, 37.627615 ], [ -122.032541, 37.627545 ], [ -122.032527, 37.627471 ], [ -122.032467, 37.627328 ], [ -122.032377, 37.627192 ], [ -122.031153, 37.62669 ], [ -122.03076, 37.62653 ], [ -122.031485, 37.625019 ], [ -122.031634, 37.624711 ], [ -122.032829, 37.624424 ], [ -122.033615, 37.624239 ], [ -122.033306, 37.623956 ], [ -122.033009, 37.623684 ], [ -122.031915, 37.622715 ], [ -122.031123, 37.622001 ], [ -122.030526, 37.621462 ], [ -122.030444, 37.621389 ], [ -122.030144, 37.621119 ], [ -122.029627, 37.620655 ], [ -122.029542, 37.620589 ], [ -122.027989, 37.619177 ], [ -122.027858, 37.619022 ], [ -122.027659, 37.619169 ], [ -122.027557, 37.619271 ], [ -122.026841, 37.61865 ], [ -122.027187, 37.618384 ], [ -122.027094, 37.618305 ], [ -122.025009, 37.616491 ], [ -122.024205, 37.615784 ], [ -122.023827, 37.615452 ], [ -122.026529, 37.614261 ], [ -122.027594, 37.613768 ], [ -122.028222, 37.613454 ], [ -122.028156, 37.613397 ], [ -122.028079, 37.613329 ], [ -122.027919, 37.613189 ], [ -122.02744, 37.61277 ], [ -122.027364, 37.612703 ], [ -122.027282, 37.61263 ], [ -122.027071, 37.612442 ], [ -122.026439, 37.611879 ], [ -122.026324, 37.611777 ], [ -122.026226, 37.611695 ], [ -122.026209, 37.611681 ], [ -122.026158, 37.611639 ], [ -122.026142, 37.611625 ], [ -122.025868, 37.611388 ], [ -122.025742, 37.611279 ], [ -122.025061, 37.610659 ], [ -122.024836, 37.610454 ], [ -122.024793, 37.610417 ], [ -122.024482, 37.610143 ], [ -122.02355, 37.609321 ], [ -122.023439, 37.609223 ], [ -122.023354, 37.609148 ], [ -122.02324, 37.609048 ], [ -122.023368, 37.609048 ], [ -122.023563, 37.609048 ], [ -122.023648, 37.609049 ], [ -122.024535, 37.609049 ], [ -122.02486, 37.60905 ], [ -122.0261, 37.609031 ], [ -122.026761, 37.609021 ], [ -122.031032, 37.609043 ], [ -122.031888, 37.609046 ], [ -122.032638, 37.609051 ], [ -122.0345, 37.60906 ], [ -122.034387, 37.608962 ], [ -122.03427, 37.608858 ], [ -122.03392, 37.608549 ], [ -122.033804, 37.608447 ], [ -122.033664, 37.608324 ], [ -122.033244, 37.607957 ], [ -122.033105, 37.607835 ], [ -122.033002, 37.607743 ], [ -122.032693, 37.60747 ], [ -122.032591, 37.607379 ], [ -122.032491, 37.607292 ], [ -122.032193, 37.607033 ], [ -122.032094, 37.606947 ], [ -122.031914, 37.606788 ], [ -122.031376, 37.606312 ], [ -122.031197, 37.606154 ], [ -122.031145, 37.606108 ], [ -122.030986, 37.605968 ], [ -122.030938, 37.605927 ], [ -122.031, 37.605925 ], [ -122.031189, 37.60592 ], [ -122.031252, 37.605919 ], [ -122.031456, 37.605916 ], [ -122.032323, 37.605885 ], [ -122.032732, 37.605879 ], [ -122.032925, 37.605887 ], [ -122.033654, 37.605908 ], [ -122.034819, 37.605962 ], [ -122.034858, 37.605996 ], [ -122.035299, 37.606379 ], [ -122.03571, 37.606735 ], [ -122.036302, 37.607251 ], [ -122.036685, 37.607562 ], [ -122.037151, 37.60796 ], [ -122.037697, 37.608436 ], [ -122.038065, 37.608737 ], [ -122.038374, 37.609011 ], [ -122.038779, 37.609352 ], [ -122.038892, 37.609481 ], [ -122.039171, 37.609725 ], [ -122.039588, 37.610079 ], [ -122.039846, 37.610285 ], [ -122.040229, 37.610602 ], [ -122.040867, 37.611145 ], [ -122.041447, 37.61164 ], [ -122.041831, 37.611767 ], [ -122.043298, 37.612266 ], [ -122.043441, 37.610191 ], [ -122.043697, 37.607504 ], [ -122.043831, 37.60604 ], [ -122.043834, 37.605959 ], [ -122.044967, 37.605969 ], [ -122.045383, 37.605973 ], [ -122.045759, 37.605974 ], [ -122.04689, 37.605978 ], [ -122.046925, 37.605979 ], [ -122.047267, 37.605979 ], [ -122.047855, 37.605982 ], [ -122.049622, 37.605991 ], [ -122.050211, 37.605994 ], [ -122.050265, 37.605994 ], [ -122.050429, 37.605995 ], [ -122.050484, 37.605996 ], [ -122.050723, 37.605997 ], [ -122.050736, 37.605998 ], [ -122.051443, 37.606003 ], [ -122.051683, 37.606006 ], [ -122.052308, 37.60601 ], [ -122.054183, 37.606022 ], [ -122.054808, 37.606026 ], [ -122.055584, 37.606026 ], [ -122.057913, 37.606027 ], [ -122.05869, 37.606028 ], [ -122.058754, 37.605827 ], [ -122.058948, 37.605224 ], [ -122.058962, 37.605183 ], [ -122.059014, 37.605024 ], [ -122.059082, 37.604798 ], [ -122.059193, 37.604432 ], [ -122.059248, 37.604262 ], [ -122.059286, 37.604124 ], [ -122.059291, 37.604109 ], [ -122.059351, 37.603947 ], [ -122.059375, 37.603907 ], [ -122.060167, 37.604057 ], [ -122.061607, 37.60433 ], [ -122.062255, 37.604459 ], [ -122.06254, 37.604522 ], [ -122.063162, 37.604662 ], [ -122.063242, 37.604685 ], [ -122.063322, 37.604718 ], [ -122.063385, 37.604721 ], [ -122.064995, 37.605021 ], [ -122.065317, 37.60508 ], [ -122.06566, 37.605143 ], [ -122.066405, 37.605281 ], [ -122.0665, 37.605297 ], [ -122.06665, 37.60533 ], [ -122.067306, 37.605457 ], [ -122.067864, 37.605574 ], [ -122.06796, 37.605591 ], [ -122.068264, 37.605647 ], [ -122.068539, 37.605683 ], [ -122.06864, 37.60569 ], [ -122.068696, 37.605695 ], [ -122.068794, 37.605698 ], [ -122.068754, 37.605816 ], [ -122.068692, 37.606002 ], [ -122.067954, 37.608203 ], [ -122.067916, 37.608317 ], [ -122.067829, 37.608579 ], [ -122.067766, 37.608763 ], [ -122.067733, 37.608863 ], [ -122.067371, 37.609946 ], [ -122.067166, 37.610527 ], [ -122.067079, 37.610771 ], [ -122.066975, 37.611063 ], [ -122.066982, 37.611148 ], [ -122.066981, 37.611223 ], [ -122.066963, 37.611369 ], [ -122.066949, 37.611431 ], [ -122.066928, 37.611535 ], [ -122.06688, 37.611695 ], [ -122.066627, 37.612498 ], [ -122.066516, 37.612853 ], [ -122.066468, 37.612996 ], [ -122.066413, 37.613137 ], [ -122.066536, 37.61314 ], [ -122.066607, 37.613143 ], [ -122.066992, 37.613152 ], [ -122.06763, 37.613168 ], [ -122.068147, 37.613181 ], [ -122.068532, 37.613191 ], [ -122.068975, 37.613209 ], [ -122.069167, 37.613218 ], [ -122.070305, 37.613257 ], [ -122.07061, 37.613268 ], [ -122.070749, 37.613268 ], [ -122.070889, 37.613269 ], [ -122.071185, 37.613274 ], [ -122.071309, 37.613275 ], [ -122.07145, 37.613278 ], [ -122.071529, 37.613279 ], [ -122.071616, 37.613282 ], [ -122.071663, 37.613284 ], [ -122.071697, 37.613285 ], [ -122.072115, 37.613302 ], [ -122.072282, 37.613309 ], [ -122.072613, 37.613322 ], [ -122.073995, 37.613361 ], [ -122.074735, 37.613388 ], [ -122.077096, 37.613476 ], [ -122.077932, 37.613476 ], [ -122.078201, 37.613432 ], [ -122.078477, 37.613322 ], [ -122.079016, 37.612866 ], [ -122.079306, 37.612443 ], [ -122.079782, 37.611893 ], [ -122.080259, 37.611531 ], [ -122.081173, 37.611015 ], [ -122.081274, 37.610959 ], [ -122.082103, 37.610596 ], [ -122.082821, 37.610294 ], [ -122.083421, 37.61003 ], [ -122.083518, 37.609999 ], [ -122.083718, 37.609937 ], [ -122.083761, 37.609922 ], [ -122.083808, 37.609905 ], [ -122.083905, 37.609872 ], [ -122.084356, 37.609715 ], [ -122.084872, 37.609536 ], [ -122.085528, 37.609299 ], [ -122.086336, 37.609326 ], [ -122.08657, 37.609327 ], [ -122.08799, 37.609316 ], [ -122.088529, 37.60931 ], [ -122.088079, 37.608948 ], [ -122.08757, 37.608553 ], [ -122.087706, 37.608455 ], [ -122.08769, 37.608441 ], [ -122.087605, 37.608367 ], [ -122.087429, 37.608193 ], [ -122.087494, 37.608144 ], [ -122.087517, 37.608127 ], [ -122.087168, 37.607829 ], [ -122.0875, 37.607573 ], [ -122.087602, 37.607487 ], [ -122.087907, 37.607179 ], [ -122.088129, 37.606876 ], [ -122.088355, 37.606433 ], [ -122.089316, 37.60436 ], [ -122.08977, 37.60339 ], [ -122.090608, 37.601605 ], [ -122.090719, 37.601356 ], [ -122.090826, 37.601059 ], [ -122.090918, 37.600719 ], [ -122.090981, 37.600357 ], [ -122.091009, 37.600017 ], [ -122.091271, 37.599996 ], [ -122.091249, 37.598532 ], [ -122.091234, 37.597722 ], [ -122.091205, 37.596054 ], [ -122.090908, 37.596057 ], [ -122.090902, 37.59591 ], [ -122.090883, 37.595413 ], [ -122.090881, 37.595254 ], [ -122.090895, 37.595072 ], [ -122.090922, 37.594898 ], [ -122.090947, 37.594786 ], [ -122.090934, 37.594169 ], [ -122.091158, 37.594297 ], [ -122.091329, 37.594051 ], [ -122.091369, 37.594005 ], [ -122.091514, 37.593834 ], [ -122.091656, 37.593694 ], [ -122.091637, 37.593658 ], [ -122.091723, 37.593594 ], [ -122.091869, 37.593523 ], [ -122.091852, 37.59331 ], [ -122.09153, 37.593313 ], [ -122.091591, 37.592741 ], [ -122.091606, 37.592604 ], [ -122.091968, 37.592561 ], [ -122.092028, 37.592553 ], [ -122.092023, 37.592326 ], [ -122.092019, 37.592185 ], [ -122.092007, 37.591615 ], [ -122.091782, 37.591618 ], [ -122.091526, 37.591621 ], [ -122.091489, 37.59119 ], [ -122.091475, 37.59103 ], [ -122.09148, 37.59049 ], [ -122.091485, 37.590001 ], [ -122.091487, 37.589811 ], [ -122.091492, 37.589241 ], [ -122.091495, 37.589052 ], [ -122.091526, 37.588144 ], [ -122.09159, 37.586283 ], [ -122.091611, 37.585651 ], [ -122.091625, 37.585422 ], [ -122.091638, 37.585228 ], [ -122.091659, 37.585046 ], [ -122.091874, 37.584905 ], [ -122.091969, 37.584884 ], [ -122.092671, 37.584604 ], [ -122.094512, 37.583866 ], [ -122.095209, 37.583595 ], [ -122.095774, 37.583372 ], [ -122.096238, 37.583188 ], [ -122.09676, 37.582982 ], [ -122.096557, 37.582649 ], [ -122.096307, 37.582242 ], [ -122.09597, 37.581692 ], [ -122.095457, 37.58085 ], [ -122.095249, 37.580508 ], [ -122.094731, 37.579662 ], [ -122.094586, 37.579419 ], [ -122.094394, 37.579445 ], [ -122.093786, 37.579525 ], [ -122.093045, 37.579624 ], [ -122.093004, 37.579632 ], [ -122.09259, 37.579718 ], [ -122.092382, 37.579715 ], [ -122.09223, 37.579673 ], [ -122.09222, 37.579667 ], [ -122.092176, 37.579667 ], [ -122.091992, 37.579671 ], [ -122.091715, 37.579676 ], [ -122.091561, 37.579678 ], [ -122.091559, 37.579575 ], [ -122.091558, 37.579523 ], [ -122.091579, 37.579522 ], [ -122.091559, 37.579236 ], [ -122.091513, 37.579205 ], [ -122.091129, 37.578982 ], [ -122.091102, 37.578972 ], [ -122.089995, 37.578484 ], [ -122.089206, 37.57848 ], [ -122.088798, 37.578477 ], [ -122.088188, 37.578472 ], [ -122.087273, 37.578469 ], [ -122.086804, 37.578385 ], [ -122.086459, 37.577709 ], [ -122.086404, 37.575947 ], [ -122.086378, 37.575124 ], [ -122.086225, 37.575036 ], [ -122.086102, 37.574964 ], [ -122.085922, 37.574228 ], [ -122.085914, 37.574151 ], [ -122.085226, 37.574437 ], [ -122.085124, 37.574468 ], [ -122.084768, 37.574615 ], [ -122.084394, 37.57477 ], [ -122.083226, 37.575254 ], [ -122.083187, 37.575272 ], [ -122.083137, 37.57529 ], [ -122.083086, 37.575187 ], [ -122.083067, 37.575147 ], [ -122.083043, 37.575094 ], [ -122.08297, 37.57495 ], [ -122.082885, 37.574778 ], [ -122.08281, 37.574625 ], [ -122.082793, 37.574592 ], [ -122.082784, 37.574574 ], [ -122.083223, 37.57438 ], [ -122.083248, 37.574369 ], [ -122.084513, 37.573808 ], [ -122.084658, 37.573745 ], [ -122.084807, 37.573678 ], [ -122.085549, 37.573349 ], [ -122.084587, 37.571508 ], [ -122.083626, 37.569684 ], [ -122.083748, 37.569225 ], [ -122.084128, 37.568475 ], [ -122.084149, 37.568398 ], [ -122.084243, 37.568206 ], [ -122.084326, 37.568039 ], [ -122.084462, 37.567738 ], [ -122.085932, 37.566978 ], [ -122.086376, 37.566711 ], [ -122.087482, 37.566025 ], [ -122.089358, 37.564521 ], [ -122.090108, 37.564409 ], [ -122.090786, 37.564662 ], [ -122.090669, 37.565736 ], [ -122.09068, 37.565761 ], [ -122.090625, 37.566317 ], [ -122.091207, 37.566947 ], [ -122.091245, 37.566949 ], [ -122.091358, 37.567053 ], [ -122.091714, 37.567386 ], [ -122.093519, 37.567295 ], [ -122.095165, 37.566722 ], [ -122.095548, 37.566073 ], [ -122.095556, 37.565926 ], [ -122.095464, 37.565214 ], [ -122.095488, 37.565037 ], [ -122.093637, 37.563802 ], [ -122.092702, 37.563019 ], [ -122.092902, 37.5627 ], [ -122.093036, 37.562637 ], [ -122.093606, 37.562367 ], [ -122.093854, 37.562231 ], [ -122.09386, 37.562244 ], [ -122.094501, 37.561933 ], [ -122.094929, 37.562002 ], [ -122.096177, 37.563072 ], [ -122.097071, 37.564271 ], [ -122.097838, 37.564575 ], [ -122.098977, 37.564781 ], [ -122.099615, 37.564897 ], [ -122.100234, 37.564821 ], [ -122.100594, 37.564673 ], [ -122.101122, 37.562986 ], [ -122.101178, 37.562799 ], [ -122.10122, 37.562636 ], [ -122.101428, 37.562427 ], [ -122.101686, 37.562294 ], [ -122.102044, 37.56219 ], [ -122.102304, 37.562194 ], [ -122.102607, 37.562561 ], [ -122.102723, 37.562944 ], [ -122.102877, 37.563223 ], [ -122.103052, 37.563356 ], [ -122.103622, 37.563691 ], [ -122.104359, 37.563919 ], [ -122.104941, 37.563759 ], [ -122.105261, 37.563358 ], [ -122.105425, 37.56292 ], [ -122.107304, 37.56137 ], [ -122.107894, 37.561166 ], [ -122.109633, 37.560443 ], [ -122.110017, 37.560468 ], [ -122.1103, 37.560518 ], [ -122.111016, 37.561201 ], [ -122.111083, 37.561384 ], [ -122.110691, 37.562892 ], [ -122.1101, 37.565016 ], [ -122.110133, 37.565549 ], [ -122.112145, 37.566109 ], [ -122.115227, 37.567126 ], [ -122.11616, 37.567392 ], [ -122.119026, 37.568425 ], [ -122.120875, 37.569042 ], [ -122.122092, 37.569258 ], [ -122.124308, 37.569175 ], [ -122.126458, 37.568529 ], [ -122.126515, 37.568462 ], [ -122.127219, 37.568072 ], [ -122.127791, 37.567645 ], [ -122.128135, 37.56732 ], [ -122.128501, 37.56695 ], [ -122.128652, 37.566774 ], [ -122.128803, 37.566851 ], [ -122.131844, 37.562848 ], [ -122.131725, 37.562887 ], [ -122.135769, 37.558852 ], [ -122.149175, 37.545835 ], [ -122.149429, 37.546159 ], [ -122.150194, 37.547134 ], [ -122.150449, 37.547459 ], [ -122.151574, 37.548894 ], [ -122.154949, 37.553199 ], [ -122.156075, 37.554635 ], [ -122.158315, 37.557455 ], [ -122.165035, 37.565915 ], [ -122.167276, 37.568735 ], [ -122.169821, 37.571884 ], [ -122.174468, 37.577634 ], [ -122.177457, 37.581331 ], [ -122.180003, 37.58448 ], [ -122.181337, 37.58613 ], [ -122.185341, 37.591083 ], [ -122.186676, 37.592734 ], [ -122.18671, 37.592775 ], [ -122.186812, 37.592899 ], [ -122.186846, 37.592941 ], [ -122.188361, 37.594784 ], [ -122.192908, 37.600315 ], [ -122.194424, 37.602159 ], [ -122.194834, 37.602658 ], [ -122.195422, 37.603373 ], [ -122.196067, 37.604158 ], [ -122.19642, 37.604587 ], [ -122.196528, 37.604718 ], [ -122.196709, 37.604939 ], [ -122.196819, 37.605072 ], [ -122.197653, 37.606088 ], [ -122.197932, 37.606427 ], [ -122.200076, 37.609035 ], [ -122.206509, 37.616862 ], [ -122.208654, 37.619471 ], [ -122.21075, 37.622022 ], [ -122.21666, 37.629211 ], [ -122.217041, 37.629675 ], [ -122.218717, 37.631714 ], [ -122.218136, 37.632149 ] ] ] ] } },
{ "type": "Feature", "properties": { "NAME": "Ashland" }, "geometry": { "type": "MultiPolygon", "coordinates": [ [ [ [ -122.132347, 37.686709 ], [ -122.132219, 37.686707 ], [ -122.132031, 37.686706 ], [ -122.131837, 37.686707 ], [ -122.13171, 37.686708 ], [ -122.131506, 37.686709 ], [ -122.131388, 37.686712 ], [ -122.130846, 37.686727 ], [ -122.130425, 37.686732 ], [ -122.130104, 37.686737 ], [ -122.130106, 37.686771 ], [ -122.130114, 37.686875 ], [ -122.130117, 37.68691 ], [ -122.130143, 37.687267 ], [ -122.130172, 37.68765 ], [ -122.130199, 37.688173 ], [ -122.130198, 37.688339 ], [ -122.130196, 37.688698 ], [ -122.130196, 37.6889 ], [ -122.130196, 37.688982 ], [ -122.130197, 37.689379 ], [ -122.130198, 37.689506 ], [ -122.130199, 37.689708 ], [ -122.130198, 37.689721 ], [ -122.130195, 37.689777 ], [ -122.130194, 37.689804 ], [ -122.130181, 37.690093 ], [ -122.130179, 37.690136 ], [ -122.130177, 37.69019 ], [ -122.130153, 37.690607 ], [ -122.130145, 37.690735 ], [ -122.130141, 37.690798 ], [ -122.130142, 37.690901 ], [ -122.130138, 37.690987 ], [ -122.130131, 37.69112 ], [ -122.130008, 37.691117 ], [ -122.129216, 37.691109 ], [ -122.128406, 37.691072 ], [ -122.128525, 37.691177 ], [ -122.12896, 37.69156 ], [ -122.129651, 37.692185 ], [ -122.129655, 37.692398 ], [ -122.129659, 37.692598 ], [ -122.129506, 37.692677 ], [ -122.129505, 37.694057 ], [ -122.129505, 37.69413 ], [ -122.129511, 37.694949 ], [ -122.129516, 37.695913 ], [ -122.129513, 37.696073 ], [ -122.129513, 37.69613 ], [ -122.129514, 37.696887 ], [ -122.129521, 37.697084 ], [ -122.129528, 37.697278 ], [ -122.129532, 37.697386 ], [ -122.129535, 37.697456 ], [ -122.128532, 37.698137 ], [ -122.128402, 37.698226 ], [ -122.128359, 37.6982 ], [ -122.128193, 37.698097 ], [ -122.128008, 37.697981 ], [ -122.127362, 37.697559 ], [ -122.125132, 37.696032 ], [ -122.124779, 37.695784 ], [ -122.124769, 37.695941 ], [ -122.124767, 37.696149 ], [ -122.124766, 37.698135 ], [ -122.124762, 37.698233 ], [ -122.124589, 37.698276 ], [ -122.12437, 37.698333 ], [ -122.123668, 37.698483 ], [ -122.12327, 37.69857 ], [ -122.123065, 37.698603 ], [ -122.122909, 37.698613 ], [ -122.122629, 37.698613 ], [ -122.122541, 37.698612 ], [ -122.12251, 37.698612 ], [ -122.12251, 37.69865 ], [ -122.122513, 37.698753 ], [ -122.122547, 37.700329 ], [ -122.122561, 37.700962 ], [ -122.122564, 37.701085 ], [ -122.122536, 37.701115 ], [ -122.12269, 37.701223 ], [ -122.122971, 37.701421 ], [ -122.123198, 37.70158 ], [ -122.123297, 37.701649 ], [ -122.123595, 37.701856 ], [ -122.123695, 37.701926 ], [ -122.12382, 37.70201 ], [ -122.123867, 37.702042 ], [ -122.124386, 37.70239 ], [ -122.124559, 37.702507 ], [ -122.124684, 37.702596 ], [ -122.125059, 37.702864 ], [ -122.125184, 37.702954 ], [ -122.125815, 37.703416 ], [ -122.125942, 37.703498 ], [ -122.12597, 37.703516 ], [ -122.126315, 37.70376 ], [ -122.12644, 37.703848 ], [ -122.126571, 37.703939 ], [ -122.126964, 37.704212 ], [ -122.127095, 37.704304 ], [ -122.127221, 37.704393 ], [ -122.127602, 37.70466 ], [ -122.127729, 37.70475 ], [ -122.12804, 37.704971 ], [ -122.128973, 37.705634 ], [ -122.129196, 37.705793 ], [ -122.129285, 37.705855 ], [ -122.127974, 37.706839 ], [ -122.127805, 37.706968 ], [ -122.127301, 37.707357 ], [ -122.127134, 37.707488 ], [ -122.127001, 37.707592 ], [ -122.126601, 37.707906 ], [ -122.126469, 37.708011 ], [ -122.126345, 37.708106 ], [ -122.125976, 37.708393 ], [ -122.125853, 37.70849 ], [ -122.125729, 37.708584 ], [ -122.125569, 37.708707 ], [ -122.125362, 37.708868 ], [ -122.12524, 37.708964 ], [ -122.12496, 37.7092 ], [ -122.124802, 37.709334 ], [ -122.12459, 37.709518 ], [ -122.124523, 37.70958 ], [ -122.124405, 37.70969 ], [ -122.124324, 37.709769 ], [ -122.124259, 37.709833 ], [ -122.124224, 37.709801 ], [ -122.124167, 37.709762 ], [ -122.123918, 37.709571 ], [ -122.122972, 37.708845 ], [ -122.122896, 37.708788 ], [ -122.122676, 37.708625 ], [ -122.122551, 37.708533 ], [ -122.12248, 37.708476 ], [ -122.121515, 37.707701 ], [ -122.120937, 37.707318 ], [ -122.120692, 37.707188 ], [ -122.12031, 37.707 ], [ -122.119492, 37.706643 ], [ -122.117872, 37.705914 ], [ -122.117657, 37.705809 ], [ -122.117012, 37.705495 ], [ -122.116924, 37.705452 ], [ -122.1168, 37.705386 ], [ -122.116647, 37.705303 ], [ -122.116582, 37.705269 ], [ -122.115636, 37.704748 ], [ -122.1146, 37.704109 ], [ -122.113795, 37.703612 ], [ -122.110761, 37.701746 ], [ -122.110198, 37.701404 ], [ -122.109936, 37.70124 ], [ -122.109474, 37.700945 ], [ -122.108986, 37.700613 ], [ -122.108775, 37.700449 ], [ -122.108362, 37.70009 ], [ -122.108282, 37.700022 ], [ -122.10796, 37.699713 ], [ -122.107659, 37.699424 ], [ -122.107535, 37.699288 ], [ -122.107277, 37.699016 ], [ -122.10683, 37.69851 ], [ -122.106466, 37.698098 ], [ -122.106417, 37.698043 ], [ -122.106271, 37.697878 ], [ -122.106223, 37.697824 ], [ -122.105819, 37.697367 ], [ -122.10458, 37.695971 ], [ -122.104375, 37.69574 ], [ -122.104167, 37.695511 ], [ -122.104097, 37.695438 ], [ -122.10351, 37.694778 ], [ -122.10306, 37.694248 ], [ -122.102517, 37.693642 ], [ -122.102213, 37.693286 ], [ -122.10206, 37.693129 ], [ -122.101872, 37.692866 ], [ -122.101579, 37.692551 ], [ -122.101234, 37.692224 ], [ -122.100946, 37.691985 ], [ -122.100703, 37.691798 ], [ -122.100637, 37.691749 ], [ -122.10022, 37.691441 ], [ -122.099922, 37.691231 ], [ -122.099575, 37.69101 ], [ -122.099501, 37.690967 ], [ -122.099178, 37.690779 ], [ -122.098843, 37.690588 ], [ -122.098754, 37.690534 ], [ -122.098496, 37.690384 ], [ -122.098449, 37.690353 ], [ -122.098344, 37.690322 ], [ -122.097996, 37.690225 ], [ -122.097967, 37.690218 ], [ -122.097851, 37.690192 ], [ -122.097722, 37.69016 ], [ -122.097284, 37.69007 ], [ -122.097231, 37.690059 ], [ -122.097173, 37.69005 ], [ -122.096839, 37.690001 ], [ -122.096728, 37.689985 ], [ -122.096649, 37.689977 ], [ -122.096413, 37.689956 ], [ -122.096335, 37.689949 ], [ -122.096281, 37.689942 ], [ -122.096181, 37.68993 ], [ -122.09612, 37.689926 ], [ -122.096067, 37.689924 ], [ -122.09581, 37.689915 ], [ -122.095584, 37.689923 ], [ -122.095218, 37.689938 ], [ -122.095164, 37.68994 ], [ -122.094823, 37.689964 ], [ -122.094285, 37.690022 ], [ -122.094259, 37.690025 ], [ -122.094008, 37.690053 ], [ -122.094211, 37.689831 ], [ -122.094472, 37.689549 ], [ -122.094486, 37.689533 ], [ -122.094553, 37.689466 ], [ -122.094696, 37.689344 ], [ -122.095011, 37.689096 ], [ -122.095244, 37.688911 ], [ -122.095591, 37.688638 ], [ -122.095693, 37.688558 ], [ -122.095936, 37.688345 ], [ -122.096161, 37.688149 ], [ -122.096186, 37.688127 ], [ -122.096226, 37.688096 ], [ -122.096263, 37.688062 ], [ -122.096288, 37.68804 ], [ -122.096388, 37.687944 ], [ -122.096533, 37.687807 ], [ -122.096685, 37.687653 ], [ -122.096783, 37.687555 ], [ -122.096825, 37.687509 ], [ -122.096954, 37.687375 ], [ -122.096998, 37.68733 ], [ -122.097106, 37.687217 ], [ -122.097215, 37.687112 ], [ -122.097332, 37.687009 ], [ -122.09746, 37.686906 ], [ -122.097575, 37.686824 ], [ -122.09769, 37.68675 ], [ -122.09784, 37.686664 ], [ -122.097976, 37.686599 ], [ -122.098131, 37.686526 ], [ -122.098259, 37.686478 ], [ -122.098387, 37.686434 ], [ -122.098435, 37.68642 ], [ -122.09861, 37.686374 ], [ -122.098817, 37.686344 ], [ -122.098984, 37.68633 ], [ -122.09917, 37.686316 ], [ -122.09952, 37.686302 ], [ -122.099576, 37.6863 ], [ -122.09991, 37.686278 ], [ -122.100001, 37.686264 ], [ -122.100157, 37.686229 ], [ -122.100216, 37.686208 ], [ -122.100238, 37.686207 ], [ -122.100385, 37.686136 ], [ -122.100524, 37.686055 ], [ -122.100557, 37.686037 ], [ -122.100676, 37.685955 ], [ -122.10074, 37.685899 ], [ -122.100802, 37.685844 ], [ -122.100767, 37.685819 ], [ -122.100711, 37.68578 ], [ -122.100665, 37.685743 ], [ -122.100633, 37.685717 ], [ -122.100692, 37.685695 ], [ -122.100793, 37.685674 ], [ -122.100812, 37.68567 ], [ -122.100878, 37.685657 ], [ -122.100899, 37.685659 ], [ -122.10119, 37.68569 ], [ -122.101367, 37.685713 ], [ -122.101552, 37.685738 ], [ -122.102012, 37.685799 ], [ -122.102137, 37.685794 ], [ -122.102185, 37.685799 ], [ -122.102372, 37.685816 ], [ -122.102531, 37.685821 ], [ -122.102593, 37.685827 ], [ -122.102611, 37.685832 ], [ -122.102669, 37.685848 ], [ -122.102807, 37.685848 ], [ -122.102849, 37.685854 ], [ -122.102987, 37.685854 ], [ -122.103119, 37.685837 ], [ -122.103208, 37.685815 ], [ -122.10325, 37.68581 ], [ -122.103395, 37.685749 ], [ -122.103436, 37.685722 ], [ -122.103526, 37.6857 ], [ -122.103623, 37.685661 ], [ -122.103672, 37.685634 ], [ -122.103727, 37.685612 ], [ -122.103796, 37.685601 ], [ -122.103941, 37.685568 ], [ -122.104003, 37.685562 ], [ -122.104045, 37.685551 ], [ -122.104086, 37.685551 ], [ -122.104135, 37.68554 ], [ -122.104218, 37.685529 ], [ -122.104301, 37.685496 ], [ -122.104363, 37.685496 ], [ -122.104487, 37.685513 ], [ -122.104577, 37.68554 ], [ -122.104667, 37.685584 ], [ -122.104695, 37.685612 ], [ -122.104736, 37.685628 ], [ -122.104819, 37.685678 ], [ -122.104861, 37.685694 ], [ -122.104916, 37.685727 ], [ -122.104957, 37.685738 ], [ -122.104999, 37.685765 ], [ -122.10504, 37.685782 ], [ -122.105179, 37.685831 ], [ -122.105227, 37.685853 ], [ -122.105345, 37.685897 ], [ -122.105386, 37.685919 ], [ -122.105469, 37.685952 ], [ -122.105511, 37.685957 ], [ -122.105552, 37.685957 ], [ -122.105614, 37.685963 ], [ -122.105642, 37.685958 ], [ -122.105656, 37.685957 ], [ -122.105704, 37.685957 ], [ -122.105753, 37.685963 ], [ -122.105829, 37.685957 ], [ -122.106029, 37.685902 ], [ -122.106077, 37.685897 ], [ -122.106154, 37.685864 ], [ -122.106278, 37.685781 ], [ -122.106347, 37.685754 ], [ -122.106534, 37.685639 ], [ -122.106568, 37.685606 ], [ -122.106612, 37.685584 ], [ -122.106623, 37.685578 ], [ -122.106672, 37.685545 ], [ -122.106706, 37.685512 ], [ -122.106762, 37.685485 ], [ -122.106831, 37.685424 ], [ -122.106963, 37.685313 ], [ -122.106976, 37.685303 ], [ -122.107017, 37.685276 ], [ -122.107093, 37.685199 ], [ -122.107121, 37.68516 ], [ -122.107204, 37.685089 ], [ -122.107225, 37.685056 ], [ -122.107308, 37.684979 ], [ -122.107328, 37.684946 ], [ -122.107377, 37.684896 ], [ -122.107459, 37.684841 ], [ -122.107508, 37.684797 ], [ -122.107549, 37.68477 ], [ -122.107591, 37.684732 ], [ -122.107646, 37.684699 ], [ -122.107736, 37.684655 ], [ -122.107777, 37.684616 ], [ -122.107819, 37.6846 ], [ -122.107888, 37.684583 ], [ -122.107923, 37.684567 ], [ -122.108012, 37.68455 ], [ -122.108023, 37.684545 ], [ -122.108068, 37.684528 ], [ -122.108109, 37.684517 ], [ -122.108151, 37.684512 ], [ -122.108241, 37.68449 ], [ -122.108289, 37.684484 ], [ -122.108379, 37.684451 ], [ -122.108427, 37.68444 ], [ -122.108454, 37.684436 ], [ -122.108552, 37.684423 ], [ -122.108593, 37.684424 ], [ -122.108641, 37.684412 ], [ -122.108683, 37.684413 ], [ -122.108773, 37.684407 ], [ -122.108828, 37.684418 ], [ -122.108932, 37.684418 ], [ -122.108973, 37.684407 ], [ -122.10907, 37.684396 ], [ -122.109167, 37.684407 ], [ -122.109208, 37.684401 ], [ -122.109298, 37.684412 ], [ -122.10934, 37.684407 ], [ -122.109388, 37.684412 ], [ -122.10943, 37.684407 ], [ -122.109442, 37.684407 ], [ -122.109478, 37.684407 ], [ -122.109519, 37.684412 ], [ -122.109761, 37.684396 ], [ -122.109803, 37.684401 ], [ -122.109844, 37.684401 ], [ -122.110024, 37.684423 ], [ -122.110183, 37.684456 ], [ -122.110231, 37.684472 ], [ -122.11028, 37.684472 ], [ -122.110404, 37.684505 ], [ -122.110536, 37.684577 ], [ -122.110577, 37.684588 ], [ -122.110646, 37.684621 ], [ -122.110736, 37.684681 ], [ -122.110826, 37.684791 ], [ -122.110847, 37.684829 ], [ -122.110882, 37.684857 ], [ -122.110937, 37.684945 ], [ -122.110972, 37.684978 ], [ -122.111048, 37.685038 ], [ -122.111117, 37.685109 ], [ -122.111151, 37.685164 ], [ -122.111207, 37.685225 ], [ -122.111255, 37.685291 ], [ -122.11131, 37.685335 ], [ -122.111338, 37.685367 ], [ -122.111421, 37.685444 ], [ -122.111532, 37.685521 ], [ -122.111691, 37.685626 ], [ -122.111732, 37.685642 ], [ -122.111774, 37.68567 ], [ -122.111815, 37.685691 ], [ -122.111878, 37.685708 ], [ -122.111912, 37.68573 ], [ -122.111943, 37.685743 ], [ -122.111961, 37.685752 ], [ -122.111995, 37.685763 ], [ -122.112057, 37.685801 ], [ -122.112237, 37.685878 ], [ -122.112376, 37.685949 ], [ -122.112472, 37.685971 ], [ -122.112604, 37.686032 ], [ -122.112645, 37.686048 ], [ -122.112694, 37.686076 ], [ -122.112735, 37.686092 ], [ -122.112853, 37.686143 ], [ -122.11295, 37.686185 ], [ -122.113033, 37.68624 ], [ -122.113067, 37.686268 ], [ -122.113129, 37.68629 ], [ -122.113212, 37.686334 ], [ -122.11331, 37.686368 ], [ -122.113351, 37.686383 ], [ -122.113441, 37.686394 ], [ -122.113676, 37.686377 ], [ -122.11371, 37.686361 ], [ -122.113772, 37.686344 ], [ -122.113814, 37.686322 ], [ -122.113855, 37.686306 ], [ -122.113897, 37.686295 ], [ -122.113987, 37.686262 ], [ -122.11409, 37.686212 ], [ -122.114173, 37.686185 ], [ -122.114318, 37.686135 ], [ -122.114387, 37.686097 ], [ -122.114443, 37.686075 ], [ -122.114567, 37.686003 ], [ -122.114622, 37.685987 ], [ -122.114719, 37.685926 ], [ -122.114744, 37.685913 ], [ -122.11494, 37.685817 ], [ -122.114989, 37.685789 ], [ -122.115044, 37.685778 ], [ -122.115182, 37.68574 ], [ -122.115219, 37.685725 ], [ -122.115279, 37.685701 ], [ -122.115327, 37.685695 ], [ -122.115369, 37.685695 ], [ -122.115544, 37.685654 ], [ -122.11568, 37.685624 ], [ -122.115804, 37.685563 ], [ -122.115853, 37.685552 ], [ -122.115943, 37.685514 ], [ -122.116081, 37.685497 ], [ -122.116136, 37.685497 ], [ -122.116178, 37.685492 ], [ -122.116219, 37.685481 ], [ -122.116261, 37.685486 ], [ -122.116364, 37.685486 ], [ -122.116406, 37.685503 ], [ -122.116489, 37.685525 ], [ -122.116514, 37.685527 ], [ -122.116537, 37.68553 ], [ -122.116586, 37.685541 ], [ -122.116655, 37.685569 ], [ -122.116703, 37.685596 ], [ -122.116752, 37.685618 ], [ -122.1168, 37.685634 ], [ -122.116825, 37.685647 ], [ -122.116848, 37.685658 ], [ -122.116861, 37.685676 ], [ -122.116881, 37.685683 ], [ -122.116911, 37.685706 ], [ -122.116932, 37.685739 ], [ -122.116966, 37.685766 ], [ -122.117008, 37.685794 ], [ -122.11707, 37.685832 ], [ -122.117111, 37.685865 ], [ -122.117167, 37.685887 ], [ -122.117201, 37.685914 ], [ -122.117395, 37.686013 ], [ -122.117436, 37.686024 ], [ -122.117478, 37.68603 ], [ -122.11754, 37.686046 ], [ -122.117582, 37.686046 ], [ -122.117623, 37.686052 ], [ -122.117665, 37.686052 ], [ -122.117713, 37.686062 ], [ -122.117754, 37.686052 ], [ -122.117796, 37.686051 ], [ -122.117844, 37.686057 ], [ -122.117948, 37.68604 ], [ -122.118038, 37.686024 ], [ -122.118079, 37.686024 ], [ -122.118121, 37.686013 ], [ -122.118204, 37.68598 ], [ -122.118259, 37.685969 ], [ -122.118307, 37.685947 ], [ -122.118349, 37.685936 ], [ -122.118397, 37.685936 ], [ -122.118439, 37.685919 ], [ -122.118487, 37.685914 ], [ -122.118577, 37.685892 ], [ -122.118667, 37.685881 ], [ -122.118715, 37.68587 ], [ -122.118853, 37.685853 ], [ -122.118902, 37.685842 ], [ -122.118943, 37.685842 ], [ -122.119144, 37.68582 ], [ -122.119227, 37.68582 ], [ -122.119324, 37.685809 ], [ -122.119365, 37.685793 ], [ -122.119441, 37.685798 ], [ -122.119564, 37.685798 ], [ -122.119635, 37.685798 ], [ -122.119683, 37.685787 ], [ -122.119731, 37.685781 ], [ -122.119863, 37.685792 ], [ -122.119911, 37.685803 ], [ -122.119994, 37.685798 ], [ -122.120063, 37.685798 ], [ -122.120112, 37.685803 ], [ -122.120153, 37.685803 ], [ -122.120195, 37.685809 ], [ -122.120291, 37.685814 ], [ -122.12034, 37.685825 ], [ -122.120381, 37.685825 ], [ -122.120423, 37.685831 ], [ -122.120471, 37.685831 ], [ -122.12052, 37.685836 ], [ -122.120658, 37.685836 ], [ -122.120692, 37.685841 ], [ -122.120741, 37.68583 ], [ -122.120796, 37.68583 ], [ -122.120844, 37.685825 ], [ -122.120886, 37.685825 ], [ -122.121017, 37.685814 ], [ -122.121066, 37.685819 ], [ -122.121114, 37.685808 ], [ -122.121254, 37.685808 ], [ -122.121301, 37.685803 ], [ -122.121349, 37.685803 ], [ -122.121391, 37.685808 ], [ -122.121432, 37.685803 ], [ -122.121522, 37.685814 ], [ -122.121584, 37.685808 ], [ -122.121709, 37.685819 ], [ -122.12175, 37.685835 ], [ -122.121799, 37.685835 ], [ -122.121847, 37.685841 ], [ -122.121888, 37.685835 ], [ -122.121937, 37.685846 ], [ -122.121978, 37.685846 ], [ -122.122004, 37.685851 ], [ -122.122061, 37.685863 ], [ -122.122193, 37.685863 ], [ -122.122386, 37.68589 ], [ -122.122763, 37.685881 ], [ -122.123145, 37.685894 ], [ -122.123409, 37.685898 ], [ -122.123656, 37.685877 ], [ -122.123921, 37.685856 ], [ -122.124034, 37.685823 ], [ -122.124231, 37.685781 ], [ -122.124456, 37.685794 ], [ -122.124666, 37.685816 ], [ -122.124953, 37.685844 ], [ -122.125245, 37.685881 ], [ -122.125459, 37.685856 ], [ -122.12573, 37.685786 ], [ -122.125958, 37.685668 ], [ -122.126159, 37.6855 ], [ -122.12636, 37.685336 ], [ -122.126566, 37.68524 ], [ -122.126738, 37.685177 ], [ -122.126935, 37.685139 ], [ -122.127111, 37.685152 ], [ -122.127339, 37.685195 ], [ -122.127515, 37.685207 ], [ -122.12789, 37.685215 ], [ -122.128138, 37.685174 ], [ -122.128297, 37.685137 ], [ -122.128342, 37.685117 ], [ -122.128504, 37.685047 ], [ -122.128656, 37.684938 ], [ -122.12877, 37.684794 ], [ -122.128877, 37.684708 ], [ -122.128949, 37.684603 ], [ -122.129, 37.684386 ], [ -122.12923, 37.684545 ], [ -122.129819, 37.684966 ], [ -122.130022, 37.685112 ], [ -122.130365, 37.68534 ], [ -122.130459, 37.685406 ], [ -122.131786, 37.686315 ], [ -122.131896, 37.686395 ], [ -122.132215, 37.686627 ], [ -122.13223, 37.68664 ], [ -122.132347, 37.686709 ] ] ] ] } },
{ "type": "Feature", "properties": { "NAME": "Castro Valley" }, "geometry": { "type": "MultiPolygon", "coordinates": [ [ [ [ -122.131145, 37.714914 ], [ -122.130598, 37.715024 ], [ -122.129379, 37.715266 ], [ -122.126195, 37.715957 ], [ -122.123978, 37.716418 ], [ -122.124002, 37.716633 ], [ -122.123979, 37.716779 ], [ -122.123991, 37.716964 ], [ -122.12412, 37.717347 ], [ -122.124915, 37.718762 ], [ -122.125042, 37.718988 ], [ -122.123833, 37.719264 ], [ -122.123693, 37.719297 ], [ -122.12434, 37.721202 ], [ -122.124982, 37.72313 ], [ -122.125094, 37.723464 ], [ -122.125647, 37.725095 ], [ -122.126121, 37.726504 ], [ -122.12649, 37.727585 ], [ -122.126607, 37.727926 ], [ -122.127183, 37.729654 ], [ -122.127244, 37.729827 ], [ -122.125458, 37.72976 ], [ -122.125345, 37.729636 ], [ -122.125006, 37.729234 ], [ -122.124462, 37.728588 ], [ -122.122926, 37.729045 ], [ -122.122377, 37.729409 ], [ -122.122168, 37.729386 ], [ -122.122213, 37.729795 ], [ -122.122228, 37.729933 ], [ -122.122235, 37.729997 ], [ -122.122166, 37.730114 ], [ -122.121744, 37.730815 ], [ -122.12124, 37.731748 ], [ -122.121206, 37.731812 ], [ -122.121082, 37.731899 ], [ -122.120229, 37.731988 ], [ -122.119964, 37.732042 ], [ -122.119812, 37.731633 ], [ -122.117753, 37.730151 ], [ -122.106553, 37.722472 ], [ -122.101126, 37.729112 ], [ -122.099056, 37.727628 ], [ -122.098816, 37.727539 ], [ -122.098566, 37.727551 ], [ -122.098229, 37.727664 ], [ -122.098016, 37.727764 ], [ -122.097366, 37.727764 ], [ -122.097242, 37.727764 ], [ -122.096915, 37.727784 ], [ -122.096941, 37.727907 ], [ -122.09691, 37.728075 ], [ -122.096904, 37.728119 ], [ -122.096891, 37.728194 ], [ -122.096885, 37.728288 ], [ -122.096854, 37.728419 ], [ -122.096911, 37.728881 ], [ -122.096591, 37.729413 ], [ -122.096266, 37.729913 ], [ -122.096066, 37.730175 ], [ -122.095704, 37.730326 ], [ -122.095529, 37.730238 ], [ -122.095329, 37.730126 ], [ -122.095204, 37.730101 ], [ -122.094991, 37.730076 ], [ -122.094741, 37.730126 ], [ -122.094454, 37.73005 ], [ -122.094404, 37.730013 ], [ -122.094004, 37.729851 ], [ -122.093804, 37.729863 ], [ -122.093454, 37.729888 ], [ -122.093229, 37.729838 ], [ -122.092984, 37.729802 ], [ -122.092716, 37.729763 ], [ -122.092526, 37.729721 ], [ -122.091916, 37.729588 ], [ -122.091811, 37.729563 ], [ -122.091604, 37.729513 ], [ -122.091379, 37.72955 ], [ -122.090929, 37.729738 ], [ -122.090054, 37.730076 ], [ -122.089404, 37.730225 ], [ -122.089141, 37.730263 ], [ -122.088691, 37.7302 ], [ -122.088404, 37.730213 ], [ -122.088254, 37.73015 ], [ -122.087614, 37.72995 ], [ -122.087416, 37.729888 ], [ -122.086741, 37.7296 ], [ -122.086416, 37.729413 ], [ -122.085991, 37.729088 ], [ -122.085804, 37.728788 ], [ -122.085729, 37.728488 ], [ -122.085791, 37.728325 ], [ -122.085916, 37.728 ], [ -122.085904, 37.727776 ], [ -122.085904, 37.727663 ], [ -122.085904, 37.727575 ], [ -122.085816, 37.727376 ], [ -122.085874, 37.726859 ], [ -122.085741, 37.726576 ], [ -122.085666, 37.726101 ], [ -122.085706, 37.725987 ], [ -122.085704, 37.725863 ], [ -122.085704, 37.725701 ], [ -122.085579, 37.725464 ], [ -122.085379, 37.725238 ], [ -122.085116, 37.725138 ], [ -122.084754, 37.725051 ], [ -122.084441, 37.725001 ], [ -122.084054, 37.724963 ], [ -122.083666, 37.724926 ], [ -122.083317, 37.724851 ], [ -122.083041, 37.724801 ], [ -122.082679, 37.724676 ], [ -122.082354, 37.724538 ], [ -122.082141, 37.724513 ], [ -122.081479, 37.724513 ], [ -122.081429, 37.724513 ], [ -122.08136, 37.724558 ], [ -122.080354, 37.724478 ], [ -122.080054, 37.724626 ], [ -122.079763, 37.72483 ], [ -122.079714, 37.724689 ], [ -122.079667, 37.724592 ], [ -122.079583, 37.724443 ], [ -122.079449, 37.724268 ], [ -122.079347, 37.724144 ], [ -122.07909, 37.723853 ], [ -122.079001, 37.723759 ], [ -122.078648, 37.723388 ], [ -122.078153, 37.722967 ], [ -122.077777, 37.722662 ], [ -122.077388, 37.722371 ], [ -122.077175, 37.72222 ], [ -122.076625, 37.721849 ], [ -122.076125, 37.721511 ], [ -122.075965, 37.721391 ], [ -122.075831, 37.721296 ], [ -122.07582, 37.721288 ], [ -122.075692, 37.721188 ], [ -122.075555, 37.721061 ], [ -122.075343, 37.720836 ], [ -122.075264, 37.720742 ], [ -122.074958, 37.720736 ], [ -122.07383, 37.72071 ], [ -122.072624, 37.720682 ], [ -122.069528, 37.720613 ], [ -122.068095, 37.720581 ], [ -122.067588, 37.720499 ], [ -122.066726, 37.720359 ], [ -122.066069, 37.720254 ], [ -122.06571, 37.720196 ], [ -122.065563, 37.720173 ], [ -122.065039, 37.721353 ], [ -122.064911, 37.721665 ], [ -122.064445, 37.722814 ], [ -122.064177, 37.723471 ], [ -122.063071, 37.726192 ], [ -122.062458, 37.727701 ], [ -122.061692, 37.729551 ], [ -122.06164, 37.729822 ], [ -122.060359, 37.736538 ], [ -122.059932, 37.738777 ], [ -122.060014, 37.739276 ], [ -122.061508, 37.743685 ], [ -122.062143, 37.746965 ], [ -122.062206, 37.748429 ], [ -122.061612, 37.74928 ], [ -122.059832, 37.751837 ], [ -122.059239, 37.752689 ], [ -122.059215, 37.752652 ], [ -122.05898, 37.752383 ], [ -122.058848, 37.752279 ], [ -122.058765, 37.752235 ], [ -122.058544, 37.752153 ], [ -122.058502, 37.752125 ], [ -122.058482, 37.752092 ], [ -122.058461, 37.751982 ], [ -122.058482, 37.751894 ], [ -122.058537, 37.751795 ], [ -122.058565, 37.751757 ], [ -122.058599, 37.75173 ], [ -122.058703, 37.751504 ], [ -122.058669, 37.751438 ], [ -122.058627, 37.751411 ], [ -122.058544, 37.751405 ], [ -122.058399, 37.751477 ], [ -122.058274, 37.751521 ], [ -122.058212, 37.75151 ], [ -122.058177, 37.751482 ], [ -122.058177, 37.7514 ], [ -122.058205, 37.751323 ], [ -122.058233, 37.75129 ], [ -122.058235, 37.751272 ], [ -122.05824, 37.75124 ], [ -122.058212, 37.751158 ], [ -122.058191, 37.751142 ], [ -122.058074, 37.751103 ], [ -122.0579, 37.751054 ], [ -122.057818, 37.751015 ], [ -122.057817, 37.750949 ], [ -122.057831, 37.7509 ], [ -122.057887, 37.750812 ], [ -122.057949, 37.750763 ], [ -122.058101, 37.750669 ], [ -122.058281, 37.750526 ], [ -122.05835, 37.750422 ], [ -122.058371, 37.750329 ], [ -122.058371, 37.750158 ], [ -122.058343, 37.750059 ], [ -122.0583, 37.749931 ], [ -122.058293, 37.749909 ], [ -122.058293, 37.749876 ], [ -122.058244, 37.74976 ], [ -122.058196, 37.749694 ], [ -122.058127, 37.749617 ], [ -122.058057, 37.749557 ], [ -122.057981, 37.749502 ], [ -122.05794, 37.749469 ], [ -122.057871, 37.74942 ], [ -122.057774, 37.749332 ], [ -122.057732, 37.749227 ], [ -122.057712, 37.749145 ], [ -122.057691, 37.749096 ], [ -122.05767, 37.749063 ], [ -122.057642, 37.74903 ], [ -122.057573, 37.748925 ], [ -122.057518, 37.748865 ], [ -122.057497, 37.748832 ], [ -122.057469, 37.748799 ], [ -122.057449, 37.748766 ], [ -122.057345, 37.748672 ], [ -122.057283, 37.748623 ], [ -122.057151, 37.748557 ], [ -122.057047, 37.748497 ], [ -122.05693, 37.74842 ], [ -122.056909, 37.748403 ], [ -122.056819, 37.748348 ], [ -122.056785, 37.748315 ], [ -122.05675, 37.748288 ], [ -122.056702, 37.748227 ], [ -122.056681, 37.748194 ], [ -122.056625, 37.748057 ], [ -122.056632, 37.748008 ], [ -122.05666, 37.747942 ], [ -122.056722, 37.74787 ], [ -122.05684, 37.747771 ], [ -122.056868, 37.747738 ], [ -122.056944, 37.747678 ], [ -122.056985, 37.747623 ], [ -122.057013, 37.747541 ], [ -122.057013, 37.747458 ], [ -122.057006, 37.747425 ], [ -122.056985, 37.747381 ], [ -122.056882, 37.747238 ], [ -122.056792, 37.747156 ], [ -122.056723, 37.747085 ], [ -122.056633, 37.746947 ], [ -122.056605, 37.746898 ], [ -122.056529, 37.746793 ], [ -122.056515, 37.74676 ], [ -122.056467, 37.746683 ], [ -122.056425, 37.746601 ], [ -122.056418, 37.746568 ], [ -122.05639, 37.746535 ], [ -122.056377, 37.746497 ], [ -122.056349, 37.746458 ], [ -122.056307, 37.746354 ], [ -122.056287, 37.746255 ], [ -122.056266, 37.7462 ], [ -122.056259, 37.746162 ], [ -122.056238, 37.746118 ], [ -122.056197, 37.746008 ], [ -122.056162, 37.745953 ], [ -122.056135, 37.745876 ], [ -122.056093, 37.745777 ], [ -122.056038, 37.745689 ], [ -122.05601, 37.745629 ], [ -122.055992, 37.74554 ], [ -122.055948, 37.745321 ], [ -122.055844, 37.744739 ], [ -122.055823, 37.744486 ], [ -122.05581, 37.744343 ], [ -122.055803, 37.744156 ], [ -122.055837, 37.743678 ], [ -122.055768, 37.743189 ], [ -122.055733, 37.74309 ], [ -122.055664, 37.742898 ], [ -122.055409, 37.742579 ], [ -122.055277, 37.742475 ], [ -122.055222, 37.742415 ], [ -122.055146, 37.742371 ], [ -122.05498, 37.742299 ], [ -122.054876, 37.742244 ], [ -122.054793, 37.742211 ], [ -122.054751, 37.742184 ], [ -122.054689, 37.742123 ], [ -122.054661, 37.74209 ], [ -122.054578, 37.741948 ], [ -122.054523, 37.741816 ], [ -122.054516, 37.741777 ], [ -122.054468, 37.741662 ], [ -122.054454, 37.741585 ], [ -122.054426, 37.741514 ], [ -122.054405, 37.741431 ], [ -122.054399, 37.741343 ], [ -122.054405, 37.74131 ], [ -122.054405, 37.741255 ], [ -122.054412, 37.7412 ], [ -122.054433, 37.741145 ], [ -122.05444, 37.741096 ], [ -122.054489, 37.740981 ], [ -122.054502, 37.740931 ], [ -122.054516, 37.740898 ], [ -122.05453, 37.740827 ], [ -122.054544, 37.740794 ], [ -122.054551, 37.740761 ], [ -122.054551, 37.740711 ], [ -122.054523, 37.740645 ], [ -122.054454, 37.740541 ], [ -122.054419, 37.740459 ], [ -122.05444, 37.740376 ], [ -122.05444, 37.740321 ], [ -122.054461, 37.740272 ], [ -122.054468, 37.740233 ], [ -122.054468, 37.740184 ], [ -122.054461, 37.740135 ], [ -122.054392, 37.740069 ], [ -122.05435, 37.740058 ], [ -122.054101, 37.740091 ], [ -122.054039, 37.740074 ], [ -122.053998, 37.740058 ], [ -122.053956, 37.74003 ], [ -122.053942, 37.739992 ], [ -122.053949, 37.739959 ], [ -122.053991, 37.739937 ], [ -122.054025, 37.739893 ], [ -122.054074, 37.739805 ], [ -122.054087, 37.739766 ], [ -122.054074, 37.739695 ], [ -122.053998, 37.73958 ], [ -122.053977, 37.739492 ], [ -122.053977, 37.739442 ], [ -122.053998, 37.739409 ], [ -122.054032, 37.739327 ], [ -122.054039, 37.739277 ], [ -122.054025, 37.73919 ], [ -122.053998, 37.73914 ], [ -122.053963, 37.739096 ], [ -122.053921, 37.739058 ], [ -122.053887, 37.738992 ], [ -122.053887, 37.738942 ], [ -122.053901, 37.73886 ], [ -122.053915, 37.738827 ], [ -122.053929, 37.738772 ], [ -122.053935, 37.738717 ], [ -122.053935, 37.738574 ], [ -122.053928, 37.738525 ], [ -122.05388, 37.738442 ], [ -122.053776, 37.738382 ], [ -122.053686, 37.738316 ], [ -122.053659, 37.738255 ], [ -122.053652, 37.738223 ], [ -122.053652, 37.738173 ], [ -122.053714, 37.73803 ], [ -122.053735, 37.737997 ], [ -122.05379, 37.737932 ], [ -122.053825, 37.737893 ], [ -122.053853, 37.737843 ], [ -122.053936, 37.737728 ], [ -122.053977, 37.737602 ], [ -122.053984, 37.737569 ], [ -122.05397, 37.737475 ], [ -122.05395, 37.73742 ], [ -122.053943, 37.737388 ], [ -122.053887, 37.737322 ], [ -122.05377, 37.737195 ], [ -122.053701, 37.737129 ], [ -122.053659, 37.737096 ], [ -122.053631, 37.737058 ], [ -122.053597, 37.737025 ], [ -122.053528, 37.73692 ], [ -122.053507, 37.736849 ], [ -122.0535, 37.736789 ], [ -122.053486, 37.736739 ], [ -122.053452, 37.736679 ], [ -122.053431, 37.736629 ], [ -122.053403, 37.736596 ], [ -122.053375, 37.736547 ], [ -122.053362, 37.736514 ], [ -122.053279, 37.736426 ], [ -122.053258, 37.736382 ], [ -122.053258, 37.736344 ], [ -122.053286, 37.736234 ], [ -122.053327, 37.736162 ], [ -122.053355, 37.736129 ], [ -122.053417, 37.736036 ], [ -122.053431, 37.735943 ], [ -122.053389, 37.735882 ], [ -122.053355, 37.73586 ], [ -122.053265, 37.735822 ], [ -122.053175, 37.735805 ], [ -122.053085, 37.735772 ], [ -122.053044, 37.735739 ], [ -122.052898, 37.735569 ], [ -122.052843, 37.735487 ], [ -122.052822, 37.735437 ], [ -122.052801, 37.735355 ], [ -122.052767, 37.735267 ], [ -122.05276, 37.735223 ], [ -122.05276, 37.735157 ], [ -122.052753, 37.735118 ], [ -122.052753, 37.735041 ], [ -122.052746, 37.735003 ], [ -122.052746, 37.734833 ], [ -122.052753, 37.734745 ], [ -122.052746, 37.73469 ], [ -122.052719, 37.734596 ], [ -122.052636, 37.734552 ], [ -122.052566, 37.734541 ], [ -122.052497, 37.734536 ], [ -122.052366, 37.734547 ], [ -122.05231, 37.734525 ], [ -122.052269, 37.734487 ], [ -122.052248, 37.73441 ], [ -122.052255, 37.734366 ], [ -122.052255, 37.734278 ], [ -122.052262, 37.734223 ], [ -122.052283, 37.734135 ], [ -122.052304, 37.734085 ], [ -122.052317, 37.733992 ], [ -122.052317, 37.733888 ], [ -122.052304, 37.733838 ], [ -122.052276, 37.733805 ], [ -122.052262, 37.733772 ], [ -122.0522, 37.733701 ], [ -122.052158, 37.733668 ], [ -122.052124, 37.733635 ], [ -122.052069, 37.733596 ], [ -122.052006, 37.733536 ], [ -122.051972, 37.733509 ], [ -122.051944, 37.733476 ], [ -122.05193, 37.733443 ], [ -122.051923, 37.733388 ], [ -122.051979, 37.733195 ], [ -122.051992, 37.733058 ], [ -122.051986, 37.733009 ], [ -122.051965, 37.732976 ], [ -122.051958, 37.732921 ], [ -122.051986, 37.732811 ], [ -122.052013, 37.732728 ], [ -122.05202, 37.732695 ], [ -122.05202, 37.732553 ], [ -122.052013, 37.732503 ], [ -122.051986, 37.732448 ], [ -122.051972, 37.732399 ], [ -122.051882, 37.732223 ], [ -122.05182, 37.732119 ], [ -122.051785, 37.732086 ], [ -122.051744, 37.732036 ], [ -122.051709, 37.732014 ], [ -122.051647, 37.731959 ], [ -122.051564, 37.731871 ], [ -122.051529, 37.731838 ], [ -122.051467, 37.731794 ], [ -122.051377, 37.731706 ], [ -122.051356, 37.731673 ], [ -122.051329, 37.731646 ], [ -122.051294, 37.731564 ], [ -122.05128, 37.73152 ], [ -122.05126, 37.731487 ], [ -122.051259, 37.731421 ], [ -122.05128, 37.731289 ], [ -122.051301, 37.731206 ], [ -122.051322, 37.731152 ], [ -122.051391, 37.731069 ], [ -122.051439, 37.730981 ], [ -122.051481, 37.730844 ], [ -122.051495, 37.730806 ], [ -122.051495, 37.730767 ], [ -122.051509, 37.73069 ], [ -122.051509, 37.730657 ], [ -122.051495, 37.730597 ], [ -122.051502, 37.730558 ], [ -122.051502, 37.73047 ], [ -122.051488, 37.730382 ], [ -122.051495, 37.7303 ], [ -122.05155, 37.730174 ], [ -122.051599, 37.730075 ], [ -122.05162, 37.730053 ], [ -122.051661, 37.730025 ], [ -122.051744, 37.729943 ], [ -122.051813, 37.729888 ], [ -122.051896, 37.729806 ], [ -122.051993, 37.729712 ], [ -122.052049, 37.729674 ], [ -122.052145, 37.72958 ], [ -122.052325, 37.729427 ], [ -122.052353, 37.729388 ], [ -122.052422, 37.729317 ], [ -122.05245, 37.729262 ], [ -122.052477, 37.729223 ], [ -122.052512, 37.729119 ], [ -122.052533, 37.728998 ], [ -122.052554, 37.72885 ], [ -122.052519, 37.728674 ], [ -122.052464, 37.728515 ], [ -122.052443, 37.728223 ], [ -122.05245, 37.72819 ], [ -122.05245, 37.728097 ], [ -122.052457, 37.727998 ], [ -122.052485, 37.727833 ], [ -122.052526, 37.727685 ], [ -122.052582, 37.72752 ], [ -122.052685, 37.727256 ], [ -122.052706, 37.727185 ], [ -122.052699, 37.727026 ], [ -122.052672, 37.72685 ], [ -122.052658, 37.726817 ], [ -122.052637, 37.726691 ], [ -122.052526, 37.72652 ], [ -122.052464, 37.726356 ], [ -122.052388, 37.72618 ], [ -122.05236, 37.726004 ], [ -122.052354, 37.725856 ], [ -122.052354, 37.725685 ], [ -122.052381, 37.725515 ], [ -122.052388, 37.725361 ], [ -122.052381, 37.725196 ], [ -122.052381, 37.725015 ], [ -122.052395, 37.724856 ], [ -122.052368, 37.724531 ], [ -122.052333, 37.724361 ], [ -122.052291, 37.724196 ], [ -122.052195, 37.724026 ], [ -122.052146, 37.723867 ], [ -122.052153, 37.723696 ], [ -122.052236, 37.723526 ], [ -122.052361, 37.723356 ], [ -122.052471, 37.723196 ], [ -122.05252, 37.723136 ], [ -122.052741, 37.722779 ], [ -122.052783, 37.722697 ], [ -122.052942, 37.722438 ], [ -122.053011, 37.722367 ], [ -122.05317, 37.722219 ], [ -122.053364, 37.722059 ], [ -122.053565, 37.721884 ], [ -122.0538, 37.721691 ], [ -122.054021, 37.721537 ], [ -122.054208, 37.721428 ], [ -122.054298, 37.721334 ], [ -122.054303, 37.721316 ], [ -122.054333, 37.721219 ], [ -122.054319, 37.721049 ], [ -122.054291, 37.720889 ], [ -122.054201, 37.720713 ], [ -122.054091, 37.720543 ], [ -122.05407, 37.720384 ], [ -122.054098, 37.720208 ], [ -122.054167, 37.720038 ], [ -122.054215, 37.719878 ], [ -122.05436, 37.719549 ], [ -122.05445, 37.719274 ], [ -122.05445, 37.719049 ], [ -122.054444, 37.718988 ], [ -122.054388, 37.718719 ], [ -122.054395, 37.718554 ], [ -122.054416, 37.718384 ], [ -122.054451, 37.718225 ], [ -122.054457, 37.718175 ], [ -122.054471, 37.718142 ], [ -122.054506, 37.717972 ], [ -122.05452, 37.717928 ], [ -122.054534, 37.717846 ], [ -122.054534, 37.717785 ], [ -122.05454, 37.717752 ], [ -122.054534, 37.717681 ], [ -122.054499, 37.717477 ], [ -122.054478, 37.717395 ], [ -122.054485, 37.717362 ], [ -122.054478, 37.717335 ], [ -122.05443, 37.717225 ], [ -122.054416, 37.717186 ], [ -122.054375, 37.71712 ], [ -122.054361, 37.717082 ], [ -122.054319, 37.717032 ], [ -122.054278, 37.716928 ], [ -122.054229, 37.716835 ], [ -122.054202, 37.716763 ], [ -122.054153, 37.716082 ], [ -122.054133, 37.715884 ], [ -122.054078, 37.715522 ], [ -122.054071, 37.715395 ], [ -122.054091, 37.71534 ], [ -122.054147, 37.715258 ], [ -122.054209, 37.715192 ], [ -122.054299, 37.715132 ], [ -122.054334, 37.715113 ], [ -122.054228, 37.715121 ], [ -122.053911, 37.715146 ], [ -122.053874, 37.715149 ], [ -122.053806, 37.715154 ], [ -122.051676, 37.717022 ], [ -122.046986, 37.721139 ], [ -122.04698, 37.723396 ], [ -122.046973, 37.726229 ], [ -122.046311, 37.726357 ], [ -122.044326, 37.726742 ], [ -122.043665, 37.726871 ], [ -122.043638, 37.726843 ], [ -122.043624, 37.72681 ], [ -122.043617, 37.726777 ], [ -122.04361, 37.726695 ], [ -122.043617, 37.726662 ], [ -122.043617, 37.726629 ], [ -122.04361, 37.726596 ], [ -122.04361, 37.72648 ], [ -122.043596, 37.726398 ], [ -122.043548, 37.726283 ], [ -122.043513, 37.72625 ], [ -122.043486, 37.726217 ], [ -122.043472, 37.726184 ], [ -122.043444, 37.726151 ], [ -122.043396, 37.726085 ], [ -122.043285, 37.725953 ], [ -122.043223, 37.725904 ], [ -122.043195, 37.725871 ], [ -122.04314, 37.725788 ], [ -122.043112, 37.725761 ], [ -122.043098, 37.725728 ], [ -122.043006, 37.725644 ], [ -122.042995, 37.725634 ], [ -122.042974, 37.72559 ], [ -122.042932, 37.725557 ], [ -122.04287, 37.725486 ], [ -122.042773, 37.725409 ], [ -122.042739, 37.725365 ], [ -122.042697, 37.725283 ], [ -122.042649, 37.725217 ], [ -122.042628, 37.725167 ], [ -122.042621, 37.725134 ], [ -122.042601, 37.725101 ], [ -122.042587, 37.725035 ], [ -122.042538, 37.724953 ], [ -122.042532, 37.72492 ], [ -122.042518, 37.724882 ], [ -122.04249, 37.724848 ], [ -122.042469, 37.72481 ], [ -122.042442, 37.724783 ], [ -122.042421, 37.72475 ], [ -122.042352, 37.724695 ], [ -122.042331, 37.724662 ], [ -122.042296, 37.724623 ], [ -122.042255, 37.724557 ], [ -122.042227, 37.72453 ], [ -122.042207, 37.724497 ], [ -122.042179, 37.724414 ], [ -122.042179, 37.724349 ], [ -122.042186, 37.724266 ], [ -122.042179, 37.724233 ], [ -122.042165, 37.7242 ], [ -122.042131, 37.724173 ], [ -122.042089, 37.724151 ], [ -122.042054, 37.724118 ], [ -122.042027, 37.724085 ], [ -122.042027, 37.724052 ], [ -122.041992, 37.724002 ], [ -122.041958, 37.723936 ], [ -122.041916, 37.723925 ], [ -122.041833, 37.723893 ], [ -122.041792, 37.723887 ], [ -122.04175, 37.723876 ], [ -122.041688, 37.723871 ], [ -122.041646, 37.723859 ], [ -122.041563, 37.723821 ], [ -122.041522, 37.723816 ], [ -122.041481, 37.723799 ], [ -122.041398, 37.723788 ], [ -122.041356, 37.723772 ], [ -122.041314, 37.723761 ], [ -122.04128, 37.723728 ], [ -122.041197, 37.723689 ], [ -122.041156, 37.723673 ], [ -122.041121, 37.723645 ], [ -122.041079, 37.723629 ], [ -122.040996, 37.723585 ], [ -122.040955, 37.723568 ], [ -122.040913, 37.723535 ], [ -122.04081, 37.723486 ], [ -122.040768, 37.723469 ], [ -122.040727, 37.723442 ], [ -122.040685, 37.723425 ], [ -122.040644, 37.723403 ], [ -122.040595, 37.723387 ], [ -122.040561, 37.723365 ], [ -122.040429, 37.723304 ], [ -122.040326, 37.723255 ], [ -122.040243, 37.723216 ], [ -122.04016, 37.723167 ], [ -122.040035, 37.723106 ], [ -122.039945, 37.723046 ], [ -122.039904, 37.723024 ], [ -122.039885, 37.723009 ], [ -122.039869, 37.722997 ], [ -122.039786, 37.722958 ], [ -122.039634, 37.722848 ], [ -122.039565, 37.722788 ], [ -122.039454, 37.722716 ], [ -122.039385, 37.722667 ], [ -122.039281, 37.722628 ], [ -122.03924, 37.722617 ], [ -122.039198, 37.722612 ], [ -122.039157, 37.722595 ], [ -122.039053, 37.722579 ], [ -122.039012, 37.722584 ], [ -122.03897, 37.722573 ], [ -122.038908, 37.722568 ], [ -122.038825, 37.722535 ], [ -122.038783, 37.722524 ], [ -122.038721, 37.722496 ], [ -122.038666, 37.722452 ], [ -122.038624, 37.722375 ], [ -122.038583, 37.722502 ], [ -122.038548, 37.722584 ], [ -122.038479, 37.722721 ], [ -122.03841, 37.722815 ], [ -122.038341, 37.722859 ], [ -122.038237, 37.722919 ], [ -122.038098, 37.723007 ], [ -122.038036, 37.723062 ], [ -122.037995, 37.723089 ], [ -122.037953, 37.723128 ], [ -122.037905, 37.723194 ], [ -122.037905, 37.723265 ], [ -122.037919, 37.723348 ], [ -122.037918, 37.723381 ], [ -122.037925, 37.723419 ], [ -122.037939, 37.723458 ], [ -122.037946, 37.723496 ], [ -122.038022, 37.723622 ], [ -122.038057, 37.723655 ], [ -122.038098, 37.723683 ], [ -122.038147, 37.723699 ], [ -122.038209, 37.723732 ], [ -122.038292, 37.723782 ], [ -122.038313, 37.723809 ], [ -122.03834, 37.723897 ], [ -122.038333, 37.72393 ], [ -122.038333, 37.724013 ], [ -122.038306, 37.724079 ], [ -122.038243, 37.72415 ], [ -122.038202, 37.724172 ], [ -122.03814, 37.724194 ], [ -122.038029, 37.724205 ], [ -122.037856, 37.724205 ], [ -122.037773, 37.724194 ], [ -122.037731, 37.724194 ], [ -122.037662, 37.724188 ], [ -122.037559, 37.724188 ], [ -122.037517, 37.724183 ], [ -122.037462, 37.724166 ], [ -122.03731, 37.724133 ], [ -122.037227, 37.724106 ], [ -122.037185, 37.724089 ], [ -122.037088, 37.724062 ], [ -122.037047, 37.724056 ], [ -122.037005, 37.724045 ], [ -122.036943, 37.72404 ], [ -122.036902, 37.724056 ], [ -122.036867, 37.724084 ], [ -122.036846, 37.724117 ], [ -122.036818, 37.724188 ], [ -122.036811, 37.724221 ], [ -122.036811, 37.724254 ], [ -122.036832, 37.724358 ], [ -122.036841, 37.724402 ], [ -122.036894, 37.724639 ], [ -122.036915, 37.724726 ], [ -122.036977, 37.724875 ], [ -122.037019, 37.724952 ], [ -122.037039, 37.725001 ], [ -122.037046, 37.725034 ], [ -122.037109, 37.725172 ], [ -122.037143, 37.725375 ], [ -122.037143, 37.725452 ], [ -122.037129, 37.725523 ], [ -122.037108, 37.725578 ], [ -122.037101, 37.725617 ], [ -122.03706, 37.725715 ], [ -122.036998, 37.725825 ], [ -122.03697, 37.725858 ], [ -122.036949, 37.725891 ], [ -122.036942, 37.725924 ], [ -122.036922, 37.725974 ], [ -122.036915, 37.726012 ], [ -122.036915, 37.72605 ], [ -122.036908, 37.726083 ], [ -122.036908, 37.726116 ], [ -122.036894, 37.726149 ], [ -122.036873, 37.72627 ], [ -122.036852, 37.726358 ], [ -122.036838, 37.726446 ], [ -122.036818, 37.726506 ], [ -122.036811, 37.726539 ], [ -122.036797, 37.726572 ], [ -122.036783, 37.726633 ], [ -122.036755, 37.726671 ], [ -122.036735, 37.72671 ], [ -122.036721, 37.726776 ], [ -122.036707, 37.726809 ], [ -122.036679, 37.726924 ], [ -122.036638, 37.727028 ], [ -122.036631, 37.727061 ], [ -122.03661, 37.727111 ], [ -122.036589, 37.727144 ], [ -122.036561, 37.72721 ], [ -122.036527, 37.727259 ], [ -122.036513, 37.727292 ], [ -122.036409, 37.727435 ], [ -122.036381, 37.727462 ], [ -122.036354, 37.727501 ], [ -122.036326, 37.727567 ], [ -122.036333, 37.727616 ], [ -122.036347, 37.727649 ], [ -122.036333, 37.727699 ], [ -122.036298, 37.727726 ], [ -122.036215, 37.72777 ], [ -122.036146, 37.727781 ], [ -122.035918, 37.727841 ], [ -122.035835, 37.72788 ], [ -122.035731, 37.727913 ], [ -122.035627, 37.727962 ], [ -122.035593, 37.72799 ], [ -122.035558, 37.728028 ], [ -122.035523, 37.728055 ], [ -122.035475, 37.728138 ], [ -122.035475, 37.728204 ], [ -122.035482, 37.728237 ], [ -122.035523, 37.728303 ], [ -122.035544, 37.728325 ], [ -122.035579, 37.728352 ], [ -122.03562, 37.728374 ], [ -122.035634, 37.728407 ], [ -122.035668, 37.728473 ], [ -122.035668, 37.728522 ], [ -122.035655, 37.728555 ], [ -122.03562, 37.728737 ], [ -122.03562, 37.72877 ], [ -122.035613, 37.728808 ], [ -122.035585, 37.728874 ], [ -122.035578, 37.728924 ], [ -122.035578, 37.728989 ], [ -122.035585, 37.729022 ], [ -122.035578, 37.729055 ], [ -122.035578, 37.729094 ], [ -122.035564, 37.729138 ], [ -122.035564, 37.729171 ], [ -122.035551, 37.729215 ], [ -122.035523, 37.729357 ], [ -122.035509, 37.72939 ], [ -122.035474, 37.729423 ], [ -122.035405, 37.729506 ], [ -122.035239, 37.729572 ], [ -122.035108, 37.729605 ], [ -122.035066, 37.729605 ], [ -122.034962, 37.729616 ], [ -122.034907, 37.729648 ], [ -122.034859, 37.729687 ], [ -122.034845, 37.729725 ], [ -122.034824, 37.729808 ], [ -122.034831, 37.729841 ], [ -122.034831, 37.729874 ], [ -122.034824, 37.729907 ], [ -122.034803, 37.729956 ], [ -122.034762, 37.730022 ], [ -122.034734, 37.730055 ], [ -122.034693, 37.730077 ], [ -122.034651, 37.730088 ], [ -122.034547, 37.730132 ], [ -122.034506, 37.730143 ], [ -122.03445, 37.730181 ], [ -122.034423, 37.730214 ], [ -122.034409, 37.730297 ], [ -122.034409, 37.730434 ], [ -122.034429, 37.730511 ], [ -122.034485, 37.730863 ], [ -122.034436, 37.731209 ], [ -122.034242, 37.731593 ], [ -122.034104, 37.731939 ], [ -122.034028, 37.732214 ], [ -122.033889, 37.732522 ], [ -122.033775, 37.732762 ], [ -122.03355, 37.733236 ], [ -122.033467, 37.7334 ], [ -122.033411, 37.733483 ], [ -122.033377, 37.733516 ], [ -122.033321, 37.733582 ], [ -122.033217, 37.733664 ], [ -122.033114, 37.733768 ], [ -122.033093, 37.733801 ], [ -122.033058, 37.733834 ], [ -122.033038, 37.733889 ], [ -122.032996, 37.734043 ], [ -122.032996, 37.734076 ], [ -122.03301, 37.734131 ], [ -122.033058, 37.734263 ], [ -122.033072, 37.734329 ], [ -122.033072, 37.734483 ], [ -122.033079, 37.734532 ], [ -122.033099, 37.734582 ], [ -122.033113, 37.734599 ], [ -122.033127, 37.734615 ], [ -122.033265, 37.734724 ], [ -122.033286, 37.734763 ], [ -122.033293, 37.734796 ], [ -122.033328, 37.734878 ], [ -122.033341, 37.734977 ], [ -122.033341, 37.735027 ], [ -122.033355, 37.735126 ], [ -122.033355, 37.735208 ], [ -122.033341, 37.735279 ], [ -122.033321, 37.735351 ], [ -122.033314, 37.735395 ], [ -122.033286, 37.735494 ], [ -122.033258, 37.735543 ], [ -122.033168, 37.735653 ], [ -122.033141, 37.735691 ], [ -122.033099, 37.73573 ], [ -122.033037, 37.735774 ], [ -122.032995, 37.735796 ], [ -122.032933, 37.735867 ], [ -122.032912, 37.7359 ], [ -122.032905, 37.735933 ], [ -122.032905, 37.735982 ], [ -122.032912, 37.736032 ], [ -122.03296, 37.736131 ], [ -122.03303, 37.736235 ], [ -122.033036, 37.736268 ], [ -122.03305, 37.736307 ], [ -122.033071, 37.736428 ], [ -122.033085, 37.736471 ], [ -122.033071, 37.73657 ], [ -122.033071, 37.736658 ], [ -122.033064, 37.736779 ], [ -122.03305, 37.736856 ], [ -122.03305, 37.736895 ], [ -122.033036, 37.736949 ], [ -122.033022, 37.737048 ], [ -122.033008, 37.737098 ], [ -122.033002, 37.73718 ], [ -122.033015, 37.737241 ], [ -122.033043, 37.73729 ], [ -122.033078, 37.73734 ], [ -122.033105, 37.737389 ], [ -122.03314, 37.737438 ], [ -122.033167, 37.737488 ], [ -122.033202, 37.737537 ], [ -122.033243, 37.737636 ], [ -122.033236, 37.737686 ], [ -122.033243, 37.737735 ], [ -122.033223, 37.737785 ], [ -122.033195, 37.737834 ], [ -122.033146, 37.737873 ], [ -122.033063, 37.737933 ], [ -122.033036, 37.737966 ], [ -122.033022, 37.737999 ], [ -122.033022, 37.738048 ], [ -122.033001, 37.738087 ], [ -122.03296, 37.738125 ], [ -122.032899, 37.738141 ], [ -122.032876, 37.738147 ], [ -122.032704, 37.738163 ], [ -122.032669, 37.738174 ], [ -122.03265, 37.738187 ], [ -122.032607, 37.738218 ], [ -122.032579, 37.738251 ], [ -122.032565, 37.738284 ], [ -122.032544, 37.738312 ], [ -122.032489, 37.738444 ], [ -122.032468, 37.73857 ], [ -122.032468, 37.738619 ], [ -122.032482, 37.738718 ], [ -122.032482, 37.738768 ], [ -122.032496, 37.738872 ], [ -122.032496, 37.738898 ], [ -122.032496, 37.738911 ], [ -122.032516, 37.738971 ], [ -122.032523, 37.73901 ], [ -122.032544, 37.739064 ], [ -122.032551, 37.739097 ], [ -122.032567, 37.739144 ], [ -122.032464, 37.739129 ], [ -122.032157, 37.739084 ], [ -122.032055, 37.739069 ], [ -122.032078, 37.738902 ], [ -122.032133, 37.738535 ], [ -122.032224, 37.737959 ], [ -122.032393, 37.736895 ], [ -122.032506, 37.73622 ], [ -122.03255, 37.735884 ], [ -122.032572, 37.735603 ], [ -122.03257, 37.735493 ], [ -122.032554, 37.735245 ], [ -122.032476, 37.734623 ], [ -122.032469, 37.734565 ], [ -122.032437, 37.734304 ], [ -122.03242, 37.734063 ], [ -122.032419, 37.733783 ], [ -122.032448, 37.733506 ], [ -122.032296, 37.733492 ], [ -122.031948, 37.73346 ], [ -122.031883, 37.733457 ], [ -122.031743, 37.733467 ], [ -122.031618, 37.733506 ], [ -122.031488, 37.733559 ], [ -122.031473, 37.733567 ], [ -122.031236, 37.733702 ], [ -122.030981, 37.733868 ], [ -122.030643, 37.734098 ], [ -122.030535, 37.734177 ], [ -122.030389, 37.734294 ], [ -122.030305, 37.734356 ], [ -122.030056, 37.734593 ], [ -122.029833, 37.734826 ], [ -122.029462, 37.735251 ], [ -122.029232, 37.735505 ], [ -122.028565, 37.736244 ], [ -122.027718, 37.737152 ], [ -122.027143, 37.737739 ], [ -122.027011, 37.737896 ], [ -122.026945, 37.737981 ], [ -122.026537, 37.738615 ], [ -122.026451, 37.738518 ], [ -122.02624, 37.738345 ], [ -122.026099, 37.738249 ], [ -122.026021, 37.738206 ], [ -122.025983, 37.73819 ], [ -122.025946, 37.738182 ], [ -122.025912, 37.738189 ], [ -122.025874, 37.738204 ], [ -122.025756, 37.738305 ], [ -122.025654, 37.738378 ], [ -122.025549, 37.738441 ], [ -122.025449, 37.738485 ], [ -122.02539, 37.738498 ], [ -122.025331, 37.738502 ], [ -122.025269, 37.738501 ], [ -122.024981, 37.738474 ], [ -122.024768, 37.738463 ], [ -122.024451, 37.738461 ], [ -122.024403, 37.738456 ], [ -122.024316, 37.738428 ], [ -122.024204, 37.738346 ], [ -122.024079, 37.738302 ], [ -122.023951, 37.738272 ], [ -122.023842, 37.738262 ], [ -122.023692, 37.738256 ], [ -122.023554, 37.738246 ], [ -122.023487, 37.738232 ], [ -122.023434, 37.738216 ], [ -122.02333, 37.738168 ], [ -122.023188, 37.738081 ], [ -122.023094, 37.738012 ], [ -122.02304, 37.737974 ], [ -122.022995, 37.737935 ], [ -122.022735, 37.737685 ], [ -122.022638, 37.737608 ], [ -122.022603, 37.737587 ], [ -122.022453, 37.737529 ], [ -122.022361, 37.737515 ], [ -122.022267, 37.737508 ], [ -122.021911, 37.73752 ], [ -122.021864, 37.737525 ], [ -122.021616, 37.737522 ], [ -122.021445, 37.737501 ], [ -122.021341, 37.737482 ], [ -122.021059, 37.737396 ], [ -122.021007, 37.737384 ], [ -122.02096, 37.737368 ], [ -122.020845, 37.737336 ], [ -122.020733, 37.737274 ], [ -122.020674, 37.737233 ], [ -122.020635, 37.737185 ], [ -122.020565, 37.737068 ], [ -122.020549, 37.737049 ], [ -122.020501, 37.737013 ], [ -122.020467, 37.736954 ], [ -122.020455, 37.736929 ], [ -122.020403, 37.7369 ], [ -122.020304, 37.736865 ], [ -122.020133, 37.73678 ], [ -122.020074, 37.736748 ], [ -122.020019, 37.736709 ], [ -122.019912, 37.73663 ], [ -122.019802, 37.736532 ], [ -122.019684, 37.736405 ], [ -122.019546, 37.736277 ], [ -122.0194, 37.736159 ], [ -122.019325, 37.736106 ], [ -122.019253, 37.736072 ], [ -122.019169, 37.736049 ], [ -122.019046, 37.736023 ], [ -122.018736, 37.73593 ], [ -122.018689, 37.735912 ], [ -122.018605, 37.735866 ], [ -122.018519, 37.735807 ], [ -122.018481, 37.73577 ], [ -122.018429, 37.735687 ], [ -122.018402, 37.735639 ], [ -122.01836, 37.735524 ], [ -122.018327, 37.735377 ], [ -122.018313, 37.735343 ], [ -122.018296, 37.73532 ], [ -122.018268, 37.735295 ], [ -122.017781, 37.735005 ], [ -122.017736, 37.734964 ], [ -122.017704, 37.734917 ], [ -122.017692, 37.73486 ], [ -122.017694, 37.734678 ], [ -122.017682, 37.734642 ], [ -122.017586, 37.734501 ], [ -122.017522, 37.734424 ], [ -122.017477, 37.734356 ], [ -122.017297, 37.734127 ], [ -122.017258, 37.734068 ], [ -122.017221, 37.733971 ], [ -122.017196, 37.733844 ], [ -122.017126, 37.733605 ], [ -122.017016, 37.733318 ], [ -122.016951, 37.733166 ], [ -122.016891, 37.733067 ], [ -122.016788, 37.732989 ], [ -122.016619, 37.732905 ], [ -122.016558, 37.732879 ], [ -122.016433, 37.732802 ], [ -122.016388, 37.732767 ], [ -122.016345, 37.732727 ], [ -122.016288, 37.73264 ], [ -122.016267, 37.732602 ], [ -122.016239, 37.732518 ], [ -122.016236, 37.732426 ], [ -122.01625, 37.732316 ], [ -122.016302, 37.732073 ], [ -122.016306, 37.73203 ], [ -122.016303, 37.731996 ], [ -122.016292, 37.731964 ], [ -122.016266, 37.73193 ], [ -122.016197, 37.731871 ], [ -122.016054, 37.731793 ], [ -122.015793, 37.73169 ], [ -122.015635, 37.73163 ], [ -122.015556, 37.731605 ], [ -122.015477, 37.731586 ], [ -122.015192, 37.731538 ], [ -122.015104, 37.731531 ], [ -122.014843, 37.731493 ], [ -122.014692, 37.731464 ], [ -122.014573, 37.731432 ], [ -122.01451, 37.731407 ], [ -122.014463, 37.731368 ], [ -122.014385, 37.731273 ], [ -122.014275, 37.731173 ], [ -122.014212, 37.731127 ], [ -122.014149, 37.731088 ], [ -122.01407, 37.731069 ], [ -122.013999, 37.731069 ], [ -122.013919, 37.731082 ], [ -122.013767, 37.73113 ], [ -122.013607, 37.731203 ], [ -122.013191, 37.731465 ], [ -122.013111, 37.731503 ], [ -122.013023, 37.731534 ], [ -122.012936, 37.731558 ], [ -122.01284, 37.731571 ], [ -122.012459, 37.731572 ], [ -122.012308, 37.731566 ], [ -122.011864, 37.731535 ], [ -122.011554, 37.731524 ], [ -122.0113, 37.731522 ], [ -122.01103, 37.731528 ], [ -122.010879, 37.731525 ], [ -122.01076, 37.731517 ], [ -122.010665, 37.731501 ], [ -122.010594, 37.731475 ], [ -122.010539, 37.73145 ], [ -122.010484, 37.731404 ], [ -122.010398, 37.731309 ], [ -122.010335, 37.731252 ], [ -122.010272, 37.731213 ], [ -122.010185, 37.731188 ], [ -122.01009, 37.731173 ], [ -122.009987, 37.731166 ], [ -122.009685, 37.73117 ], [ -122.009606, 37.731158 ], [ -122.00951, 37.731144 ], [ -122.009011, 37.73104 ], [ -122.008893, 37.731012 ], [ -122.008687, 37.730975 ], [ -122.008504, 37.730921 ], [ -122.008236, 37.730831 ], [ -122.008157, 37.730792 ], [ -122.008102, 37.730749 ], [ -122.007993, 37.730626 ], [ -122.007891, 37.730488 ], [ -122.00779, 37.730329 ], [ -122.007657, 37.730132 ], [ -122.007618, 37.730082 ], [ -122.007569, 37.73003 ], [ -122.007475, 37.729951 ], [ -122.007364, 37.729882 ], [ -122.007266, 37.729834 ], [ -122.007201, 37.729811 ], [ -122.00711, 37.72979 ], [ -122.006968, 37.729775 ], [ -122.006899, 37.729772 ], [ -122.006744, 37.729778 ], [ -122.006618, 37.729792 ], [ -122.006488, 37.729818 ], [ -122.006423, 37.729822 ], [ -122.006324, 37.72981 ], [ -122.006281, 37.729796 ], [ -122.006255, 37.729776 ], [ -122.006247, 37.729742 ], [ -122.006248, 37.72965 ], [ -122.006254, 37.729564 ], [ -122.006246, 37.729519 ], [ -122.006229, 37.72948 ], [ -122.006174, 37.729399 ], [ -122.006123, 37.729301 ], [ -122.006095, 37.729211 ], [ -122.006086, 37.729164 ], [ -122.006092, 37.729053 ], [ -122.00616, 37.728797 ], [ -122.006175, 37.728685 ], [ -122.006182, 37.728486 ], [ -122.006178, 37.72841 ], [ -122.0062, 37.728106 ], [ -122.006324, 37.72751 ], [ -122.006342, 37.727438 ], [ -122.006433, 37.727139 ], [ -122.006491, 37.727009 ], [ -122.006593, 37.726836 ], [ -122.00673, 37.726576 ], [ -122.006794, 37.72647 ], [ -122.006866, 37.726376 ], [ -122.006952, 37.726309 ], [ -122.007048, 37.726252 ], [ -122.007113, 37.726221 ], [ -122.007182, 37.726194 ], [ -122.007382, 37.72613 ], [ -122.007521, 37.726089 ], [ -122.007586, 37.726065 ], [ -122.007643, 37.726038 ], [ -122.007686, 37.726009 ], [ -122.00776, 37.72594 ], [ -122.007791, 37.725897 ], [ -122.007826, 37.725812 ], [ -122.007833, 37.725717 ], [ -122.007829, 37.725621 ], [ -122.007809, 37.725517 ], [ -122.007747, 37.725372 ], [ -122.007644, 37.72522 ], [ -122.007598, 37.725161 ], [ -122.007508, 37.725061 ], [ -122.007372, 37.724929 ], [ -122.007214, 37.724797 ], [ -122.007052, 37.724681 ], [ -122.006863, 37.724565 ], [ -122.006678, 37.724471 ], [ -122.006566, 37.724425 ], [ -122.006317, 37.724348 ], [ -122.005981, 37.724262 ], [ -122.005796, 37.72422 ], [ -122.005343, 37.724128 ], [ -122.004947, 37.724053 ], [ -122.004844, 37.724029 ], [ -122.004745, 37.724013 ], [ -122.004499, 37.723954 ], [ -122.004357, 37.72391 ], [ -122.004207, 37.723853 ], [ -122.003785, 37.723709 ], [ -122.003643, 37.723668 ], [ -122.003583, 37.723656 ], [ -122.003531, 37.723651 ], [ -122.00348, 37.723655 ], [ -122.003418, 37.723666 ], [ -122.003345, 37.723694 ], [ -122.003314, 37.723714 ], [ -122.003257, 37.723779 ], [ -122.003226, 37.723858 ], [ -122.003176, 37.724058 ], [ -122.003147, 37.724139 ], [ -122.003105, 37.724202 ], [ -122.003076, 37.724224 ], [ -122.003035, 37.724248 ], [ -122.00299, 37.724268 ], [ -122.002429, 37.724435 ], [ -122.002274, 37.724458 ], [ -122.002232, 37.724458 ], [ -122.00225, 37.724415 ], [ -122.002319, 37.724195 ], [ -122.002408, 37.723941 ], [ -122.002441, 37.723804 ], [ -122.002442, 37.723741 ], [ -122.002436, 37.723678 ], [ -122.002438, 37.723511 ], [ -122.002453, 37.72334 ], [ -122.002472, 37.723261 ], [ -122.002498, 37.723189 ], [ -122.002549, 37.723086 ], [ -122.002725, 37.722804 ], [ -122.002938, 37.722508 ], [ -122.002982, 37.722445 ], [ -122.00302, 37.722371 ], [ -122.003059, 37.722209 ], [ -122.003105, 37.721937 ], [ -122.003125, 37.721879 ], [ -122.003157, 37.721825 ], [ -122.003194, 37.72178 ], [ -122.003437, 37.721552 ], [ -122.003474, 37.721505 ], [ -122.003557, 37.721339 ], [ -122.003607, 37.721256 ], [ -122.003732, 37.721116 ], [ -122.003838, 37.721024 ], [ -122.003869, 37.72097 ], [ -122.003883, 37.720916 ], [ -122.003891, 37.72077 ], [ -122.003874, 37.72065 ], [ -122.003862, 37.720596 ], [ -122.003852, 37.720495 ], [ -122.003858, 37.720445 ], [ -122.003872, 37.720387 ], [ -122.003891, 37.720333 ], [ -122.003973, 37.720196 ], [ -122.004097, 37.720042 ], [ -122.004228, 37.719916 ], [ -122.004303, 37.719859 ], [ -122.004459, 37.719758 ], [ -122.004515, 37.719705 ], [ -122.004531, 37.719683 ], [ -122.004558, 37.719647 ], [ -122.00459, 37.719584 ], [ -122.004762, 37.71915 ], [ -122.004813, 37.719031 ], [ -122.00487, 37.718921 ], [ -122.005033, 37.718664 ], [ -122.005102, 37.718561 ], [ -122.005196, 37.718435 ], [ -122.005397, 37.71814 ], [ -122.005479, 37.718041 ], [ -122.005535, 37.717985 ], [ -122.005597, 37.717932 ], [ -122.00569, 37.717865 ], [ -122.005771, 37.71782 ], [ -122.006118, 37.717661 ], [ -122.006439, 37.717522 ], [ -122.006712, 37.717423 ], [ -122.006841, 37.71739 ], [ -122.00702, 37.717362 ], [ -122.007273, 37.71734 ], [ -122.007384, 37.717332 ], [ -122.007482, 37.717317 ], [ -122.007915, 37.717203 ], [ -122.008026, 37.717179 ], [ -122.008501, 37.717104 ], [ -122.008797, 37.717069 ], [ -122.009019, 37.717037 ], [ -122.009216, 37.716998 ], [ -122.009476, 37.716932 ], [ -122.009599, 37.716895 ], [ -122.009692, 37.716853 ], [ -122.009779, 37.716802 ], [ -122.009953, 37.716673 ], [ -122.010165, 37.716501 ], [ -122.010308, 37.716374 ], [ -122.010426, 37.716287 ], [ -122.010501, 37.71622 ], [ -122.010681, 37.716075 ], [ -122.010756, 37.716001 ], [ -122.010813, 37.715925 ], [ -122.010956, 37.715714 ], [ -122.011076, 37.715556 ], [ -122.011238, 37.715368 ], [ -122.01132, 37.715285 ], [ -122.011475, 37.715151 ], [ -122.011562, 37.715077 ], [ -122.011929, 37.714783 ], [ -122.012079, 37.714647 ], [ -122.012147, 37.714578 ], [ -122.012235, 37.714502 ], [ -122.012565, 37.714162 ], [ -122.012615, 37.714099 ], [ -122.012697, 37.713963 ], [ -122.012771, 37.713826 ], [ -122.01281, 37.713758 ], [ -122.01308, 37.713405 ], [ -122.013205, 37.713293 ], [ -122.013267, 37.713255 ], [ -122.013421, 37.713193 ], [ -122.013496, 37.713156 ], [ -122.013576, 37.713102 ], [ -122.013658, 37.713032 ], [ -122.01372, 37.71298 ], [ -122.013851, 37.712841 ], [ -122.013913, 37.712767 ], [ -122.014007, 37.712671 ], [ -122.014138, 37.712523 ], [ -122.014275, 37.712394 ], [ -122.014443, 37.712258 ], [ -122.014685, 37.7121 ], [ -122.01476, 37.712046 ], [ -122.014829, 37.711982 ], [ -122.014885, 37.711915 ], [ -122.014941, 37.711827 ], [ -122.015168, 37.711403 ], [ -122.015219, 37.711316 ], [ -122.015282, 37.711237 ], [ -122.015419, 37.711097 ], [ -122.015494, 37.71103 ], [ -122.015568, 37.710972 ], [ -122.015649, 37.710918 ], [ -122.015804, 37.710832 ], [ -122.015866, 37.710783 ], [ -122.015922, 37.710731 ], [ -122.016022, 37.710595 ], [ -122.016135, 37.710438 ], [ -122.016241, 37.710308 ], [ -122.016329, 37.710216 ], [ -122.016485, 37.710065 ], [ -122.016584, 37.709989 ], [ -122.01674, 37.709891 ], [ -122.016944, 37.709784 ], [ -122.016974, 37.709772 ], [ -122.01721, 37.709681 ], [ -122.017334, 37.709616 ], [ -122.01739, 37.709579 ], [ -122.017433, 37.709541 ], [ -122.017477, 37.709487 ], [ -122.017515, 37.709424 ], [ -122.017648, 37.709146 ], [ -122.017686, 37.709083 ], [ -122.017735, 37.709025 ], [ -122.017792, 37.708976 ], [ -122.017848, 37.708942 ], [ -122.017922, 37.708909 ], [ -122.018311, 37.708771 ], [ -122.018527, 37.708714 ], [ -122.018608, 37.708685 ], [ -122.018682, 37.708636 ], [ -122.018776, 37.708545 ], [ -122.018819, 37.708495 ], [ -122.018888, 37.708428 ], [ -122.018975, 37.708334 ], [ -122.019032, 37.708297 ], [ -122.019093, 37.708272 ], [ -122.019399, 37.708214 ], [ -122.01964, 37.708178 ], [ -122.019763, 37.708145 ], [ -122.019887, 37.708096 ], [ -122.019949, 37.708059 ], [ -122.020005, 37.70801 ], [ -122.020054, 37.707956 ], [ -122.020086, 37.707902 ], [ -122.020131, 37.70776 ], [ -122.020145, 37.707682 ], [ -122.020173, 37.70738 ], [ -122.020168, 37.707297 ], [ -122.020133, 37.707152 ], [ -122.020109, 37.707089 ], [ -122.020067, 37.707005 ], [ -122.020031, 37.706946 ], [ -122.019989, 37.706863 ], [ -122.019953, 37.706765 ], [ -122.019858, 37.70642 ], [ -122.019853, 37.706381 ], [ -122.019856, 37.706303 ], [ -122.01987, 37.706231 ], [ -122.0199, 37.70617 ], [ -122.019971, 37.70609 ], [ -122.020034, 37.706027 ], [ -122.020177, 37.705852 ], [ -122.020212, 37.705799 ], [ -122.020245, 37.705725 ], [ -122.020248, 37.705711 ], [ -122.020266, 37.705646 ], [ -122.020283, 37.705493 ], [ -122.020279, 37.705389 ], [ -122.020248, 37.705191 ], [ -122.020238, 37.705078 ], [ -122.020239, 37.705012 ], [ -122.020256, 37.704902 ], [ -122.02027, 37.704839 ], [ -122.020298, 37.704772 ], [ -122.020329, 37.70472 ], [ -122.020369, 37.704669 ], [ -122.020418, 37.70462 ], [ -122.02062, 37.704486 ], [ -122.020863, 37.704339 ], [ -122.021099, 37.704207 ], [ -122.021113, 37.7042 ], [ -122.021259, 37.704102 ], [ -122.021335, 37.704048 ], [ -122.021391, 37.703992 ], [ -122.021447, 37.703945 ], [ -122.021496, 37.703885 ], [ -122.021538, 37.70382 ], [ -122.021568, 37.703772 ], [ -122.02158, 37.703753 ], [ -122.02159, 37.70373 ], [ -122.021609, 37.703694 ], [ -122.021643, 37.703599 ], [ -122.021659, 37.703555 ], [ -122.021674, 37.703494 ], [ -122.021682, 37.703429 ], [ -122.021683, 37.703357 ], [ -122.021651, 37.703133 ], [ -122.021565, 37.702836 ], [ -122.021513, 37.702632 ], [ -122.021323, 37.701943 ], [ -122.021313, 37.701901 ], [ -122.021267, 37.701697 ], [ -122.0212, 37.701492 ], [ -122.021104, 37.701164 ], [ -122.021009, 37.700929 ], [ -122.020913, 37.700753 ], [ -122.02058, 37.700271 ], [ -122.020384, 37.699987 ], [ -122.020325, 37.699718 ], [ -122.020299, 37.699585 ], [ -122.020297, 37.699524 ], [ -122.020302, 37.699463 ], [ -122.020319, 37.699333 ], [ -122.020486, 37.698811 ], [ -122.020815, 37.697922 ], [ -122.020917, 37.697684 ], [ -122.020968, 37.697594 ], [ -122.021066, 37.697444 ], [ -122.021205, 37.697269 ], [ -122.021471, 37.696988 ], [ -122.021743, 37.696728 ], [ -122.022008, 37.69646 ], [ -122.022257, 37.696219 ], [ -122.022511, 37.696014 ], [ -122.022947, 37.695749 ], [ -122.023066, 37.695694 ], [ -122.023167, 37.695656 ], [ -122.023432, 37.695584 ], [ -122.023652, 37.695548 ], [ -122.023787, 37.695533 ], [ -122.024103, 37.695504 ], [ -122.023865, 37.694799 ], [ -122.023829, 37.69465 ], [ -122.023712, 37.694298 ], [ -122.023488, 37.693852 ], [ -122.023372, 37.693644 ], [ -122.023253, 37.693462 ], [ -122.023137, 37.693302 ], [ -122.02275, 37.692861 ], [ -122.022496, 37.692611 ], [ -122.022397, 37.692489 ], [ -122.022376, 37.69245 ], [ -122.022338, 37.69236 ], [ -122.022298, 37.692211 ], [ -122.022283, 37.692037 ], [ -122.022259, 37.691915 ], [ -122.022219, 37.691823 ], [ -122.022144, 37.691684 ], [ -122.022023, 37.691505 ], [ -122.021941, 37.691391 ], [ -122.021665, 37.691007 ], [ -122.021625, 37.690954 ], [ -122.021452, 37.690726 ], [ -122.021369, 37.690596 ], [ -122.02119, 37.690316 ], [ -122.020891, 37.689901 ], [ -122.020608, 37.68952 ], [ -122.020346, 37.689168 ], [ -122.01996, 37.688649 ], [ -122.019888, 37.688534 ], [ -122.01982, 37.688389 ], [ -122.019805, 37.688321 ], [ -122.019801, 37.68826 ], [ -122.019799, 37.68819 ], [ -122.019807, 37.688154 ], [ -122.019824, 37.68811 ], [ -122.019878, 37.688002 ], [ -122.020134, 37.687551 ], [ -122.020186, 37.687466 ], [ -122.020199, 37.687421 ], [ -122.020197, 37.687331 ], [ -122.020188, 37.687279 ], [ -122.020154, 37.6872 ], [ -122.019798, 37.686735 ], [ -122.01954, 37.686498 ], [ -122.019492, 37.686442 ], [ -122.019463, 37.686408 ], [ -122.019397, 37.686317 ], [ -122.019306, 37.686165 ], [ -122.019233, 37.685966 ], [ -122.01909, 37.685616 ], [ -122.018977, 37.685354 ], [ -122.018927, 37.685248 ], [ -122.018853, 37.685089 ], [ -122.018779, 37.684949 ], [ -122.018662, 37.684774 ], [ -122.018585, 37.684683 ], [ -122.018453, 37.684547 ], [ -122.018408, 37.684486 ], [ -122.018401, 37.684477 ], [ -122.018365, 37.684391 ], [ -122.018341, 37.684307 ], [ -122.018303, 37.684079 ], [ -122.01828, 37.683725 ], [ -122.018259, 37.683617 ], [ -122.018196, 37.683481 ], [ -122.018039, 37.683239 ], [ -122.017281, 37.682228 ], [ -122.01721, 37.68211 ], [ -122.017169, 37.682022 ], [ -122.017137, 37.681909 ], [ -122.017129, 37.681828 ], [ -122.017128, 37.681733 ], [ -122.017083, 37.681534 ], [ -122.017054, 37.681457 ], [ -122.017016, 37.681385 ], [ -122.016941, 37.681287 ], [ -122.016637, 37.681084 ], [ -122.016523, 37.680993 ], [ -122.01643, 37.680932 ], [ -122.016333, 37.680852 ], [ -122.016118, 37.680632 ], [ -122.015965, 37.680414 ], [ -122.015765, 37.68007 ], [ -122.015637, 37.679886 ], [ -122.015446, 37.679673 ], [ -122.015312, 37.679557 ], [ -122.01522, 37.679468 ], [ -122.014787, 37.678989 ], [ -122.014476, 37.678673 ], [ -122.01436, 37.678542 ], [ -122.014266, 37.678422 ], [ -122.014144, 37.678229 ], [ -122.014099, 37.678134 ], [ -122.014078, 37.678041 ], [ -122.014064, 37.677848 ], [ -122.014072, 37.677532 ], [ -122.014049, 37.677243 ], [ -122.01402, 37.677124 ], [ -122.013983, 37.677006 ], [ -122.01393, 37.676886 ], [ -122.013849, 37.676755 ], [ -122.013738, 37.676624 ], [ -122.013281, 37.676146 ], [ -122.012945, 37.675835 ], [ -122.012607, 37.675536 ], [ -122.012595, 37.675526 ], [ -122.012236, 37.675151 ], [ -122.01213, 37.675069 ], [ -122.011993, 37.674991 ], [ -122.011827, 37.67492 ], [ -122.011642, 37.674857 ], [ -122.011463, 37.674822 ], [ -122.011264, 37.674807 ], [ -122.011107, 37.674813 ], [ -122.010928, 37.67482 ], [ -122.010804, 37.674837 ], [ -122.010717, 37.674841 ], [ -122.010655, 37.674831 ], [ -122.010435, 37.674771 ], [ -122.010371, 37.674754 ], [ -122.010209, 37.674694 ], [ -122.010117, 37.674673 ], [ -122.009979, 37.674661 ], [ -122.009896, 37.674667 ], [ -122.009785, 37.674664 ], [ -122.009579, 37.674649 ], [ -122.009358, 37.674608 ], [ -122.008818, 37.67446 ], [ -122.008446, 37.674353 ], [ -122.008133, 37.674271 ], [ -122.007798, 37.674199 ], [ -122.007759, 37.674194 ], [ -122.007711, 37.674194 ], [ -122.007662, 37.674202 ], [ -122.007557, 37.674235 ], [ -122.007428, 37.67429 ], [ -122.007344, 37.674337 ], [ -122.00714, 37.674482 ], [ -122.007036, 37.674544 ], [ -122.007, 37.674555 ], [ -122.006967, 37.674564 ], [ -122.006913, 37.67457 ], [ -122.006846, 37.674567 ], [ -122.006775, 37.674548 ], [ -122.006718, 37.674521 ], [ -122.006318, 37.674261 ], [ -122.005401, 37.673666 ], [ -122.005799, 37.673021 ], [ -122.005816, 37.673028 ], [ -122.005858, 37.673039 ], [ -122.005892, 37.673061 ], [ -122.005934, 37.673077 ], [ -122.005975, 37.67311 ], [ -122.006003, 37.673143 ], [ -122.006093, 37.67322 ], [ -122.006141, 37.673248 ], [ -122.006252, 37.673341 ], [ -122.006293, 37.673363 ], [ -122.006321, 37.673385 ], [ -122.006404, 37.673435 ], [ -122.006445, 37.673451 ], [ -122.00659, 37.673534 ], [ -122.006639, 37.673556 ], [ -122.00668, 37.673583 ], [ -122.006728, 37.6736 ], [ -122.006777, 37.673605 ], [ -122.006818, 37.673616 ], [ -122.006887, 37.673627 ], [ -122.007005, 37.673638 ], [ -122.007081, 37.673638 ], [ -122.007129, 37.673649 ], [ -122.007233, 37.673649 ], [ -122.007274, 37.673655 ], [ -122.007316, 37.673644 ], [ -122.007641, 37.673611 ], [ -122.007682, 37.673611 ], [ -122.00771, 37.673606 ], [ -122.007827, 37.673628 ], [ -122.007869, 37.673639 ], [ -122.007922, 37.67367 ], [ -122.007993, 37.673732 ], [ -122.008035, 37.673743 ], [ -122.008076, 37.673776 ], [ -122.008159, 37.67382 ], [ -122.008187, 37.673848 ], [ -122.008311, 37.673952 ], [ -122.008387, 37.673991 ], [ -122.008429, 37.674013 ], [ -122.008525, 37.674051 ], [ -122.008608, 37.674062 ], [ -122.00867, 37.674057 ], [ -122.008726, 37.67404 ], [ -122.008767, 37.674035 ], [ -122.00885, 37.674013 ], [ -122.008892, 37.674007 ], [ -122.008982, 37.67398 ], [ -122.009044, 37.67398 ], [ -122.009134, 37.673991 ], [ -122.009223, 37.674018 ], [ -122.009348, 37.674079 ], [ -122.009382, 37.674101 ], [ -122.009527, 37.674161 ], [ -122.009576, 37.674167 ], [ -122.009624, 37.674167 ], [ -122.009666, 37.674172 ], [ -122.009714, 37.674183 ], [ -122.009804, 37.674183 ], [ -122.009845, 37.674178 ], [ -122.00997, 37.674178 ], [ -122.010094, 37.674195 ], [ -122.01026, 37.674266 ], [ -122.010357, 37.674332 ], [ -122.010398, 37.674354 ], [ -122.01044, 37.674371 ], [ -122.010481, 37.674393 ], [ -122.010564, 37.67442 ], [ -122.010606, 37.674426 ], [ -122.010813, 37.67447 ], [ -122.010903, 37.674475 ], [ -122.010937, 37.67447 ], [ -122.011069, 37.67447 ], [ -122.01111, 37.674464 ], [ -122.011241, 37.674426 ], [ -122.011338, 37.674382 ], [ -122.011414, 37.674321 ], [ -122.011442, 37.674283 ], [ -122.011477, 37.67425 ], [ -122.011497, 37.674217 ], [ -122.011532, 37.67419 ], [ -122.01156, 37.674157 ], [ -122.011594, 37.674135 ], [ -122.011629, 37.674102 ], [ -122.01167, 37.674074 ], [ -122.011712, 37.674063 ], [ -122.011756, 37.674057 ], [ -122.011795, 37.674052 ], [ -122.011836, 37.674058 ], [ -122.011878, 37.674069 ], [ -122.011974, 37.674113 ], [ -122.012092, 37.674151 ], [ -122.01214, 37.674184 ], [ -122.012182, 37.674201 ], [ -122.012265, 37.674261 ], [ -122.012341, 37.674305 ], [ -122.012382, 37.674322 ], [ -122.012423, 37.674333 ], [ -122.012472, 37.674355 ], [ -122.012555, 37.674382 ], [ -122.012596, 37.674399 ], [ -122.012672, 37.674421 ], [ -122.012817, 37.674432 ], [ -122.01297, 37.674432 ], [ -122.013039, 37.674443 ], [ -122.013128, 37.674465 ], [ -122.013232, 37.674531 ], [ -122.013287, 37.674586 ], [ -122.013322, 37.674614 ], [ -122.013363, 37.674663 ], [ -122.013384, 37.674696 ], [ -122.01342, 37.67473 ], [ -122.015431, 37.674794 ], [ -122.015518, 37.674797 ], [ -122.01616, 37.674776 ], [ -122.017313, 37.674738 ], [ -122.018257, 37.674727 ], [ -122.019229, 37.674625 ], [ -122.020422, 37.674275 ], [ -122.021158, 37.673957 ], [ -122.021297, 37.67383 ], [ -122.021941, 37.67325 ], [ -122.022791, 37.672482 ], [ -122.023046, 37.672802 ], [ -122.024277, 37.67435 ], [ -122.025376, 37.675731 ], [ -122.025969, 37.676476 ], [ -122.028126, 37.679188 ], [ -122.028927, 37.679112 ], [ -122.029102, 37.679096 ], [ -122.030331, 37.678982 ], [ -122.030604, 37.678956 ], [ -122.03148, 37.678874 ], [ -122.031598, 37.678855 ], [ -122.03259, 37.678692 ], [ -122.032862, 37.678648 ], [ -122.033292, 37.678713 ], [ -122.038739, 37.67954 ], [ -122.038955, 37.679573 ], [ -122.039332, 37.679587 ], [ -122.03961, 37.679596 ], [ -122.040572, 37.679631 ], [ -122.040785, 37.679371 ], [ -122.040966, 37.680012 ], [ -122.041132, 37.680559 ], [ -122.041348, 37.680986 ], [ -122.041519, 37.681324 ], [ -122.041795, 37.68172 ], [ -122.042032, 37.68206 ], [ -122.04259, 37.683312 ], [ -122.043009, 37.684527 ], [ -122.043019, 37.684558 ], [ -122.043238, 37.685252 ], [ -122.043382, 37.685705 ], [ -122.043615, 37.686588 ], [ -122.043736, 37.686717 ], [ -122.043944, 37.686955 ], [ -122.04398, 37.686997 ], [ -122.044267, 37.687325 ], [ -122.044666, 37.687554 ], [ -122.044941, 37.687712 ], [ -122.044963, 37.687734 ], [ -122.045023, 37.687796 ], [ -122.045146, 37.687922 ], [ -122.045177, 37.687954 ], [ -122.045272, 37.688051 ], [ -122.045355, 37.688136 ], [ -122.045442, 37.688208 ], [ -122.045561, 37.688306 ], [ -122.045761, 37.688471 ], [ -122.046021, 37.688532 ], [ -122.046292, 37.688595 ], [ -122.046439, 37.68863 ], [ -122.046539, 37.688693 ], [ -122.046586, 37.688733 ], [ -122.046729, 37.688855 ], [ -122.046777, 37.688896 ], [ -122.046877, 37.688968 ], [ -122.047151, 37.689666 ], [ -122.047212, 37.690304 ], [ -122.047214, 37.690317 ], [ -122.047274, 37.690937 ], [ -122.046937, 37.691216 ], [ -122.046634, 37.691493 ], [ -122.046601, 37.691523 ], [ -122.046134, 37.692013 ], [ -122.04604, 37.692032 ], [ -122.045856, 37.69202 ], [ -122.045671, 37.691932 ], [ -122.045531, 37.691769 ], [ -122.045299, 37.691663 ], [ -122.045153, 37.691682 ], [ -122.044901, 37.691782 ], [ -122.044694, 37.692091 ], [ -122.044659, 37.692144 ], [ -122.044649, 37.69216 ], [ -122.04461, 37.692266 ], [ -122.044478, 37.692495 ], [ -122.044459, 37.69253 ], [ -122.044451, 37.692544 ], [ -122.044364, 37.693008 ], [ -122.044358, 37.693392 ], [ -122.044371, 37.693783 ], [ -122.044384, 37.694181 ], [ -122.044338, 37.694479 ], [ -122.044209, 37.694754 ], [ -122.044169, 37.694878 ], [ -122.044225, 37.695047 ], [ -122.044522, 37.695734 ], [ -122.044626, 37.695898 ], [ -122.044796, 37.696017 ], [ -122.044851, 37.695976 ], [ -122.045011, 37.695854 ], [ -122.045061, 37.695816 ], [ -122.045094, 37.695791 ], [ -122.045108, 37.695779 ], [ -122.045122, 37.695769 ], [ -122.045134, 37.69576 ], [ -122.045253, 37.695682 ], [ -122.045284, 37.695662 ], [ -122.045343, 37.69561 ], [ -122.045441, 37.695544 ], [ -122.045807, 37.695299 ], [ -122.046034, 37.695171 ], [ -122.046238, 37.695057 ], [ -122.046857, 37.694726 ], [ -122.046879, 37.694715 ], [ -122.047313, 37.69452 ], [ -122.047651, 37.694379 ], [ -122.04791, 37.694279 ], [ -122.048138, 37.694205 ], [ -122.048473, 37.69409 ], [ -122.048737, 37.694016 ], [ -122.048921, 37.693969 ], [ -122.049025, 37.693944 ], [ -122.049279, 37.693885 ], [ -122.049631, 37.693813 ], [ -122.049831, 37.693772 ], [ -122.050092, 37.693732 ], [ -122.050372, 37.693691 ], [ -122.050799, 37.693638 ], [ -122.051273, 37.693606 ], [ -122.051492, 37.693597 ], [ -122.051832, 37.693585 ], [ -122.051961, 37.693582 ], [ -122.052193, 37.693577 ], [ -122.052467, 37.693587 ], [ -122.052817, 37.6936 ], [ -122.053386, 37.693636 ], [ -122.053746, 37.69368 ], [ -122.053981, 37.693709 ], [ -122.054301, 37.693749 ], [ -122.054485, 37.693768 ], [ -122.054979, 37.693818 ], [ -122.055885, 37.693911 ], [ -122.056072, 37.693926 ], [ -122.056385, 37.69394 ], [ -122.056466, 37.693943 ], [ -122.056773, 37.693958 ], [ -122.056963, 37.693962 ], [ -122.057417, 37.693955 ], [ -122.057735, 37.693944 ], [ -122.058061, 37.693915 ], [ -122.058358, 37.693883 ], [ -122.058727, 37.693832 ], [ -122.05919, 37.693757 ], [ -122.059569, 37.693686 ], [ -122.059948, 37.693598 ], [ -122.059972, 37.69359 ], [ -122.059985, 37.693557 ], [ -122.060027, 37.69348 ], [ -122.060082, 37.693359 ], [ -122.060089, 37.693326 ], [ -122.06011, 37.693293 ], [ -122.060131, 37.693238 ], [ -122.060137, 37.693204 ], [ -122.060153, 37.693162 ], [ -122.060179, 37.69309 ], [ -122.060172, 37.693057 ], [ -122.060172, 37.692936 ], [ -122.060179, 37.692903 ], [ -122.060165, 37.692837 ], [ -122.060151, 37.692804 ], [ -122.060144, 37.692771 ], [ -122.060096, 37.692689 ], [ -122.060082, 37.692656 ], [ -122.060061, 37.692623 ], [ -122.059909, 37.692513 ], [ -122.059861, 37.692491 ], [ -122.05982, 37.69248 ], [ -122.059738, 37.692478 ], [ -122.059718, 37.692469 ], [ -122.059674, 37.692469 ], [ -122.059633, 37.692464 ], [ -122.059591, 37.692453 ], [ -122.059539, 37.692448 ], [ -122.059522, 37.692447 ], [ -122.059135, 37.692354 ], [ -122.05902, 37.692302 ], [ -122.058948, 37.692271 ], [ -122.058916, 37.692232 ], [ -122.058884, 37.692192 ], [ -122.058865, 37.692163 ], [ -122.058844, 37.692132 ], [ -122.058796, 37.692063 ], [ -122.058769, 37.692024 ], [ -122.058761, 37.691937 ], [ -122.058755, 37.691865 ], [ -122.058906, 37.691648 ], [ -122.058928, 37.691618 ], [ -122.058935, 37.691585 ], [ -122.058962, 37.691524 ], [ -122.059018, 37.691436 ], [ -122.059031, 37.691403 ], [ -122.059073, 37.691343 ], [ -122.059094, 37.691282 ], [ -122.059142, 37.691216 ], [ -122.059156, 37.691184 ], [ -122.059225, 37.691101 ], [ -122.059246, 37.691068 ], [ -122.059325, 37.690985 ], [ -122.059363, 37.690947 ], [ -122.059419, 37.690859 ], [ -122.059433, 37.690821 ], [ -122.05946, 37.690788 ], [ -122.059472, 37.690768 ], [ -122.059502, 37.690717 ], [ -122.05955, 37.690662 ], [ -122.059591, 37.690601 ], [ -122.059605, 37.690568 ], [ -122.059681, 37.690447 ], [ -122.05973, 37.690409 ], [ -122.059751, 37.69037 ], [ -122.059792, 37.690321 ], [ -122.059806, 37.690283 ], [ -122.05993, 37.690162 ], [ -122.059979, 37.690079 ], [ -122.060124, 37.689909 ], [ -122.060198, 37.68979 ], [ -122.060214, 37.689766 ], [ -122.060276, 37.689645 ], [ -122.060318, 37.689546 ], [ -122.06038, 37.689448 ], [ -122.060428, 37.689365 ], [ -122.060477, 37.689316 ], [ -122.06049, 37.689283 ], [ -122.060518, 37.689239 ], [ -122.060525, 37.689195 ], [ -122.060567, 37.68909 ], [ -122.060622, 37.689019 ], [ -122.060705, 37.68886 ], [ -122.060726, 37.688805 ], [ -122.06076, 37.688755 ], [ -122.060774, 37.688722 ], [ -122.060795, 37.688689 ], [ -122.060808, 37.688656 ], [ -122.060843, 37.688618 ], [ -122.060905, 37.688503 ], [ -122.060919, 37.68847 ], [ -122.060954, 37.688415 ], [ -122.060988, 37.688321 ], [ -122.060995, 37.688288 ], [ -122.061064, 37.688151 ], [ -122.06112, 37.68797 ], [ -122.061147, 37.687915 ], [ -122.061154, 37.687887 ], [ -122.061168, 37.68786 ], [ -122.061182, 37.687805 ], [ -122.061251, 37.687673 ], [ -122.061279, 37.687607 ], [ -122.061286, 37.687558 ], [ -122.061327, 37.687486 ], [ -122.061355, 37.68742 ], [ -122.061369, 37.687371 ], [ -122.061369, 37.687343 ], [ -122.06141, 37.687255 ], [ -122.061424, 37.687211 ], [ -122.061472, 37.687113 ], [ -122.061486, 37.687069 ], [ -122.061514, 37.68703 ], [ -122.061514, 37.686992 ], [ -122.061562, 37.686876 ], [ -122.061569, 37.686843 ], [ -122.061597, 37.686794 ], [ -122.061604, 37.686761 ], [ -122.061687, 37.686563 ], [ -122.061714, 37.68647 ], [ -122.061777, 37.686387 ], [ -122.06179, 37.686354 ], [ -122.061839, 37.686267 ], [ -122.061901, 37.686168 ], [ -122.061929, 37.686135 ], [ -122.061956, 37.68608 ], [ -122.062011, 37.686019 ], [ -122.062088, 37.685953 ], [ -122.062136, 37.685926 ], [ -122.062164, 37.685893 ], [ -122.06224, 37.685838 ], [ -122.062385, 37.685789 ], [ -122.062426, 37.685789 ], [ -122.062495, 37.685778 ], [ -122.062537, 37.685778 ], [ -122.062578, 37.685783 ], [ -122.062625, 37.685784 ], [ -122.062743, 37.685816 ], [ -122.062807, 37.685833 ], [ -122.062855, 37.685855 ], [ -122.062972, 37.685882 ], [ -122.063014, 37.685898 ], [ -122.063097, 37.68592 ], [ -122.063159, 37.685937 ], [ -122.063201, 37.685942 ], [ -122.063217, 37.685948 ], [ -122.063249, 37.685959 ], [ -122.063294, 37.685964 ], [ -122.063387, 37.685975 ], [ -122.063433, 37.685985 ], [ -122.063484, 37.685997 ], [ -122.063525, 37.685997 ], [ -122.063671, 37.686019 ], [ -122.063733, 37.686036 ], [ -122.063816, 37.686047 ], [ -122.063878, 37.686041 ], [ -122.063933, 37.686052 ], [ -122.064079, 37.686052 ], [ -122.064302, 37.686011 ], [ -122.064321, 37.686008 ], [ -122.064333, 37.686004 ], [ -122.064383, 37.685992 ], [ -122.064424, 37.685973 ], [ -122.064454, 37.68596 ], [ -122.064507, 37.685937 ], [ -122.064542, 37.685926 ], [ -122.064604, 37.685899 ], [ -122.064668, 37.685864 ], [ -122.064728, 37.685833 ], [ -122.06477, 37.685805 ], [ -122.064874, 37.685745 ], [ -122.064977, 37.685662 ], [ -122.065012, 37.685629 ], [ -122.065115, 37.685553 ], [ -122.065243, 37.685443 ], [ -122.065281, 37.685371 ], [ -122.065343, 37.685275 ], [ -122.065232, 37.685144 ], [ -122.065343, 37.685053 ], [ -122.065376, 37.685032 ], [ -122.065471, 37.68498 ], [ -122.065575, 37.684879 ], [ -122.065693, 37.684808 ], [ -122.065823, 37.68472 ], [ -122.065944, 37.684657 ], [ -122.066177, 37.684452 ], [ -122.066592, 37.684018 ], [ -122.06668, 37.683974 ], [ -122.066842, 37.683913 ], [ -122.067041, 37.683808 ], [ -122.067165, 37.68378 ], [ -122.067209, 37.683783 ], [ -122.067267, 37.683791 ], [ -122.067317, 37.683802 ], [ -122.06734, 37.683807 ], [ -122.067378, 37.683826 ], [ -122.067424, 37.683852 ], [ -122.06747, 37.683882 ], [ -122.067501, 37.683905 ], [ -122.06753, 37.683929 ], [ -122.067556, 37.683949 ], [ -122.06768, 37.684112 ], [ -122.067771, 37.68426 ], [ -122.067842, 37.684407 ], [ -122.067883, 37.684515 ], [ -122.067835, 37.684532 ], [ -122.067836, 37.684575 ], [ -122.06786, 37.684607 ], [ -122.067957, 37.68469 ], [ -122.067971, 37.684723 ], [ -122.068051, 37.684787 ], [ -122.068159, 37.684804 ], [ -122.068312, 37.684748 ], [ -122.068413, 37.684709 ], [ -122.068435, 37.684689 ], [ -122.068465, 37.684644 ], [ -122.068497, 37.684589 ], [ -122.068532, 37.684628 ], [ -122.068538, 37.684554 ], [ -122.068554, 37.684333 ], [ -122.068524, 37.684274 ], [ -122.068484, 37.684245 ], [ -122.068464, 37.684237 ], [ -122.068402, 37.68422 ], [ -122.068359, 37.684208 ], [ -122.068331, 37.684194 ], [ -122.068317, 37.684173 ], [ -122.068317, 37.684144 ], [ -122.06832, 37.684105 ], [ -122.068333, 37.684069 ], [ -122.068405, 37.683937 ], [ -122.068455, 37.683888 ], [ -122.068671, 37.683771 ], [ -122.068777, 37.683673 ], [ -122.069002, 37.683572 ], [ -122.06905, 37.683562 ], [ -122.069132, 37.683556 ], [ -122.069182, 37.683558 ], [ -122.069281, 37.683591 ], [ -122.069333, 37.683633 ], [ -122.069591, 37.683814 ], [ -122.069803, 37.683962 ], [ -122.069856, 37.683979 ], [ -122.069897, 37.683987 ], [ -122.069939, 37.683992 ], [ -122.069976, 37.683992 ], [ -122.070013, 37.683989 ], [ -122.070062, 37.68398 ], [ -122.070201, 37.684144 ], [ -122.0703, 37.684118 ], [ -122.070479, 37.683958 ], [ -122.070553, 37.683892 ], [ -122.070599, 37.68385 ], [ -122.070709, 37.683809 ], [ -122.070842, 37.683744 ], [ -122.070965, 37.683668 ], [ -122.071074, 37.683582 ], [ -122.071129, 37.683534 ], [ -122.071111, 37.68347 ], [ -122.071093, 37.683409 ], [ -122.071151, 37.683333 ], [ -122.071215, 37.683241 ], [ -122.071186, 37.683103 ], [ -122.071178, 37.683066 ], [ -122.071099, 37.682953 ], [ -122.070901, 37.682657 ], [ -122.070763, 37.68246 ], [ -122.070723, 37.682418 ], [ -122.070478, 37.682159 ], [ -122.070217, 37.681887 ], [ -122.070139, 37.6818 ], [ -122.070279, 37.681559 ], [ -122.070326, 37.681607 ], [ -122.070391, 37.681426 ], [ -122.070582, 37.681286 ], [ -122.071148, 37.681164 ], [ -122.071327, 37.681212 ], [ -122.071354, 37.681199 ], [ -122.071395, 37.681176 ], [ -122.071469, 37.68119 ], [ -122.07151, 37.68119 ], [ -122.071558, 37.681201 ], [ -122.071621, 37.681195 ], [ -122.071724, 37.681168 ], [ -122.071759, 37.681152 ], [ -122.0718, 37.681118 ], [ -122.071835, 37.681102 ], [ -122.071849, 37.681097 ], [ -122.071883, 37.681064 ], [ -122.071932, 37.681036 ], [ -122.071966, 37.681003 ], [ -122.072011, 37.680988 ], [ -122.072026, 37.680983 ], [ -122.072049, 37.680976 ], [ -122.072069, 37.680962 ], [ -122.072083, 37.680954 ], [ -122.072132, 37.680932 ], [ -122.072208, 37.680888 ], [ -122.07225, 37.680877 ], [ -122.072312, 37.680844 ], [ -122.072492, 37.680794 ], [ -122.072533, 37.680789 ], [ -122.072595, 37.680794 ], [ -122.072664, 37.680778 ], [ -122.072727, 37.680778 ], [ -122.07283, 37.680805 ], [ -122.072865, 37.680827 ], [ -122.072927, 37.680877 ], [ -122.072934, 37.68091 ], [ -122.072976, 37.680981 ], [ -122.072989, 37.681047 ], [ -122.073003, 37.681091 ], [ -122.07301, 37.68114 ], [ -122.073031, 37.681173 ], [ -122.073031, 37.681228 ], [ -122.073052, 37.681388 ], [ -122.073072, 37.681437 ], [ -122.073086, 37.681547 ], [ -122.073128, 37.68169 ], [ -122.073128, 37.681745 ], [ -122.073176, 37.681877 ], [ -122.073225, 37.681981 ], [ -122.073259, 37.682025 ], [ -122.073303, 37.682073 ], [ -122.073314, 37.682085 ], [ -122.073356, 37.682107 ], [ -122.073487, 37.682157 ], [ -122.073543, 37.682168 ], [ -122.073591, 37.682168 ], [ -122.073681, 37.682179 ], [ -122.073757, 37.682173 ], [ -122.073829, 37.682173 ], [ -122.07386, 37.682173 ], [ -122.073916, 37.682162 ], [ -122.073985, 37.682157 ], [ -122.074096, 37.682129 ], [ -122.07413, 37.682113 ], [ -122.074213, 37.682063 ], [ -122.074282, 37.682008 ], [ -122.074324, 37.681992 ], [ -122.074361, 37.68194 ], [ -122.0744, 37.681887 ], [ -122.074427, 37.681811 ], [ -122.074434, 37.681772 ], [ -122.074455, 37.681717 ], [ -122.07449, 37.681646 ], [ -122.074489, 37.681613 ], [ -122.074503, 37.68158 ], [ -122.074503, 37.681525 ], [ -122.074517, 37.68147 ], [ -122.07451, 37.681415 ], [ -122.074517, 37.681366 ], [ -122.074517, 37.681283 ], [ -122.074524, 37.681245 ], [ -122.074538, 37.681212 ], [ -122.074538, 37.681173 ], [ -122.074531, 37.681135 ], [ -122.074531, 37.681063 ], [ -122.074545, 37.681019 ], [ -122.074545, 37.680986 ], [ -122.074559, 37.680943 ], [ -122.074559, 37.680904 ], [ -122.074572, 37.680849 ], [ -122.074572, 37.680805 ], [ -122.074593, 37.680717 ], [ -122.074593, 37.680668 ], [ -122.0746, 37.680607 ], [ -122.074621, 37.680558 ], [ -122.074711, 37.680437 ], [ -122.075147, 37.679974 ], [ -122.07558, 37.679256 ], [ -122.076186, 37.678859 ], [ -122.076396, 37.678806 ], [ -122.076761, 37.678888 ], [ -122.076913, 37.678923 ], [ -122.077018, 37.679089 ], [ -122.077053, 37.679249 ], [ -122.077051, 37.679626 ], [ -122.077094, 37.67976 ], [ -122.077178, 37.679848 ], [ -122.077244, 37.679922 ], [ -122.077366, 37.679971 ], [ -122.077439, 37.679957 ], [ -122.077632, 37.679784 ], [ -122.077875, 37.679615 ], [ -122.077987, 37.679498 ], [ -122.078122, 37.679441 ], [ -122.078251, 37.679484 ], [ -122.078434, 37.679717 ], [ -122.078572, 37.679874 ], [ -122.078627, 37.679979 ], [ -122.078662, 37.680089 ], [ -122.078691, 37.680187 ], [ -122.078737, 37.680273 ], [ -122.078725, 37.680345 ], [ -122.078711, 37.680413 ], [ -122.078756, 37.680519 ], [ -122.079116, 37.680799 ], [ -122.079522, 37.680777 ], [ -122.079934, 37.680755 ], [ -122.079957, 37.68092 ], [ -122.080029, 37.681414 ], [ -122.080053, 37.68158 ], [ -122.080163, 37.681557 ], [ -122.080179, 37.681735 ], [ -122.080266, 37.681726 ], [ -122.08071, 37.681696 ], [ -122.080757, 37.682113 ], [ -122.081056, 37.682045 ], [ -122.081607, 37.68206 ], [ -122.082242, 37.682077 ], [ -122.08277, 37.682091 ], [ -122.082959, 37.682095 ], [ -122.083759, 37.681499 ], [ -122.083829, 37.681645 ], [ -122.084023, 37.681813 ], [ -122.084248, 37.681936 ], [ -122.084518, 37.682028 ], [ -122.084996, 37.682197 ], [ -122.085343, 37.682269 ], [ -122.085703, 37.682286 ], [ -122.08584, 37.682286 ], [ -122.086282, 37.68235 ], [ -122.086406, 37.682244 ], [ -122.086613, 37.682394 ], [ -122.086699, 37.682404 ], [ -122.086749, 37.682419 ], [ -122.087176, 37.682532 ], [ -122.086897, 37.682764 ], [ -122.086703, 37.682928 ], [ -122.087492, 37.683516 ], [ -122.088245, 37.684075 ], [ -122.088479, 37.683877 ], [ -122.088948, 37.684187 ], [ -122.089077, 37.684065 ], [ -122.089391, 37.684296 ], [ -122.089435, 37.684328 ], [ -122.089379, 37.684377 ], [ -122.089766, 37.684652 ], [ -122.090402, 37.685106 ], [ -122.09093, 37.685475 ], [ -122.09125, 37.685699 ], [ -122.091185, 37.685782 ], [ -122.091035, 37.685913 ], [ -122.090894, 37.686036 ], [ -122.090879, 37.68605 ], [ -122.090708, 37.68593 ], [ -122.090426, 37.686161 ], [ -122.090112, 37.68593 ], [ -122.089674, 37.685693 ], [ -122.08964, 37.68564 ], [ -122.089476, 37.685561 ], [ -122.089442, 37.685551 ], [ -122.089367, 37.685594 ], [ -122.089135, 37.68587 ], [ -122.088797, 37.686261 ], [ -122.088266, 37.686876 ], [ -122.087937, 37.687258 ], [ -122.087657, 37.687262 ], [ -122.087605, 37.687398 ], [ -122.087525, 37.687443 ], [ -122.08747, 37.687497 ], [ -122.087434, 37.687526 ], [ -122.087346, 37.687565 ], [ -122.087269, 37.687585 ], [ -122.087249, 37.687587 ], [ -122.087076, 37.687608 ], [ -122.086651, 37.687628 ], [ -122.086383, 37.68764 ], [ -122.086395, 37.68772 ], [ -122.086411, 37.688487 ], [ -122.086425, 37.689111 ], [ -122.086569, 37.689046 ], [ -122.087332, 37.688706 ], [ -122.087373, 37.688683 ], [ -122.087455, 37.688639 ], [ -122.08811, 37.688554 ], [ -122.088134, 37.688787 ], [ -122.088142, 37.688863 ], [ -122.088151, 37.688953 ], [ -122.088181, 37.689244 ], [ -122.088295, 37.689392 ], [ -122.088355, 37.689432 ], [ -122.088494, 37.689612 ], [ -122.089189, 37.68928 ], [ -122.089256, 37.689249 ], [ -122.089482, 37.689553 ], [ -122.089422, 37.689762 ], [ -122.089753, 37.689806 ], [ -122.089908, 37.689826 ], [ -122.08994, 37.689828 ], [ -122.089938, 37.689915 ], [ -122.089932, 37.689962 ], [ -122.08995, 37.689959 ], [ -122.090418, 37.689902 ], [ -122.090615, 37.689854 ], [ -122.090629, 37.689887 ], [ -122.090836, 37.689828 ], [ -122.091334, 37.689673 ], [ -122.091457, 37.689336 ], [ -122.091507, 37.689323 ], [ -122.091505, 37.689334 ], [ -122.09152, 37.689648 ], [ -122.091634, 37.689799 ], [ -122.091721, 37.689915 ], [ -122.091938, 37.68989 ], [ -122.09215, 37.689817 ], [ -122.092305, 37.689734 ], [ -122.092411, 37.689662 ], [ -122.092601, 37.689501 ], [ -122.092687, 37.689403 ], [ -122.092936, 37.688835 ], [ -122.09305, 37.688575 ], [ -122.093005, 37.688463 ], [ -122.09268, 37.687651 ], [ -122.092393, 37.687288 ], [ -122.092178, 37.687101 ], [ -122.092152, 37.687072 ], [ -122.091978, 37.686874 ], [ -122.091713, 37.686674 ], [ -122.091913, 37.686495 ], [ -122.092025, 37.686397 ], [ -122.092127, 37.686355 ], [ -122.092149, 37.686346 ], [ -122.092234, 37.68631 ], [ -122.092522, 37.686054 ], [ -122.092626, 37.685962 ], [ -122.092895, 37.685724 ], [ -122.093001, 37.685631 ], [ -122.093113, 37.685712 ], [ -122.093653, 37.6861 ], [ -122.093834, 37.68623 ], [ -122.093923, 37.686293 ], [ -122.094328, 37.686587 ], [ -122.095571, 37.687491 ], [ -122.095808, 37.687666 ], [ -122.09588, 37.687719 ], [ -122.096199, 37.68794 ], [ -122.096288, 37.68804 ], [ -122.096263, 37.688062 ], [ -122.096226, 37.688096 ], [ -122.096186, 37.688127 ], [ -122.096161, 37.688149 ], [ -122.095936, 37.688345 ], [ -122.095693, 37.688558 ], [ -122.095591, 37.688638 ], [ -122.095244, 37.688911 ], [ -122.095011, 37.689096 ], [ -122.094696, 37.689344 ], [ -122.094553, 37.689466 ], [ -122.094486, 37.689533 ], [ -122.094472, 37.689549 ], [ -122.094211, 37.689831 ], [ -122.094008, 37.690053 ], [ -122.094259, 37.690025 ], [ -122.094285, 37.690022 ], [ -122.094823, 37.689964 ], [ -122.095164, 37.68994 ], [ -122.095218, 37.689938 ], [ -122.095584, 37.689923 ], [ -122.09581, 37.689915 ], [ -122.096067, 37.689924 ], [ -122.09612, 37.689926 ], [ -122.096181, 37.68993 ], [ -122.096281, 37.689942 ], [ -122.096335, 37.689949 ], [ -122.096413, 37.689956 ], [ -122.096649, 37.689977 ], [ -122.096728, 37.689985 ], [ -122.096839, 37.690001 ], [ -122.097173, 37.69005 ], [ -122.097231, 37.690059 ], [ -122.097284, 37.69007 ], [ -122.097722, 37.69016 ], [ -122.097851, 37.690192 ], [ -122.097967, 37.690218 ], [ -122.097996, 37.690225 ], [ -122.098344, 37.690322 ], [ -122.098449, 37.690353 ], [ -122.098496, 37.690384 ], [ -122.098754, 37.690534 ], [ -122.098843, 37.690588 ], [ -122.099178, 37.690779 ], [ -122.099501, 37.690967 ], [ -122.099575, 37.69101 ], [ -122.099922, 37.691231 ], [ -122.10022, 37.691441 ], [ -122.100637, 37.691749 ], [ -122.100703, 37.691798 ], [ -122.100946, 37.691985 ], [ -122.101234, 37.692224 ], [ -122.101579, 37.692551 ], [ -122.101872, 37.692866 ], [ -122.10206, 37.693129 ], [ -122.102213, 37.693286 ], [ -122.102517, 37.693642 ], [ -122.10306, 37.694248 ], [ -122.10351, 37.694778 ], [ -122.104097, 37.695438 ], [ -122.104167, 37.695511 ], [ -122.104375, 37.69574 ], [ -122.10458, 37.695971 ], [ -122.105819, 37.697367 ], [ -122.106223, 37.697824 ], [ -122.106271, 37.697878 ], [ -122.106417, 37.698043 ], [ -122.106466, 37.698098 ], [ -122.10683, 37.69851 ], [ -122.107277, 37.699016 ], [ -122.107535, 37.699288 ], [ -122.107659, 37.699424 ], [ -122.10796, 37.699713 ], [ -122.108282, 37.700022 ], [ -122.108362, 37.70009 ], [ -122.108775, 37.700449 ], [ -122.108986, 37.700613 ], [ -122.109474, 37.700945 ], [ -122.109936, 37.70124 ], [ -122.110198, 37.701404 ], [ -122.110761, 37.701746 ], [ -122.113795, 37.703612 ], [ -122.1146, 37.704109 ], [ -122.115636, 37.704748 ], [ -122.116582, 37.705269 ], [ -122.116647, 37.705303 ], [ -122.1168, 37.705386 ], [ -122.116924, 37.705452 ], [ -122.117012, 37.705495 ], [ -122.117657, 37.705809 ], [ -122.117872, 37.705914 ], [ -122.119492, 37.706643 ], [ -122.12031, 37.707 ], [ -122.120692, 37.707188 ], [ -122.120937, 37.707318 ], [ -122.121515, 37.707701 ], [ -122.12248, 37.708476 ], [ -122.122551, 37.708533 ], [ -122.122676, 37.708625 ], [ -122.122896, 37.708788 ], [ -122.122972, 37.708845 ], [ -122.123918, 37.709571 ], [ -122.124167, 37.709762 ], [ -122.124224, 37.709801 ], [ -122.124259, 37.709833 ], [ -122.124388, 37.709928 ], [ -122.124526, 37.710018 ], [ -122.124896, 37.710278 ], [ -122.125605, 37.710688 ], [ -122.126387, 37.711074 ], [ -122.126774, 37.711269 ], [ -122.127469, 37.71162 ], [ -122.127481, 37.711626 ], [ -122.127495, 37.711633 ], [ -122.127574, 37.711673 ], [ -122.127601, 37.711687 ], [ -122.127786, 37.711788 ], [ -122.127878, 37.711838 ], [ -122.128044, 37.711929 ], [ -122.128314, 37.712087 ], [ -122.128336, 37.712101 ], [ -122.128515, 37.712214 ], [ -122.12867, 37.712312 ], [ -122.128994, 37.712531 ], [ -122.130594, 37.714242 ], [ -122.130865, 37.714532 ], [ -122.130932, 37.714604 ], [ -122.131145, 37.714914 ] ] ] ] } },
{ "type": "Feature", "properties": { "NAME": "Cherryland" }, "geometry": { "type": "MultiPolygon", "coordinates": [ [ [ [ -122.122061, 37.685863 ], [ -122.122004, 37.685851 ], [ -122.121978, 37.685846 ], [ -122.121937, 37.685846 ], [ -122.121888, 37.685835 ], [ -122.121847, 37.685841 ], [ -122.121799, 37.685835 ], [ -122.12175, 37.685835 ], [ -122.121709, 37.685819 ], [ -122.121584, 37.685808 ], [ -122.121522, 37.685814 ], [ -122.121432, 37.685803 ], [ -122.121391, 37.685808 ], [ -122.121349, 37.685803 ], [ -122.121301, 37.685803 ], [ -122.121254, 37.685808 ], [ -122.121114, 37.685808 ], [ -122.121066, 37.685819 ], [ -122.121017, 37.685814 ], [ -122.120886, 37.685825 ], [ -122.120844, 37.685825 ], [ -122.120796, 37.68583 ], [ -122.120741, 37.68583 ], [ -122.120692, 37.685841 ], [ -122.120658, 37.685836 ], [ -122.12052, 37.685836 ], [ -122.120471, 37.685831 ], [ -122.120423, 37.685831 ], [ -122.120381, 37.685825 ], [ -122.12034, 37.685825 ], [ -122.120291, 37.685814 ], [ -122.120195, 37.685809 ], [ -122.120153, 37.685803 ], [ -122.120112, 37.685803 ], [ -122.120063, 37.685798 ], [ -122.119994, 37.685798 ], [ -122.119911, 37.685803 ], [ -122.119863, 37.685792 ], [ -122.119731, 37.685781 ], [ -122.119683, 37.685787 ], [ -122.119635, 37.685798 ], [ -122.119564, 37.685798 ], [ -122.119441, 37.685798 ], [ -122.119365, 37.685793 ], [ -122.119324, 37.685809 ], [ -122.119227, 37.68582 ], [ -122.119144, 37.68582 ], [ -122.118943, 37.685842 ], [ -122.118902, 37.685842 ], [ -122.118853, 37.685853 ], [ -122.118715, 37.68587 ], [ -122.118667, 37.685881 ], [ -122.118577, 37.685892 ], [ -122.118487, 37.685914 ], [ -122.118439, 37.685919 ], [ -122.118397, 37.685936 ], [ -122.118349, 37.685936 ], [ -122.118307, 37.685947 ], [ -122.118259, 37.685969 ], [ -122.118204, 37.68598 ], [ -122.118121, 37.686013 ], [ -122.118079, 37.686024 ], [ -122.118038, 37.686024 ], [ -122.117948, 37.68604 ], [ -122.117844, 37.686057 ], [ -122.117796, 37.686051 ], [ -122.117754, 37.686052 ], [ -122.117713, 37.686062 ], [ -122.117665, 37.686052 ], [ -122.117623, 37.686052 ], [ -122.117582, 37.686046 ], [ -122.11754, 37.686046 ], [ -122.117478, 37.68603 ], [ -122.117436, 37.686024 ], [ -122.117395, 37.686013 ], [ -122.117201, 37.685914 ], [ -122.117167, 37.685887 ], [ -122.117111, 37.685865 ], [ -122.11707, 37.685832 ], [ -122.117008, 37.685794 ], [ -122.116966, 37.685766 ], [ -122.116932, 37.685739 ], [ -122.116911, 37.685706 ], [ -122.116881, 37.685683 ], [ -122.116861, 37.685676 ], [ -122.116848, 37.685658 ], [ -122.116825, 37.685647 ], [ -122.1168, 37.685634 ], [ -122.116752, 37.685618 ], [ -122.116703, 37.685596 ], [ -122.116655, 37.685569 ], [ -122.116586, 37.685541 ], [ -122.116537, 37.68553 ], [ -122.116514, 37.685527 ], [ -122.116489, 37.685525 ], [ -122.116406, 37.685503 ], [ -122.116364, 37.685486 ], [ -122.116261, 37.685486 ], [ -122.116219, 37.685481 ], [ -122.116178, 37.685492 ], [ -122.116136, 37.685497 ], [ -122.116081, 37.685497 ], [ -122.115943, 37.685514 ], [ -122.115853, 37.685552 ], [ -122.115804, 37.685563 ], [ -122.11568, 37.685624 ], [ -122.115544, 37.685654 ], [ -122.115369, 37.685695 ], [ -122.115327, 37.685695 ], [ -122.115279, 37.685701 ], [ -122.115219, 37.685725 ], [ -122.115182, 37.68574 ], [ -122.115044, 37.685778 ], [ -122.114989, 37.685789 ], [ -122.11494, 37.685817 ], [ -122.114744, 37.685913 ], [ -122.114719, 37.685926 ], [ -122.114622, 37.685987 ], [ -122.114567, 37.686003 ], [ -122.114443, 37.686075 ], [ -122.114387, 37.686097 ], [ -122.114318, 37.686135 ], [ -122.114173, 37.686185 ], [ -122.11409, 37.686212 ], [ -122.113987, 37.686262 ], [ -122.113897, 37.686295 ], [ -122.113855, 37.686306 ], [ -122.113814, 37.686322 ], [ -122.113772, 37.686344 ], [ -122.11371, 37.686361 ], [ -122.113676, 37.686377 ], [ -122.113441, 37.686394 ], [ -122.113351, 37.686383 ], [ -122.11331, 37.686368 ], [ -122.113212, 37.686334 ], [ -122.113129, 37.68629 ], [ -122.113067, 37.686268 ], [ -122.113033, 37.68624 ], [ -122.11295, 37.686185 ], [ -122.112853, 37.686143 ], [ -122.112735, 37.686092 ], [ -122.112694, 37.686076 ], [ -122.112645, 37.686048 ], [ -122.112604, 37.686032 ], [ -122.112472, 37.685971 ], [ -122.112376, 37.685949 ], [ -122.112237, 37.685878 ], [ -122.112057, 37.685801 ], [ -122.111995, 37.685763 ], [ -122.111961, 37.685752 ], [ -122.111943, 37.685743 ], [ -122.111912, 37.68573 ], [ -122.111878, 37.685708 ], [ -122.111815, 37.685691 ], [ -122.111774, 37.68567 ], [ -122.111732, 37.685642 ], [ -122.111691, 37.685626 ], [ -122.111532, 37.685521 ], [ -122.111421, 37.685444 ], [ -122.111338, 37.685367 ], [ -122.11131, 37.685335 ], [ -122.111255, 37.685291 ], [ -122.111207, 37.685225 ], [ -122.111151, 37.685164 ], [ -122.111117, 37.685109 ], [ -122.111048, 37.685038 ], [ -122.110972, 37.684978 ], [ -122.110937, 37.684945 ], [ -122.110882, 37.684857 ], [ -122.110847, 37.684829 ], [ -122.110826, 37.684791 ], [ -122.110736, 37.684681 ], [ -122.110646, 37.684621 ], [ -122.110577, 37.684588 ], [ -122.110536, 37.684577 ], [ -122.110404, 37.684505 ], [ -122.11028, 37.684472 ], [ -122.110231, 37.684472 ], [ -122.110183, 37.684456 ], [ -122.110024, 37.684423 ], [ -122.109844, 37.684401 ], [ -122.109803, 37.684401 ], [ -122.109761, 37.684396 ], [ -122.109519, 37.684412 ], [ -122.109478, 37.684407 ], [ -122.109442, 37.684407 ], [ -122.10943, 37.684407 ], [ -122.109388, 37.684412 ], [ -122.10934, 37.684407 ], [ -122.109298, 37.684412 ], [ -122.109208, 37.684401 ], [ -122.109167, 37.684407 ], [ -122.10907, 37.684396 ], [ -122.108973, 37.684407 ], [ -122.108932, 37.684418 ], [ -122.108828, 37.684418 ], [ -122.108773, 37.684407 ], [ -122.108683, 37.684413 ], [ -122.108641, 37.684412 ], [ -122.108593, 37.684424 ], [ -122.108552, 37.684423 ], [ -122.108454, 37.684436 ], [ -122.108427, 37.68444 ], [ -122.108379, 37.684451 ], [ -122.108289, 37.684484 ], [ -122.108241, 37.68449 ], [ -122.108151, 37.684512 ], [ -122.108109, 37.684517 ], [ -122.108068, 37.684528 ], [ -122.108023, 37.684545 ], [ -122.108012, 37.68455 ], [ -122.107923, 37.684567 ], [ -122.107888, 37.684583 ], [ -122.107819, 37.6846 ], [ -122.107777, 37.684616 ], [ -122.107736, 37.684655 ], [ -122.107646, 37.684699 ], [ -122.107591, 37.684732 ], [ -122.107549, 37.68477 ], [ -122.107508, 37.684797 ], [ -122.107459, 37.684841 ], [ -122.107377, 37.684896 ], [ -122.107328, 37.684946 ], [ -122.107308, 37.684979 ], [ -122.107225, 37.685056 ], [ -122.107204, 37.685089 ], [ -122.107121, 37.68516 ], [ -122.107093, 37.685199 ], [ -122.107017, 37.685276 ], [ -122.106976, 37.685303 ], [ -122.106963, 37.685313 ], [ -122.106831, 37.685424 ], [ -122.106762, 37.685485 ], [ -122.106706, 37.685512 ], [ -122.106672, 37.685545 ], [ -122.106623, 37.685578 ], [ -122.106612, 37.685584 ], [ -122.106568, 37.685606 ], [ -122.106534, 37.685639 ], [ -122.106347, 37.685754 ], [ -122.106278, 37.685781 ], [ -122.106154, 37.685864 ], [ -122.106077, 37.685897 ], [ -122.106029, 37.685902 ], [ -122.105829, 37.685957 ], [ -122.105753, 37.685963 ], [ -122.105704, 37.685957 ], [ -122.105656, 37.685957 ], [ -122.105642, 37.685958 ], [ -122.105614, 37.685963 ], [ -122.105552, 37.685957 ], [ -122.105511, 37.685957 ], [ -122.105469, 37.685952 ], [ -122.105386, 37.685919 ], [ -122.105345, 37.685897 ], [ -122.105227, 37.685853 ], [ -122.105179, 37.685831 ], [ -122.10504, 37.685782 ], [ -122.104999, 37.685765 ], [ -122.104957, 37.685738 ], [ -122.104916, 37.685727 ], [ -122.104861, 37.685694 ], [ -122.104819, 37.685678 ], [ -122.104736, 37.685628 ], [ -122.104695, 37.685612 ], [ -122.104667, 37.685584 ], [ -122.104577, 37.68554 ], [ -122.104487, 37.685513 ], [ -122.104363, 37.685496 ], [ -122.104301, 37.685496 ], [ -122.104218, 37.685529 ], [ -122.104135, 37.68554 ], [ -122.104086, 37.685551 ], [ -122.104045, 37.685551 ], [ -122.104003, 37.685562 ], [ -122.103941, 37.685568 ], [ -122.103796, 37.685601 ], [ -122.103727, 37.685612 ], [ -122.103672, 37.685634 ], [ -122.103623, 37.685661 ], [ -122.103526, 37.6857 ], [ -122.103436, 37.685722 ], [ -122.103395, 37.685749 ], [ -122.10325, 37.68581 ], [ -122.103208, 37.685815 ], [ -122.103119, 37.685837 ], [ -122.102987, 37.685854 ], [ -122.102849, 37.685854 ], [ -122.102807, 37.685848 ], [ -122.102669, 37.685848 ], [ -122.102611, 37.685832 ], [ -122.102593, 37.685827 ], [ -122.102531, 37.685821 ], [ -122.102372, 37.685816 ], [ -122.102185, 37.685799 ], [ -122.102137, 37.685794 ], [ -122.102012, 37.685799 ], [ -122.101552, 37.685738 ], [ -122.101367, 37.685713 ], [ -122.10119, 37.68569 ], [ -122.100899, 37.685659 ], [ -122.100878, 37.685657 ], [ -122.100812, 37.68567 ], [ -122.100793, 37.685674 ], [ -122.100692, 37.685695 ], [ -122.100633, 37.685717 ], [ -122.100665, 37.685743 ], [ -122.100711, 37.68578 ], [ -122.100767, 37.685819 ], [ -122.100802, 37.685844 ], [ -122.10074, 37.685899 ], [ -122.100676, 37.685955 ], [ -122.100557, 37.686037 ], [ -122.100524, 37.686055 ], [ -122.100385, 37.686136 ], [ -122.100238, 37.686207 ], [ -122.100216, 37.686208 ], [ -122.100157, 37.686229 ], [ -122.100001, 37.686264 ], [ -122.09991, 37.686278 ], [ -122.099576, 37.6863 ], [ -122.09952, 37.686302 ], [ -122.09917, 37.686316 ], [ -122.098984, 37.68633 ], [ -122.098817, 37.686344 ], [ -122.09861, 37.686374 ], [ -122.098435, 37.68642 ], [ -122.098387, 37.686434 ], [ -122.098259, 37.686478 ], [ -122.098131, 37.686526 ], [ -122.097976, 37.686599 ], [ -122.09784, 37.686664 ], [ -122.09769, 37.68675 ], [ -122.097575, 37.686824 ], [ -122.09746, 37.686906 ], [ -122.097332, 37.687009 ], [ -122.097215, 37.687112 ], [ -122.097106, 37.687217 ], [ -122.096998, 37.68733 ], [ -122.096954, 37.687375 ], [ -122.096825, 37.687509 ], [ -122.096783, 37.687555 ], [ -122.096685, 37.687653 ], [ -122.096533, 37.687807 ], [ -122.096388, 37.687944 ], [ -122.096288, 37.68804 ], [ -122.096199, 37.68794 ], [ -122.09588, 37.687719 ], [ -122.095808, 37.687666 ], [ -122.095571, 37.687491 ], [ -122.094328, 37.686587 ], [ -122.093923, 37.686293 ], [ -122.093834, 37.68623 ], [ -122.093653, 37.6861 ], [ -122.093113, 37.685712 ], [ -122.093001, 37.685631 ], [ -122.092933, 37.685583 ], [ -122.092777, 37.685472 ], [ -122.092451, 37.685241 ], [ -122.092312, 37.685139 ], [ -122.092159, 37.685027 ], [ -122.092268, 37.68493 ], [ -122.092405, 37.68481 ], [ -122.092559, 37.684671 ], [ -122.091217, 37.683693 ], [ -122.091292, 37.683622 ], [ -122.09163, 37.683337 ], [ -122.091365, 37.683151 ], [ -122.091457, 37.683076 ], [ -122.091691, 37.682873 ], [ -122.091427, 37.682686 ], [ -122.091094, 37.682954 ], [ -122.090692, 37.683281 ], [ -122.090619, 37.683227 ], [ -122.090152, 37.682882 ], [ -122.091348, 37.681867 ], [ -122.091701, 37.681542 ], [ -122.091916, 37.681386 ], [ -122.0921, 37.681231 ], [ -122.091969, 37.681147 ], [ -122.091992, 37.681128 ], [ -122.091842, 37.681019 ], [ -122.091736, 37.680997 ], [ -122.091646, 37.680977 ], [ -122.09175, 37.680898 ], [ -122.091855, 37.680817 ], [ -122.091999, 37.680792 ], [ -122.092038, 37.680228 ], [ -122.092069, 37.679642 ], [ -122.092152, 37.679376 ], [ -122.092239, 37.679103 ], [ -122.09225, 37.679071 ], [ -122.092252, 37.678957 ], [ -122.092642, 37.679271 ], [ -122.092735, 37.679347 ], [ -122.092756, 37.679364 ], [ -122.092849, 37.67928 ], [ -122.092955, 37.679199 ], [ -122.093051, 37.679124 ], [ -122.093281, 37.678949 ], [ -122.093439, 37.679078 ], [ -122.093536, 37.679158 ], [ -122.093923, 37.67886 ], [ -122.09389, 37.678833 ], [ -122.09386, 37.678811 ], [ -122.093936, 37.678752 ], [ -122.094131, 37.678607 ], [ -122.094278, 37.678497 ], [ -122.094198, 37.678418 ], [ -122.094497, 37.678212 ], [ -122.093246, 37.677154 ], [ -122.093332, 37.677091 ], [ -122.093139, 37.676932 ], [ -122.093267, 37.676838 ], [ -122.09308, 37.676668 ], [ -122.093205, 37.676307 ], [ -122.093249, 37.676273 ], [ -122.093274, 37.676177 ], [ -122.093274, 37.676122 ], [ -122.093323, 37.676082 ], [ -122.093393, 37.675819 ], [ -122.09379, 37.674681 ], [ -122.093831, 37.674564 ], [ -122.093896, 37.674538 ], [ -122.09391, 37.674546 ], [ -122.093952, 37.674573 ], [ -122.093966, 37.674582 ], [ -122.094138, 37.674688 ], [ -122.094159, 37.674702 ], [ -122.094295, 37.674795 ], [ -122.094001, 37.674915 ], [ -122.094327, 37.67547 ], [ -122.094444, 37.675419 ], [ -122.094796, 37.675267 ], [ -122.094914, 37.675217 ], [ -122.094898, 37.675291 ], [ -122.095091, 37.675724 ], [ -122.094484, 37.676002 ], [ -122.094781, 37.676299 ], [ -122.095739, 37.677047 ], [ -122.096464, 37.677638 ], [ -122.09662, 37.677806 ], [ -122.096876, 37.678161 ], [ -122.097235, 37.67801 ], [ -122.097566, 37.67786 ], [ -122.097413, 37.677513 ], [ -122.097341, 37.677436 ], [ -122.097667, 37.677111 ], [ -122.097679, 37.677098 ], [ -122.097717, 37.677059 ], [ -122.097731, 37.677047 ], [ -122.097626, 37.676973 ], [ -122.09727, 37.676723 ], [ -122.096819, 37.676412 ], [ -122.096545, 37.676223 ], [ -122.095664, 37.675627 ], [ -122.095462, 37.675488 ], [ -122.095074, 37.675222 ], [ -122.095011, 37.675179 ], [ -122.095068, 37.675156 ], [ -122.095125, 37.675135 ], [ -122.095239, 37.675089 ], [ -122.095297, 37.675067 ], [ -122.096205, 37.674697 ], [ -122.09893, 37.67359 ], [ -122.099839, 37.673222 ], [ -122.099678, 37.672972 ], [ -122.099197, 37.672222 ], [ -122.099037, 37.671973 ], [ -122.098878, 37.671731 ], [ -122.098593, 37.671295 ], [ -122.098409, 37.671003 ], [ -122.098255, 37.670759 ], [ -122.097592, 37.671029 ], [ -122.095606, 37.67184 ], [ -122.09535, 37.671944 ], [ -122.094977, 37.671375 ], [ -122.095028, 37.67125 ], [ -122.095355, 37.670287 ], [ -122.095239, 37.670074 ], [ -122.095554, 37.669945 ], [ -122.095918, 37.669798 ], [ -122.095644, 37.669373 ], [ -122.095709, 37.669182 ], [ -122.095744, 37.669098 ], [ -122.095861, 37.668735 ], [ -122.095928, 37.668623 ], [ -122.095962, 37.668572 ], [ -122.096221, 37.668971 ], [ -122.096442, 37.66888 ], [ -122.096149, 37.668425 ], [ -122.096231, 37.668391 ], [ -122.096372, 37.668335 ], [ -122.096665, 37.668795 ], [ -122.096932, 37.668692 ], [ -122.096912, 37.668662 ], [ -122.09688, 37.668614 ], [ -122.096855, 37.668576 ], [ -122.096686, 37.668318 ], [ -122.09663, 37.668232 ], [ -122.096713, 37.668196 ], [ -122.096963, 37.668091 ], [ -122.097047, 37.668057 ], [ -122.097109, 37.668028 ], [ -122.097135, 37.668017 ], [ -122.097187, 37.667992 ], [ -122.097254, 37.668094 ], [ -122.097489, 37.668458 ], [ -122.09758, 37.668422 ], [ -122.097635, 37.6684 ], [ -122.097435, 37.668089 ], [ -122.097328, 37.667923 ], [ -122.097357, 37.667909 ], [ -122.097402, 37.667886 ], [ -122.097502, 37.667829 ], [ -122.097585, 37.667784 ], [ -122.097899, 37.667592 ], [ -122.098221, 37.667778 ], [ -122.098256, 37.667788 ], [ -122.098278, 37.667792 ], [ -122.098341, 37.667794 ], [ -122.098373, 37.66779 ], [ -122.098404, 37.667783 ], [ -122.098435, 37.667773 ], [ -122.098458, 37.667763 ], [ -122.098509, 37.667732 ], [ -122.098546, 37.667692 ], [ -122.098606, 37.667599 ], [ -122.09862, 37.667572 ], [ -122.098835, 37.667765 ], [ -122.098978, 37.667888 ], [ -122.099131, 37.667825 ], [ -122.098991, 37.667708 ], [ -122.099089, 37.667668 ], [ -122.098907, 37.667479 ], [ -122.098787, 37.667354 ], [ -122.098864, 37.667323 ], [ -122.099068, 37.667239 ], [ -122.099186, 37.667197 ], [ -122.099258, 37.667168 ], [ -122.099604, 37.667044 ], [ -122.099651, 37.667027 ], [ -122.099833, 37.666949 ], [ -122.099877, 37.66702 ], [ -122.100336, 37.66741 ], [ -122.100718, 37.667268 ], [ -122.100254, 37.666867 ], [ -122.100416, 37.666804 ], [ -122.100495, 37.6668 ], [ -122.100562, 37.666858 ], [ -122.101224, 37.667435 ], [ -122.101495, 37.667671 ], [ -122.102066, 37.668181 ], [ -122.102825, 37.668845 ], [ -122.103203, 37.669176 ], [ -122.103865, 37.669756 ], [ -122.1042, 37.670037 ], [ -122.104533, 37.670333 ], [ -122.104872, 37.670634 ], [ -122.105578, 37.671251 ], [ -122.106122, 37.671729 ], [ -122.106526, 37.672079 ], [ -122.107193, 37.672659 ], [ -122.107271, 37.672729 ], [ -122.107301, 37.672755 ], [ -122.107628, 37.673043 ], [ -122.107737, 37.67314 ], [ -122.107903, 37.673285 ], [ -122.108108, 37.673465 ], [ -122.1084, 37.673725 ], [ -122.108566, 37.673873 ], [ -122.109003, 37.67424 ], [ -122.109158, 37.67437 ], [ -122.10972, 37.674885 ], [ -122.110291, 37.675372 ], [ -122.110726, 37.675744 ], [ -122.11074, 37.675757 ], [ -122.110767, 37.675781 ], [ -122.111078, 37.676056 ], [ -122.111768, 37.676667 ], [ -122.112135, 37.676991 ], [ -122.112488, 37.677303 ], [ -122.112734, 37.677518 ], [ -122.113472, 37.678166 ], [ -122.113718, 37.678382 ], [ -122.114045, 37.678669 ], [ -122.114753, 37.67929 ], [ -122.11491, 37.679459 ], [ -122.115016, 37.679573 ], [ -122.115625, 37.680083 ], [ -122.116512, 37.680877 ], [ -122.118017, 37.682197 ], [ -122.118529, 37.682644 ], [ -122.11895, 37.683011 ], [ -122.11975, 37.683691 ], [ -122.119792, 37.683729 ], [ -122.120238, 37.684126 ], [ -122.120775, 37.684604 ], [ -122.121704, 37.685428 ], [ -122.122193, 37.685863 ], [ -122.122061, 37.685863 ] ] ] ] } },
{ "type": "Feature", "properties": { "NAME": "Fairview" }, "geometry": { "type": "MultiPolygon", "coordinates": [ [ [ [ -122.073017, 37.673055 ], [ -122.072647, 37.673171 ], [ -122.072299, 37.673282 ], [ -122.071539, 37.673529 ], [ -122.07117, 37.673649 ], [ -122.070443, 37.673866 ], [ -122.069247, 37.674224 ], [ -122.069029, 37.674292 ], [ -122.068791, 37.674358 ], [ -122.068515, 37.674428 ], [ -122.068255, 37.674488 ], [ -122.068178, 37.674507 ], [ -122.067517, 37.674664 ], [ -122.066464, 37.674888 ], [ -122.066372, 37.674879 ], [ -122.066298, 37.674877 ], [ -122.066678, 37.67558 ], [ -122.066926, 37.676038 ], [ -122.066541, 37.675992 ], [ -122.06507, 37.675818 ], [ -122.065004, 37.67581 ], [ -122.064642, 37.67576 ], [ -122.064635, 37.675814 ], [ -122.064615, 37.675902 ], [ -122.064589, 37.676034 ], [ -122.064504, 37.676484 ], [ -122.064481, 37.676593 ], [ -122.064477, 37.676612 ], [ -122.064471, 37.676647 ], [ -122.064562, 37.67667 ], [ -122.0648, 37.676825 ], [ -122.064944, 37.676836 ], [ -122.065037, 37.676892 ], [ -122.065201, 37.676901 ], [ -122.065399, 37.676903 ], [ -122.065419, 37.676985 ], [ -122.0655, 37.677328 ], [ -122.064875, 37.677421 ], [ -122.064941, 37.677688 ], [ -122.064989, 37.677882 ], [ -122.065, 37.677927 ], [ -122.064333, 37.678044 ], [ -122.0649, 37.678662 ], [ -122.065042, 37.678816 ], [ -122.065161, 37.678947 ], [ -122.064975, 37.679053 ], [ -122.064609, 37.67922 ], [ -122.064502, 37.67928 ], [ -122.064342, 37.67937 ], [ -122.06509, 37.680215 ], [ -122.064966, 37.680286 ], [ -122.064669, 37.680455 ], [ -122.064558, 37.680519 ], [ -122.063776, 37.680954 ], [ -122.063479, 37.681121 ], [ -122.062166, 37.681851 ], [ -122.062128, 37.681874 ], [ -122.062055, 37.681913 ], [ -122.061381, 37.68186 ], [ -122.059323, 37.681689 ], [ -122.059159, 37.681872 ], [ -122.05796, 37.68321 ], [ -122.057972, 37.683279 ], [ -122.057998, 37.683382 ], [ -122.058033, 37.683598 ], [ -122.058038, 37.683635 ], [ -122.058059, 37.683856 ], [ -122.05809, 37.684167 ], [ -122.058093, 37.684194 ], [ -122.0581, 37.684233 ], [ -122.058337, 37.684213 ], [ -122.058474, 37.684202 ], [ -122.058581, 37.68506 ], [ -122.058596, 37.685183 ], [ -122.057819, 37.68525 ], [ -122.057055, 37.685314 ], [ -122.056735, 37.685341 ], [ -122.056779, 37.685694 ], [ -122.0569, 37.686868 ], [ -122.057393, 37.686828 ], [ -122.059628, 37.686648 ], [ -122.059596, 37.686397 ], [ -122.059584, 37.686302 ], [ -122.059564, 37.686152 ], [ -122.061409, 37.685994 ], [ -122.061498, 37.685975 ], [ -122.061686, 37.685957 ], [ -122.062, 37.685965 ], [ -122.062214, 37.685211 ], [ -122.062563, 37.683982 ], [ -122.062599, 37.683877 ], [ -122.062662, 37.683874 ], [ -122.063514, 37.683821 ], [ -122.063537, 37.683817 ], [ -122.063607, 37.683806 ], [ -122.063668, 37.683797 ], [ -122.063823, 37.683755 ], [ -122.063788, 37.683879 ], [ -122.063773, 37.683934 ], [ -122.063766, 37.683962 ], [ -122.063739, 37.684057 ], [ -122.063827, 37.684068 ], [ -122.063898, 37.684077 ], [ -122.064352, 37.684161 ], [ -122.064913, 37.684788 ], [ -122.064822, 37.684836 ], [ -122.064796, 37.684863 ], [ -122.064325, 37.68476 ], [ -122.064268, 37.684955 ], [ -122.064648, 37.685029 ], [ -122.064372, 37.685406 ], [ -122.064553, 37.685443 ], [ -122.064662, 37.685464 ], [ -122.065115, 37.685553 ], [ -122.065012, 37.685629 ], [ -122.064977, 37.685662 ], [ -122.064874, 37.685745 ], [ -122.06477, 37.685805 ], [ -122.064728, 37.685833 ], [ -122.064668, 37.685864 ], [ -122.064604, 37.685899 ], [ -122.064542, 37.685926 ], [ -122.064507, 37.685937 ], [ -122.064454, 37.68596 ], [ -122.064424, 37.685973 ], [ -122.064383, 37.685992 ], [ -122.064333, 37.686004 ], [ -122.064321, 37.686008 ], [ -122.064302, 37.686011 ], [ -122.064079, 37.686052 ], [ -122.063933, 37.686052 ], [ -122.063878, 37.686041 ], [ -122.063816, 37.686047 ], [ -122.063733, 37.686036 ], [ -122.063671, 37.686019 ], [ -122.063525, 37.685997 ], [ -122.063484, 37.685997 ], [ -122.063433, 37.685985 ], [ -122.063387, 37.685975 ], [ -122.063294, 37.685964 ], [ -122.063249, 37.685959 ], [ -122.063217, 37.685948 ], [ -122.063201, 37.685942 ], [ -122.063159, 37.685937 ], [ -122.063097, 37.68592 ], [ -122.063014, 37.685898 ], [ -122.062972, 37.685882 ], [ -122.062855, 37.685855 ], [ -122.062807, 37.685833 ], [ -122.062743, 37.685816 ], [ -122.062625, 37.685784 ], [ -122.062578, 37.685783 ], [ -122.062537, 37.685778 ], [ -122.062495, 37.685778 ], [ -122.062426, 37.685789 ], [ -122.062385, 37.685789 ], [ -122.06224, 37.685838 ], [ -122.062164, 37.685893 ], [ -122.062136, 37.685926 ], [ -122.062088, 37.685953 ], [ -122.062011, 37.686019 ], [ -122.061956, 37.68608 ], [ -122.061929, 37.686135 ], [ -122.061901, 37.686168 ], [ -122.061839, 37.686267 ], [ -122.06179, 37.686354 ], [ -122.061777, 37.686387 ], [ -122.061714, 37.68647 ], [ -122.061687, 37.686563 ], [ -122.061604, 37.686761 ], [ -122.061597, 37.686794 ], [ -122.061569, 37.686843 ], [ -122.061562, 37.686876 ], [ -122.061514, 37.686992 ], [ -122.061514, 37.68703 ], [ -122.061486, 37.687069 ], [ -122.061472, 37.687113 ], [ -122.061424, 37.687211 ], [ -122.06141, 37.687255 ], [ -122.061369, 37.687343 ], [ -122.061369, 37.687371 ], [ -122.061355, 37.68742 ], [ -122.061327, 37.687486 ], [ -122.061286, 37.687558 ], [ -122.061279, 37.687607 ], [ -122.061251, 37.687673 ], [ -122.061182, 37.687805 ], [ -122.061168, 37.68786 ], [ -122.061154, 37.687887 ], [ -122.061147, 37.687915 ], [ -122.06112, 37.68797 ], [ -122.061064, 37.688151 ], [ -122.060995, 37.688288 ], [ -122.060988, 37.688321 ], [ -122.060954, 37.688415 ], [ -122.060919, 37.68847 ], [ -122.060905, 37.688503 ], [ -122.060843, 37.688618 ], [ -122.060808, 37.688656 ], [ -122.060795, 37.688689 ], [ -122.060774, 37.688722 ], [ -122.06076, 37.688755 ], [ -122.060726, 37.688805 ], [ -122.060705, 37.68886 ], [ -122.060622, 37.689019 ], [ -122.060567, 37.68909 ], [ -122.060525, 37.689195 ], [ -122.060518, 37.689239 ], [ -122.06049, 37.689283 ], [ -122.060477, 37.689316 ], [ -122.060428, 37.689365 ], [ -122.06038, 37.689448 ], [ -122.060318, 37.689546 ], [ -122.060276, 37.689645 ], [ -122.060214, 37.689766 ], [ -122.060198, 37.68979 ], [ -122.060124, 37.689909 ], [ -122.059979, 37.690079 ], [ -122.05993, 37.690162 ], [ -122.059806, 37.690283 ], [ -122.059792, 37.690321 ], [ -122.059751, 37.69037 ], [ -122.05973, 37.690409 ], [ -122.059681, 37.690447 ], [ -122.059605, 37.690568 ], [ -122.059591, 37.690601 ], [ -122.05955, 37.690662 ], [ -122.059502, 37.690717 ], [ -122.059472, 37.690768 ], [ -122.05946, 37.690788 ], [ -122.059433, 37.690821 ], [ -122.059419, 37.690859 ], [ -122.059363, 37.690947 ], [ -122.059325, 37.690985 ], [ -122.059246, 37.691068 ], [ -122.059225, 37.691101 ], [ -122.059156, 37.691184 ], [ -122.059142, 37.691216 ], [ -122.059094, 37.691282 ], [ -122.059073, 37.691343 ], [ -122.059031, 37.691403 ], [ -122.059018, 37.691436 ], [ -122.058962, 37.691524 ], [ -122.058935, 37.691585 ], [ -122.058928, 37.691618 ], [ -122.058906, 37.691648 ], [ -122.058755, 37.691865 ], [ -122.058761, 37.691937 ], [ -122.058769, 37.692024 ], [ -122.058796, 37.692063 ], [ -122.058844, 37.692132 ], [ -122.058865, 37.692163 ], [ -122.058884, 37.692192 ], [ -122.058916, 37.692232 ], [ -122.058948, 37.692271 ], [ -122.05902, 37.692302 ], [ -122.059135, 37.692354 ], [ -122.059522, 37.692447 ], [ -122.059539, 37.692448 ], [ -122.059591, 37.692453 ], [ -122.059633, 37.692464 ], [ -122.059674, 37.692469 ], [ -122.059718, 37.692469 ], [ -122.059738, 37.692478 ], [ -122.05982, 37.69248 ], [ -122.059861, 37.692491 ], [ -122.059909, 37.692513 ], [ -122.060061, 37.692623 ], [ -122.060082, 37.692656 ], [ -122.060096, 37.692689 ], [ -122.060144, 37.692771 ], [ -122.060151, 37.692804 ], [ -122.060165, 37.692837 ], [ -122.060179, 37.692903 ], [ -122.060172, 37.692936 ], [ -122.060172, 37.693057 ], [ -122.060179, 37.69309 ], [ -122.060153, 37.693162 ], [ -122.060137, 37.693204 ], [ -122.060131, 37.693238 ], [ -122.06011, 37.693293 ], [ -122.060089, 37.693326 ], [ -122.060082, 37.693359 ], [ -122.060027, 37.69348 ], [ -122.059985, 37.693557 ], [ -122.059972, 37.69359 ], [ -122.059948, 37.693598 ], [ -122.059569, 37.693686 ], [ -122.05919, 37.693757 ], [ -122.058727, 37.693832 ], [ -122.058358, 37.693883 ], [ -122.058061, 37.693915 ], [ -122.057735, 37.693944 ], [ -122.057417, 37.693955 ], [ -122.056963, 37.693962 ], [ -122.056773, 37.693958 ], [ -122.056466, 37.693943 ], [ -122.056385, 37.69394 ], [ -122.056072, 37.693926 ], [ -122.055885, 37.693911 ], [ -122.054979, 37.693818 ], [ -122.054485, 37.693768 ], [ -122.054301, 37.693749 ], [ -122.053981, 37.693709 ], [ -122.053746, 37.69368 ], [ -122.053386, 37.693636 ], [ -122.052817, 37.6936 ], [ -122.052467, 37.693587 ], [ -122.052193, 37.693577 ], [ -122.051961, 37.693582 ], [ -122.051832, 37.693585 ], [ -122.051492, 37.693597 ], [ -122.051273, 37.693606 ], [ -122.050799, 37.693638 ], [ -122.050372, 37.693691 ], [ -122.050092, 37.693732 ], [ -122.049831, 37.693772 ], [ -122.049631, 37.693813 ], [ -122.049279, 37.693885 ], [ -122.049025, 37.693944 ], [ -122.048921, 37.693969 ], [ -122.048737, 37.694016 ], [ -122.048473, 37.69409 ], [ -122.048138, 37.694205 ], [ -122.04791, 37.694279 ], [ -122.047651, 37.694379 ], [ -122.047313, 37.69452 ], [ -122.046879, 37.694715 ], [ -122.046857, 37.694726 ], [ -122.046238, 37.695057 ], [ -122.046034, 37.695171 ], [ -122.045807, 37.695299 ], [ -122.045441, 37.695544 ], [ -122.045343, 37.69561 ], [ -122.045284, 37.695662 ], [ -122.045253, 37.695682 ], [ -122.045134, 37.69576 ], [ -122.045122, 37.695769 ], [ -122.045108, 37.695779 ], [ -122.045094, 37.695791 ], [ -122.045061, 37.695816 ], [ -122.045011, 37.695854 ], [ -122.044851, 37.695976 ], [ -122.044796, 37.696017 ], [ -122.044626, 37.695898 ], [ -122.044522, 37.695734 ], [ -122.044225, 37.695047 ], [ -122.044169, 37.694878 ], [ -122.044209, 37.694754 ], [ -122.044338, 37.694479 ], [ -122.044384, 37.694181 ], [ -122.044371, 37.693783 ], [ -122.044358, 37.693392 ], [ -122.044364, 37.693008 ], [ -122.044451, 37.692544 ], [ -122.044459, 37.69253 ], [ -122.044478, 37.692495 ], [ -122.04461, 37.692266 ], [ -122.044649, 37.69216 ], [ -122.044659, 37.692144 ], [ -122.044694, 37.692091 ], [ -122.044901, 37.691782 ], [ -122.045153, 37.691682 ], [ -122.045299, 37.691663 ], [ -122.045531, 37.691769 ], [ -122.045671, 37.691932 ], [ -122.045856, 37.69202 ], [ -122.04604, 37.692032 ], [ -122.046134, 37.692013 ], [ -122.046601, 37.691523 ], [ -122.046634, 37.691493 ], [ -122.046937, 37.691216 ], [ -122.047274, 37.690937 ], [ -122.047214, 37.690317 ], [ -122.047212, 37.690304 ], [ -122.047151, 37.689666 ], [ -122.046877, 37.688968 ], [ -122.046777, 37.688896 ], [ -122.046729, 37.688855 ], [ -122.046586, 37.688733 ], [ -122.046539, 37.688693 ], [ -122.046439, 37.68863 ], [ -122.046292, 37.688595 ], [ -122.046021, 37.688532 ], [ -122.045761, 37.688471 ], [ -122.045561, 37.688306 ], [ -122.045442, 37.688208 ], [ -122.045355, 37.688136 ], [ -122.045272, 37.688051 ], [ -122.045177, 37.687954 ], [ -122.045146, 37.687922 ], [ -122.045023, 37.687796 ], [ -122.044963, 37.687734 ], [ -122.044941, 37.687712 ], [ -122.044666, 37.687554 ], [ -122.044267, 37.687325 ], [ -122.04398, 37.686997 ], [ -122.043944, 37.686955 ], [ -122.043736, 37.686717 ], [ -122.043615, 37.686588 ], [ -122.043382, 37.685705 ], [ -122.043238, 37.685252 ], [ -122.043019, 37.684558 ], [ -122.043009, 37.684527 ], [ -122.04259, 37.683312 ], [ -122.042032, 37.68206 ], [ -122.041795, 37.68172 ], [ -122.041519, 37.681324 ], [ -122.041348, 37.680986 ], [ -122.041132, 37.680559 ], [ -122.040966, 37.680012 ], [ -122.040785, 37.679371 ], [ -122.040572, 37.679631 ], [ -122.03961, 37.679596 ], [ -122.039332, 37.679587 ], [ -122.038955, 37.679573 ], [ -122.038739, 37.67954 ], [ -122.033292, 37.678713 ], [ -122.032862, 37.678648 ], [ -122.03259, 37.678692 ], [ -122.031598, 37.678855 ], [ -122.031516, 37.678779 ], [ -122.031346, 37.678644 ], [ -122.030987, 37.678405 ], [ -122.030419, 37.67806 ], [ -122.030081, 37.677834 ], [ -122.029989, 37.677772 ], [ -122.029845, 37.677663 ], [ -122.029781, 37.677604 ], [ -122.02968, 37.677484 ], [ -122.029616, 37.677395 ], [ -122.029541, 37.677273 ], [ -122.029475, 37.677144 ], [ -122.029461, 37.677103 ], [ -122.029432, 37.676997 ], [ -122.029409, 37.676868 ], [ -122.029407, 37.676839 ], [ -122.029403, 37.67663 ], [ -122.029425, 37.67649 ], [ -122.02946, 37.676364 ], [ -122.029519, 37.676225 ], [ -122.029603, 37.676081 ], [ -122.029692, 37.67596 ], [ -122.029747, 37.6759 ], [ -122.029816, 37.675835 ], [ -122.029861, 37.675797 ], [ -122.029823, 37.675737 ], [ -122.029765, 37.675785 ], [ -122.029689, 37.675861 ], [ -122.029589, 37.675982 ], [ -122.02953, 37.676063 ], [ -122.029469, 37.676168 ], [ -122.029421, 37.676269 ], [ -122.029379, 37.676377 ], [ -122.029361, 37.676447 ], [ -122.029355, 37.676476 ], [ -122.029339, 37.676609 ], [ -122.029334, 37.676746 ], [ -122.029343, 37.676871 ], [ -122.028959, 37.676895 ], [ -122.02905, 37.676688 ], [ -122.029082, 37.676616 ], [ -122.029217, 37.67634 ], [ -122.029252, 37.676254 ], [ -122.029288, 37.67614 ], [ -122.029301, 37.676018 ], [ -122.029297, 37.675935 ], [ -122.029286, 37.675853 ], [ -122.029266, 37.675797 ], [ -122.02925, 37.67577 ], [ -122.029219, 37.675736 ], [ -122.029189, 37.675711 ], [ -122.029096, 37.675654 ], [ -122.029023, 37.675621 ], [ -122.028895, 37.675573 ], [ -122.028777, 37.675538 ], [ -122.028727, 37.675522 ], [ -122.028697, 37.675499 ], [ -122.028673, 37.675468 ], [ -122.028656, 37.675425 ], [ -122.028641, 37.675348 ], [ -122.028635, 37.675285 ], [ -122.028639, 37.675217 ], [ -122.028654, 37.675166 ], [ -122.028707, 37.675083 ], [ -122.028797, 37.675002 ], [ -122.028846, 37.674969 ], [ -122.028942, 37.67492 ], [ -122.029052, 37.674874 ], [ -122.029168, 37.674839 ], [ -122.029245, 37.674821 ], [ -122.029169, 37.674701 ], [ -122.030032, 37.674479 ], [ -122.029539, 37.673895 ], [ -122.029075, 37.673346 ], [ -122.029, 37.673178 ], [ -122.028933, 37.673029 ], [ -122.02877, 37.672678 ], [ -122.028694, 37.672512 ], [ -122.028398, 37.671779 ], [ -122.027641, 37.669909 ], [ -122.02751, 37.669583 ], [ -122.027394, 37.669296 ], [ -122.027385, 37.669273 ], [ -122.027215, 37.668851 ], [ -122.027049, 37.668251 ], [ -122.027016, 37.668131 ], [ -122.026815, 37.667406 ], [ -122.026551, 37.666449 ], [ -122.026274, 37.66651 ], [ -122.026171, 37.666533 ], [ -122.02608, 37.666553 ], [ -122.024243, 37.664153 ], [ -122.023333, 37.662963 ], [ -122.020604, 37.661969 ], [ -122.019835, 37.661688 ], [ -122.02371, 37.662052 ], [ -122.023973, 37.662077 ], [ -122.024262, 37.661369 ], [ -122.024254, 37.661269 ], [ -122.024264, 37.661168 ], [ -122.024539, 37.660474 ], [ -122.024867, 37.659646 ], [ -122.025247, 37.658647 ], [ -122.025475, 37.658342 ], [ -122.026546, 37.656865 ], [ -122.026747, 37.656641 ], [ -122.027491, 37.655811 ], [ -122.027536, 37.655762 ], [ -122.027837, 37.655913 ], [ -122.028439, 37.656213 ], [ -122.028842, 37.656412 ], [ -122.028994, 37.656496 ], [ -122.029543, 37.656415 ], [ -122.030181, 37.656322 ], [ -122.031225, 37.656632 ], [ -122.032193, 37.656924 ], [ -122.033884, 37.657435 ], [ -122.034886, 37.657737 ], [ -122.036267, 37.658491 ], [ -122.03654, 37.658631 ], [ -122.036615, 37.65867 ], [ -122.036568, 37.65868 ], [ -122.035695, 37.658856 ], [ -122.035494, 37.658895 ], [ -122.035277, 37.658937 ], [ -122.034438, 37.659099 ], [ -122.032872, 37.659406 ], [ -122.03265, 37.659449 ], [ -122.032692, 37.659608 ], [ -122.032715, 37.6597 ], [ -122.032815, 37.660096 ], [ -122.032859, 37.660269 ], [ -122.032375, 37.660728 ], [ -122.03175, 37.660603 ], [ -122.031167, 37.660487 ], [ -122.031154, 37.660499 ], [ -122.030697, 37.660677 ], [ -122.031021, 37.661196 ], [ -122.031161, 37.661419 ], [ -122.030827, 37.661415 ], [ -122.030785, 37.661417 ], [ -122.029811, 37.661547 ], [ -122.029419, 37.661597 ], [ -122.029524, 37.662006 ], [ -122.02957, 37.662105 ], [ -122.029486, 37.662121 ], [ -122.029429, 37.662137 ], [ -122.029331, 37.662167 ], [ -122.029016, 37.662309 ], [ -122.028896, 37.662349 ], [ -122.028793, 37.662364 ], [ -122.028739, 37.662368 ], [ -122.028612, 37.662355 ], [ -122.028496, 37.662332 ], [ -122.028267, 37.662262 ], [ -122.028234, 37.662255 ], [ -122.028134, 37.662236 ], [ -122.028032, 37.662238 ], [ -122.027943, 37.662257 ], [ -122.027832, 37.662306 ], [ -122.027806, 37.662387 ], [ -122.027724, 37.662536 ], [ -122.027356, 37.663208 ], [ -122.027234, 37.663432 ], [ -122.027397, 37.663621 ], [ -122.027414, 37.663641 ], [ -122.027557, 37.663872 ], [ -122.027759, 37.664278 ], [ -122.027871, 37.664503 ], [ -122.027909, 37.664641 ], [ -122.027928, 37.664758 ], [ -122.027937, 37.664891 ], [ -122.027928, 37.665 ], [ -122.027919, 37.665026 ], [ -122.027901, 37.665085 ], [ -122.027847, 37.665215 ], [ -122.027701, 37.665505 ], [ -122.027607, 37.665716 ], [ -122.027568, 37.665907 ], [ -122.027595, 37.666155 ], [ -122.027708, 37.666532 ], [ -122.027801, 37.666842 ], [ -122.027863, 37.667041 ], [ -122.02796, 37.66735 ], [ -122.027967, 37.66737 ], [ -122.028008, 37.667481 ], [ -122.02993, 37.66692 ], [ -122.031557, 37.66644 ], [ -122.031963, 37.666321 ], [ -122.032184, 37.666726 ], [ -122.032592, 37.666574 ], [ -122.034993, 37.665634 ], [ -122.036016, 37.665231 ], [ -122.036313, 37.665113 ], [ -122.037558, 37.665399 ], [ -122.037698, 37.665375 ], [ -122.037916, 37.66534 ], [ -122.039605, 37.664843 ], [ -122.039986, 37.664738 ], [ -122.040331, 37.664638 ], [ -122.040483, 37.664595 ], [ -122.040615, 37.664558 ], [ -122.041012, 37.664445 ], [ -122.040932, 37.664926 ], [ -122.040874, 37.665274 ], [ -122.040866, 37.665321 ], [ -122.040856, 37.66538 ], [ -122.041052, 37.665341 ], [ -122.04131, 37.665288 ], [ -122.04197, 37.665149 ], [ -122.042696, 37.665042 ], [ -122.042915, 37.665011 ], [ -122.04355, 37.664965 ], [ -122.04538, 37.664826 ], [ -122.046318, 37.664758 ], [ -122.046191, 37.665186 ], [ -122.046628, 37.66542 ], [ -122.046789, 37.665457 ], [ -122.046914, 37.665485 ], [ -122.047045, 37.665526 ], [ -122.047153, 37.665564 ], [ -122.047201, 37.665568 ], [ -122.047362, 37.66569 ], [ -122.048501, 37.665759 ], [ -122.049054, 37.665276 ], [ -122.049122, 37.665273 ], [ -122.049226, 37.665262 ], [ -122.050477, 37.665554 ], [ -122.050511, 37.665637 ], [ -122.050542, 37.665648 ], [ -122.050923, 37.666 ], [ -122.051512, 37.666101 ], [ -122.052129, 37.666449 ], [ -122.05228, 37.666472 ], [ -122.05233, 37.666627 ], [ -122.052546, 37.666742 ], [ -122.052904, 37.666933 ], [ -122.053281, 37.66678 ], [ -122.053338, 37.666756 ], [ -122.053627, 37.666641 ], [ -122.053693, 37.666635 ], [ -122.053729, 37.666631 ], [ -122.054179, 37.666591 ], [ -122.054288, 37.666419 ], [ -122.054762, 37.667001 ], [ -122.055027, 37.667327 ], [ -122.055378, 37.667758 ], [ -122.055523, 37.667727 ], [ -122.055704, 37.667684 ], [ -122.056249, 37.667559 ], [ -122.056431, 37.667518 ], [ -122.056553, 37.667493 ], [ -122.056722, 37.66746 ], [ -122.056918, 37.667415 ], [ -122.05704, 37.667388 ], [ -122.057282, 37.667338 ], [ -122.057918, 37.66721 ], [ -122.058012, 37.667197 ], [ -122.058109, 37.667184 ], [ -122.058173, 37.667185 ], [ -122.058145, 37.666968 ], [ -122.058693, 37.666673 ], [ -122.059234, 37.666381 ], [ -122.059305, 37.666343 ], [ -122.059434, 37.666372 ], [ -122.059612, 37.666412 ], [ -122.059908, 37.666498 ], [ -122.059998, 37.666537 ], [ -122.06009, 37.666605 ], [ -122.060154, 37.666674 ], [ -122.060178, 37.666712 ], [ -122.060213, 37.666807 ], [ -122.060217, 37.666839 ], [ -122.060217, 37.667113 ], [ -122.060217, 37.667267 ], [ -122.060228, 37.66753 ], [ -122.060582, 37.66759 ], [ -122.061114, 37.667682 ], [ -122.061234, 37.667696 ], [ -122.06146, 37.667736 ], [ -122.06164, 37.667789 ], [ -122.06198, 37.667909 ], [ -122.062018, 37.66794 ], [ -122.062027, 37.667947 ], [ -122.062186, 37.667993 ], [ -122.062532, 37.668121 ], [ -122.062989, 37.668286 ], [ -122.063447, 37.668456 ], [ -122.063594, 37.66851 ], [ -122.063834, 37.668598 ], [ -122.063893, 37.668623 ], [ -122.063968, 37.668655 ], [ -122.064158, 37.668724 ], [ -122.064323, 37.668768 ], [ -122.064399, 37.668783 ], [ -122.064534, 37.668795 ], [ -122.064596, 37.668791 ], [ -122.064826, 37.66878 ], [ -122.065146, 37.668766 ], [ -122.065429, 37.668752 ], [ -122.065511, 37.668749 ], [ -122.065904, 37.668717 ], [ -122.065907, 37.668763 ], [ -122.065909, 37.668803 ], [ -122.065845, 37.669189 ], [ -122.065523, 37.669178 ], [ -122.065263, 37.670532 ], [ -122.06523, 37.670697 ], [ -122.065216, 37.670768 ], [ -122.065271, 37.670793 ], [ -122.064933, 37.67149 ], [ -122.064903, 37.671665 ], [ -122.066049, 37.671804 ], [ -122.066795, 37.671896 ], [ -122.067048, 37.67193 ], [ -122.066992, 37.672329 ], [ -122.066987, 37.672371 ], [ -122.067159, 37.672391 ], [ -122.067276, 37.672404 ], [ -122.067998, 37.672488 ], [ -122.068424, 37.672536 ], [ -122.068678, 37.672566 ], [ -122.069784, 37.672701 ], [ -122.071868, 37.672933 ], [ -122.072414, 37.672994 ], [ -122.072708, 37.673037 ], [ -122.07282, 37.673047 ], [ -122.073017, 37.673055 ] ] ] ] } },
{ "type": "Feature", "properties": { "NAME": "San Lorenzo" }, "geometry": { "type": "MultiPolygon", "coordinates": [ [ [ [ -122.162676, 37.667297 ], [ -122.162451, 37.66734 ], [ -122.161705, 37.667748 ], [ -122.160734, 37.668296 ], [ -122.158832, 37.669265 ], [ -122.15799, 37.669691 ], [ -122.157899, 37.669737 ], [ -122.157733, 37.669491 ], [ -122.157518, 37.669611 ], [ -122.157498, 37.669622 ], [ -122.156671, 37.670084 ], [ -122.15628, 37.67034 ], [ -122.155109, 37.67111 ], [ -122.155061, 37.671141 ], [ -122.155189, 37.671833 ], [ -122.155416, 37.67309 ], [ -122.155485, 37.673516 ], [ -122.155564, 37.673996 ], [ -122.154567, 37.6746 ], [ -122.154498, 37.674643 ], [ -122.15434, 37.674744 ], [ -122.154468, 37.674886 ], [ -122.154651, 37.675088 ], [ -122.154719, 37.675163 ], [ -122.15464, 37.6752 ], [ -122.154555, 37.675241 ], [ -122.154406, 37.675313 ], [ -122.154328, 37.675351 ], [ -122.154081, 37.675469 ], [ -122.153697, 37.675654 ], [ -122.153258, 37.675867 ], [ -122.152902, 37.676034 ], [ -122.152695, 37.676113 ], [ -122.152183, 37.676316 ], [ -122.151778, 37.676502 ], [ -122.151194, 37.676772 ], [ -122.151143, 37.676795 ], [ -122.150992, 37.676863 ], [ -122.148765, 37.677839 ], [ -122.147063, 37.678586 ], [ -122.14498, 37.679724 ], [ -122.144489, 37.680058 ], [ -122.144428, 37.680167 ], [ -122.144319, 37.680333 ], [ -122.14425, 37.680439 ], [ -122.144203, 37.680775 ], [ -122.144125, 37.681274 ], [ -122.143805, 37.681719 ], [ -122.143407, 37.681929 ], [ -122.142369, 37.682427 ], [ -122.141909, 37.682749 ], [ -122.141521, 37.683147 ], [ -122.141303, 37.683402 ], [ -122.140917, 37.683882 ], [ -122.140724, 37.684094 ], [ -122.140512, 37.684205 ], [ -122.140031, 37.684367 ], [ -122.138716, 37.684782 ], [ -122.138619, 37.684827 ], [ -122.138548, 37.684849 ], [ -122.138321, 37.684869 ], [ -122.137827, 37.684765 ], [ -122.137239, 37.684568 ], [ -122.137102, 37.684533 ], [ -122.13688, 37.684498 ], [ -122.136507, 37.684464 ], [ -122.13631, 37.684468 ], [ -122.136218, 37.684471 ], [ -122.136065, 37.684475 ], [ -122.135636, 37.68451 ], [ -122.135403, 37.684521 ], [ -122.135135, 37.684506 ], [ -122.134645, 37.684464 ], [ -122.13437, 37.68443 ], [ -122.13409, 37.684441 ], [ -122.133815, 37.684514 ], [ -122.13365, 37.684629 ], [ -122.133444, 37.684778 ], [ -122.133291, 37.684885 ], [ -122.133011, 37.684992 ], [ -122.132441, 37.68508 ], [ -122.131779, 37.685187 ], [ -122.131393, 37.685195 ], [ -122.131033, 37.685069 ], [ -122.130782, 37.684906 ], [ -122.130532, 37.684701 ], [ -122.130276, 37.684525 ], [ -122.129987, 37.684453 ], [ -122.129954, 37.684439 ], [ -122.129891, 37.684422 ], [ -122.129866, 37.684423 ], [ -122.129738, 37.684431 ], [ -122.129704, 37.684433 ], [ -122.129483, 37.684427 ], [ -122.129324, 37.684433 ], [ -122.129185, 37.684394 ], [ -122.129061, 37.684372 ], [ -122.129, 37.684386 ], [ -122.128949, 37.684603 ], [ -122.128877, 37.684708 ], [ -122.12877, 37.684794 ], [ -122.128656, 37.684938 ], [ -122.128504, 37.685047 ], [ -122.128342, 37.685117 ], [ -122.128297, 37.685137 ], [ -122.128138, 37.685174 ], [ -122.12789, 37.685215 ], [ -122.127515, 37.685207 ], [ -122.127339, 37.685195 ], [ -122.127111, 37.685152 ], [ -122.126935, 37.685139 ], [ -122.126738, 37.685177 ], [ -122.126566, 37.68524 ], [ -122.12636, 37.685336 ], [ -122.126159, 37.6855 ], [ -122.125958, 37.685668 ], [ -122.12573, 37.685786 ], [ -122.125459, 37.685856 ], [ -122.125245, 37.685881 ], [ -122.124953, 37.685844 ], [ -122.124666, 37.685816 ], [ -122.124456, 37.685794 ], [ -122.124231, 37.685781 ], [ -122.124034, 37.685823 ], [ -122.123921, 37.685856 ], [ -122.123656, 37.685877 ], [ -122.123409, 37.685898 ], [ -122.123145, 37.685894 ], [ -122.122763, 37.685881 ], [ -122.122386, 37.68589 ], [ -122.122193, 37.685863 ], [ -122.121704, 37.685428 ], [ -122.120775, 37.684604 ], [ -122.120238, 37.684126 ], [ -122.119792, 37.683729 ], [ -122.11975, 37.683691 ], [ -122.11895, 37.683011 ], [ -122.118529, 37.682644 ], [ -122.118017, 37.682197 ], [ -122.116512, 37.680877 ], [ -122.115625, 37.680083 ], [ -122.115016, 37.679573 ], [ -122.11491, 37.679459 ], [ -122.114753, 37.67929 ], [ -122.114045, 37.678669 ], [ -122.113718, 37.678382 ], [ -122.113472, 37.678166 ], [ -122.112734, 37.677518 ], [ -122.112488, 37.677303 ], [ -122.112135, 37.676991 ], [ -122.111768, 37.676667 ], [ -122.111078, 37.676056 ], [ -122.110767, 37.675781 ], [ -122.11074, 37.675757 ], [ -122.110726, 37.675744 ], [ -122.110291, 37.675372 ], [ -122.10972, 37.674885 ], [ -122.109158, 37.67437 ], [ -122.109003, 37.67424 ], [ -122.108566, 37.673873 ], [ -122.1084, 37.673725 ], [ -122.108108, 37.673465 ], [ -122.107903, 37.673285 ], [ -122.107737, 37.67314 ], [ -122.107628, 37.673043 ], [ -122.107301, 37.672755 ], [ -122.107271, 37.672729 ], [ -122.107357, 37.672664 ], [ -122.107551, 37.672524 ], [ -122.107716, 37.672405 ], [ -122.108884, 37.671562 ], [ -122.108946, 37.671519 ], [ -122.108455, 37.671073 ], [ -122.108272, 37.670907 ], [ -122.108024, 37.670689 ], [ -122.10728, 37.670035 ], [ -122.107033, 37.669818 ], [ -122.106891, 37.669696 ], [ -122.106465, 37.66933 ], [ -122.106324, 37.669209 ], [ -122.106179, 37.669083 ], [ -122.105747, 37.668706 ], [ -122.105603, 37.668581 ], [ -122.105203, 37.668232 ], [ -122.105127, 37.668166 ], [ -122.104876, 37.667949 ], [ -122.10436, 37.6675 ], [ -122.103991, 37.667205 ], [ -122.103959, 37.667179 ], [ -122.103684, 37.66694 ], [ -122.103594, 37.666856 ], [ -122.103555, 37.66682 ], [ -122.103519, 37.666786 ], [ -122.103461, 37.666716 ], [ -122.103452, 37.666701 ], [ -122.103427, 37.666655 ], [ -122.103503, 37.666655 ], [ -122.103548, 37.666655 ], [ -122.103624, 37.666655 ], [ -122.103732, 37.666655 ], [ -122.103809, 37.666655 ], [ -122.103965, 37.666649 ], [ -122.104433, 37.666634 ], [ -122.104498, 37.666632 ], [ -122.104589, 37.666627 ], [ -122.104934, 37.666595 ], [ -122.105249, 37.666585 ], [ -122.105469, 37.666583 ], [ -122.105775, 37.66658 ], [ -122.106292, 37.666562 ], [ -122.106331, 37.667027 ], [ -122.106596, 37.667021 ], [ -122.106604, 37.667079 ], [ -122.107051, 37.66691 ], [ -122.107027, 37.666871 ], [ -122.106861, 37.666574 ], [ -122.106786, 37.666439 ], [ -122.106865, 37.666433 ], [ -122.10697, 37.666427 ], [ -122.107102, 37.666416 ], [ -122.107182, 37.66641 ], [ -122.107268, 37.666402 ], [ -122.107355, 37.666396 ], [ -122.107479, 37.666381 ], [ -122.107527, 37.666376 ], [ -122.107614, 37.666368 ], [ -122.107778, 37.666352 ], [ -122.107946, 37.666337 ], [ -122.108127, 37.666318 ], [ -122.108129, 37.666334 ], [ -122.108162, 37.666405 ], [ -122.108243, 37.66656 ], [ -122.108392, 37.666863 ], [ -122.108474, 37.666977 ], [ -122.10849, 37.667005 ], [ -122.108555, 37.667119 ], [ -122.108697, 37.667373 ], [ -122.108785, 37.667542 ], [ -122.108914, 37.667807 ], [ -122.109059, 37.668124 ], [ -122.109239, 37.668057 ], [ -122.109432, 37.667981 ], [ -122.10928, 37.667743 ], [ -122.109094, 37.667464 ], [ -122.109257, 37.667401 ], [ -122.10979, 37.667195 ], [ -122.109697, 37.667044 ], [ -122.109216, 37.666264 ], [ -122.109488, 37.66625 ], [ -122.109995, 37.666217 ], [ -122.110153, 37.666209 ], [ -122.11063, 37.666185 ], [ -122.110789, 37.666178 ], [ -122.111074, 37.66616 ], [ -122.111562, 37.66613 ], [ -122.111932, 37.666112 ], [ -122.11205, 37.666107 ], [ -122.112616, 37.66704 ], [ -122.113106, 37.666856 ], [ -122.112965, 37.666622 ], [ -122.112634, 37.666073 ], [ -122.112698, 37.666069 ], [ -122.112808, 37.666062 ], [ -122.112832, 37.666061 ], [ -122.113054, 37.666053 ], [ -122.11314, 37.666046 ], [ -122.113251, 37.666039 ], [ -122.113936, 37.665997 ], [ -122.115121, 37.665927 ], [ -122.115995, 37.665892 ], [ -122.116261, 37.665882 ], [ -122.116682, 37.66586 ], [ -122.116981, 37.665844 ], [ -122.117183, 37.665834 ], [ -122.117456, 37.665818 ], [ -122.117523, 37.665812 ], [ -122.117588, 37.665798 ], [ -122.117664, 37.665784 ], [ -122.117745, 37.66576 ], [ -122.117864, 37.665711 ], [ -122.117977, 37.665665 ], [ -122.118141, 37.665596 ], [ -122.118281, 37.665821 ], [ -122.118333, 37.665904 ], [ -122.118401, 37.666021 ], [ -122.118591, 37.666327 ], [ -122.118696, 37.666502 ], [ -122.118833, 37.66673 ], [ -122.118936, 37.666895 ], [ -122.119248, 37.66739 ], [ -122.119352, 37.667556 ], [ -122.119381, 37.6676 ], [ -122.119472, 37.667733 ], [ -122.1195, 37.667778 ], [ -122.119699, 37.668082 ], [ -122.120098, 37.668712 ], [ -122.120204, 37.668891 ], [ -122.120239, 37.66895 ], [ -122.120331, 37.669105 ], [ -122.12053, 37.669425 ], [ -122.120641, 37.669602 ], [ -122.120685, 37.669672 ], [ -122.12075, 37.669776 ], [ -122.122003, 37.669279 ], [ -122.123428, 37.668714 ], [ -122.123068, 37.668133 ], [ -122.123137, 37.668067 ], [ -122.123157, 37.668071 ], [ -122.12318, 37.668074 ], [ -122.12341, 37.668071 ], [ -122.123945, 37.668043 ], [ -122.124093, 37.668033 ], [ -122.12454, 37.668004 ], [ -122.124689, 37.667995 ], [ -122.124838, 37.667984 ], [ -122.125284, 37.667954 ], [ -122.125434, 37.667944 ], [ -122.125529, 37.667939 ], [ -122.125815, 37.667925 ], [ -122.125911, 37.667921 ], [ -122.126033, 37.667914 ], [ -122.126399, 37.667893 ], [ -122.126522, 37.667887 ], [ -122.126634, 37.66788 ], [ -122.126972, 37.667861 ], [ -122.127085, 37.667855 ], [ -122.127269, 37.667834 ], [ -122.127615, 37.667796 ], [ -122.127905, 37.667862 ], [ -122.127848, 37.667076 ], [ -122.127746, 37.665952 ], [ -122.127675, 37.665182 ], [ -122.130957, 37.664992 ], [ -122.133242, 37.664863 ], [ -122.133684, 37.66484 ], [ -122.133823, 37.664793 ], [ -122.134385, 37.6646 ], [ -122.134466, 37.664572 ], [ -122.134462, 37.664475 ], [ -122.134365, 37.662797 ], [ -122.134721, 37.662775 ], [ -122.139274, 37.662528 ], [ -122.140582, 37.662767 ], [ -122.143591, 37.663315 ], [ -122.14375, 37.663346 ], [ -122.143868, 37.66347 ], [ -122.144065, 37.663682 ], [ -122.144106, 37.663726 ], [ -122.144984, 37.664671 ], [ -122.145291, 37.665001 ], [ -122.145447, 37.66517 ], [ -122.145871, 37.665627 ], [ -122.145918, 37.665677 ], [ -122.146017, 37.665627 ], [ -122.146534, 37.665366 ], [ -122.148501, 37.664441 ], [ -122.149452, 37.663995 ], [ -122.149707, 37.663475 ], [ -122.150155, 37.663209 ], [ -122.150864, 37.662784 ], [ -122.151552, 37.663291 ], [ -122.152432, 37.663953 ], [ -122.153447, 37.663941 ], [ -122.15374, 37.663815 ], [ -122.154293, 37.663807 ], [ -122.154402, 37.663849 ], [ -122.156037, 37.663807 ], [ -122.156113, 37.663781 ], [ -122.156666, 37.663748 ], [ -122.157022, 37.663786 ], [ -122.157739, 37.663852 ], [ -122.15789, 37.663792 ], [ -122.158214, 37.663886 ], [ -122.158457, 37.663879 ], [ -122.158454, 37.663858 ], [ -122.159463, 37.663846 ], [ -122.160621, 37.663829 ], [ -122.161554, 37.663809 ], [ -122.163603, 37.667121 ], [ -122.162676, 37.667297 ] ] ] ] } },
{ "type": "Feature", "properties": { "NAME": "Sunol" }, "geometry": { "type": "MultiPolygon", "coordinates": [ [ [ [ -121.948386, 37.650864 ], [ -121.946331, 37.65088 ], [ -121.943521, 37.650902 ], [ -121.935801, 37.651028 ], [ -121.935485, 37.651033 ], [ -121.935414, 37.651262 ], [ -121.934148, 37.651807 ], [ -121.931633, 37.651019 ], [ -121.931029, 37.650248 ], [ -121.927604, 37.650254 ], [ -121.920398, 37.650269 ], [ -121.914721, 37.650246 ], [ -121.914831, 37.635091 ], [ -121.914783, 37.635099 ], [ -121.914713, 37.634834 ], [ -121.914696, 37.634815 ], [ -121.914793, 37.634764 ], [ -121.914579, 37.634505 ], [ -121.914716, 37.634437 ], [ -121.914739, 37.634342 ], [ -121.91481, 37.633934 ], [ -121.914273, 37.633482 ], [ -121.914091, 37.633218 ], [ -121.914023, 37.633191 ], [ -121.913255, 37.632886 ], [ -121.913071, 37.632747 ], [ -121.912797, 37.632542 ], [ -121.912794, 37.632491 ], [ -121.911612, 37.632478 ], [ -121.910698, 37.632475 ], [ -121.909936, 37.628545 ], [ -121.909546, 37.626521 ], [ -121.909481, 37.626197 ], [ -121.908423, 37.625944 ], [ -121.907297, 37.625675 ], [ -121.904998, 37.624102 ], [ -121.90336, 37.622689 ], [ -121.902321, 37.621882 ], [ -121.901871, 37.621424 ], [ -121.901631, 37.620974 ], [ -121.901333, 37.6205 ], [ -121.901251, 37.620381 ], [ -121.897009, 37.621977 ], [ -121.897181, 37.621998 ], [ -121.897253, 37.622007 ], [ -121.898447, 37.622155 ], [ -121.898556, 37.622679 ], [ -121.8979, 37.622916 ], [ -121.896198, 37.623533 ], [ -121.889935, 37.625726 ], [ -121.889811, 37.62355 ], [ -121.889756, 37.622664 ], [ -121.889602, 37.622561 ], [ -121.889539, 37.622519 ], [ -121.889522, 37.622507 ], [ -121.889487, 37.622483 ], [ -121.889396, 37.622422 ], [ -121.888661, 37.621929 ], [ -121.888562, 37.621963 ], [ -121.887167, 37.622438 ], [ -121.886338, 37.622721 ], [ -121.88627, 37.622741 ], [ -121.88617, 37.62277 ], [ -121.886136, 37.62278 ], [ -121.884719, 37.62325 ], [ -121.883547, 37.623283 ], [ -121.882961, 37.623301 ], [ -121.882952, 37.623443 ], [ -121.882945, 37.623544 ], [ -121.882219, 37.623527 ], [ -121.881089, 37.62353 ], [ -121.880803, 37.623535 ], [ -121.880257, 37.623534 ], [ -121.879919, 37.623533 ], [ -121.867789, 37.623553 ], [ -121.8662, 37.623555 ], [ -121.860671, 37.623564 ], [ -121.851752, 37.623579 ], [ -121.850836, 37.62358 ], [ -121.839873, 37.623598 ], [ -121.825044, 37.623622 ], [ -121.823082, 37.623626 ], [ -121.812295, 37.623643 ], [ -121.811543, 37.623645 ], [ -121.811402, 37.623645 ], [ -121.811556, 37.623453 ], [ -121.8129, 37.621767 ], [ -121.811238, 37.620765 ], [ -121.810147, 37.620129 ], [ -121.810006, 37.620047 ], [ -121.810123, 37.619857 ], [ -121.810202, 37.619755 ], [ -121.810526, 37.619335 ], [ -121.810956, 37.618781 ], [ -121.811099, 37.618609 ], [ -121.811233, 37.618481 ], [ -121.811438, 37.618308 ], [ -121.811647, 37.618161 ], [ -121.811955, 37.617995 ], [ -121.812372, 37.617788 ], [ -121.812504, 37.617703 ], [ -121.812571, 37.617661 ], [ -121.812704, 37.617563 ], [ -121.81286, 37.617432 ], [ -121.813034, 37.617258 ], [ -121.813162, 37.617117 ], [ -121.813301, 37.616932 ], [ -121.813569, 37.616538 ], [ -121.813717, 37.616375 ], [ -121.813848, 37.616261 ], [ -121.813969, 37.616177 ], [ -121.814086, 37.616122 ], [ -121.8142, 37.61608 ], [ -121.814294, 37.616052 ], [ -121.814438, 37.616022 ], [ -121.814631, 37.615999 ], [ -121.815038, 37.615974 ], [ -121.815092, 37.615967 ], [ -121.81523, 37.615933 ], [ -121.815369, 37.61589 ], [ -121.815579, 37.615795 ], [ -121.815822, 37.615635 ], [ -121.81602, 37.615443 ], [ -121.816146, 37.61524 ], [ -121.81634, 37.614988 ], [ -121.816576, 37.614837 ], [ -121.817078, 37.614716 ], [ -121.817563, 37.614658 ], [ -121.817718, 37.614619 ], [ -121.818164, 37.614347 ], [ -121.818565, 37.614105 ], [ -121.818662, 37.613992 ], [ -121.81862, 37.613976 ], [ -121.818573, 37.613962 ], [ -121.818517, 37.613958 ], [ -121.818424, 37.613971 ], [ -121.818241, 37.613993 ], [ -121.818021, 37.613993 ], [ -121.817787, 37.613976 ], [ -121.817583, 37.613927 ], [ -121.817307, 37.613842 ], [ -121.817192, 37.61382 ], [ -121.817079, 37.613784 ], [ -121.816952, 37.613743 ], [ -121.816689, 37.613708 ], [ -121.81644, 37.613736 ], [ -121.816357, 37.613805 ], [ -121.816157, 37.613895 ], [ -121.815957, 37.613946 ], [ -121.81581, 37.613902 ], [ -121.815763, 37.613866 ], [ -121.815746, 37.613853 ], [ -121.81567, 37.613761 ], [ -121.815588, 37.613595 ], [ -121.815604, 37.613432 ], [ -121.815645, 37.613231 ], [ -121.815645, 37.613038 ], [ -121.815555, 37.612872 ], [ -121.8155, 37.612775 ], [ -121.815383, 37.612685 ], [ -121.815168, 37.612561 ], [ -121.814823, 37.612339 ], [ -121.814439, 37.611948 ], [ -121.81437, 37.611823 ], [ -121.814287, 37.611709 ], [ -121.814188, 37.611538 ], [ -121.813883, 37.611114 ], [ -121.813798, 37.610865 ], [ -121.813788, 37.610373 ], [ -121.813781, 37.61031 ], [ -121.813757, 37.610085 ], [ -121.813776, 37.609965 ], [ -121.813939, 37.609822 ], [ -121.814219, 37.609565 ], [ -121.814266, 37.609404 ], [ -121.814278, 37.60922 ], [ -121.814312, 37.609036 ], [ -121.81444, 37.60881 ], [ -121.814577, 37.608614 ], [ -121.814701, 37.608395 ], [ -121.814751, 37.608326 ], [ -121.814896, 37.608128 ], [ -121.815104, 37.607907 ], [ -121.815164, 37.607791 ], [ -121.815256, 37.607632 ], [ -121.815382, 37.60751 ], [ -121.815477, 37.607404 ], [ -121.815743, 37.607184 ], [ -121.816018, 37.606981 ], [ -121.816261, 37.606828 ], [ -121.816422, 37.606752 ], [ -121.816605, 37.606711 ], [ -121.817148, 37.606726 ], [ -121.817251, 37.606714 ], [ -121.817411, 37.606676 ], [ -121.81748, 37.606633 ], [ -121.817533, 37.606585 ], [ -121.817572, 37.606534 ], [ -121.817682, 37.606363 ], [ -121.817804, 37.606204 ], [ -121.817877, 37.606087 ], [ -121.818058, 37.605695 ], [ -121.818166, 37.605372 ], [ -121.818275, 37.605069 ], [ -121.818405, 37.604793 ], [ -121.818607, 37.604265 ], [ -121.818657, 37.604173 ], [ -121.818724, 37.604063 ], [ -121.818809, 37.603973 ], [ -121.818925, 37.603818 ], [ -121.819008, 37.603679 ], [ -121.819255, 37.603211 ], [ -121.819436, 37.602801 ], [ -121.819564, 37.602465 ], [ -121.819846, 37.601609 ], [ -121.81993, 37.601427 ], [ -121.820023, 37.601253 ], [ -121.820113, 37.601099 ], [ -121.820187, 37.600936 ], [ -121.820238, 37.600769 ], [ -121.820295, 37.600615 ], [ -121.820511, 37.600257 ], [ -121.820712, 37.60004 ], [ -121.820827, 37.599928 ], [ -121.820909, 37.599834 ], [ -121.820995, 37.599721 ], [ -121.821054, 37.599627 ], [ -121.821098, 37.599519 ], [ -121.82117, 37.599466 ], [ -121.821265, 37.59941 ], [ -121.821392, 37.599365 ], [ -121.821495, 37.599343 ], [ -121.821654, 37.599357 ], [ -121.821799, 37.599382 ], [ -121.821934, 37.599417 ], [ -121.822056, 37.599464 ], [ -121.822342, 37.599604 ], [ -121.822602, 37.599717 ], [ -121.822814, 37.599799 ], [ -121.822933, 37.599823 ], [ -121.82303, 37.599837 ], [ -121.823105, 37.59984 ], [ -121.823225, 37.599823 ], [ -121.823329, 37.599786 ], [ -121.82354, 37.59969 ], [ -121.823824, 37.599551 ], [ -121.823951, 37.599517 ], [ -121.824074, 37.599492 ], [ -121.824248, 37.599497 ], [ -121.824493, 37.599561 ], [ -121.824831, 37.599698 ], [ -121.826262, 37.600379 ], [ -121.826439, 37.60045 ], [ -121.8266, 37.600498 ], [ -121.826735, 37.600517 ], [ -121.826926, 37.600504 ], [ -121.827555, 37.600409 ], [ -121.828201, 37.600295 ], [ -121.828665, 37.600199 ], [ -121.829113, 37.60008 ], [ -121.829473, 37.599976 ], [ -121.829678, 37.599895 ], [ -121.829747, 37.599857 ], [ -121.829835, 37.599786 ], [ -121.829934, 37.599689 ], [ -121.830043, 37.599526 ], [ -121.830163, 37.599334 ], [ -121.830343, 37.599174 ], [ -121.830477, 37.599085 ], [ -121.830849, 37.598873 ], [ -121.831265, 37.598748 ], [ -121.832235, 37.598534 ], [ -121.833227, 37.598343 ], [ -121.833309, 37.598328 ], [ -121.833744, 37.59823 ], [ -121.834054, 37.598197 ], [ -121.834261, 37.598217 ], [ -121.834425, 37.598278 ], [ -121.834554, 37.598317 ], [ -121.834756, 37.598427 ], [ -121.834944, 37.598602 ], [ -121.835063, 37.598827 ], [ -121.835147, 37.599036 ], [ -121.835215, 37.599235 ], [ -121.83524, 37.599346 ], [ -121.83525, 37.59949 ], [ -121.842803, 37.594946 ], [ -121.847228, 37.592296 ], [ -121.849983, 37.590721 ], [ -121.855978, 37.587296 ], [ -121.862296, 37.580351 ], [ -121.864776, 37.5775 ], [ -121.864847, 37.577412 ], [ -121.865061, 37.577149 ], [ -121.865092, 37.577112 ], [ -121.865133, 37.577061 ], [ -121.865083, 37.576854 ], [ -121.86496, 37.576382 ], [ -121.864813, 37.575821 ], [ -121.864442, 37.574219 ], [ -121.864311, 37.573496 ], [ -121.8643, 37.573423 ], [ -121.864252, 37.573067 ], [ -121.864169, 37.572327 ], [ -121.864139, 37.572149 ], [ -121.864089, 37.571986 ], [ -121.863655, 37.570958 ], [ -121.863403, 37.570348 ], [ -121.863144, 37.569709 ], [ -121.863078, 37.569521 ], [ -121.863058, 37.56942 ], [ -121.863031, 37.569191 ], [ -121.86299, 37.568707 ], [ -121.862969, 37.568523 ], [ -121.862935, 37.568328 ], [ -121.862899, 37.568155 ], [ -121.862849, 37.56799 ], [ -121.862642, 37.567357 ], [ -121.861693, 37.564104 ], [ -121.861663, 37.563989 ], [ -121.861629, 37.563829 ], [ -121.861607, 37.563675 ], [ -121.861517, 37.562784 ], [ -121.861504, 37.562643 ], [ -121.861479, 37.562352 ], [ -121.861429, 37.562174 ], [ -121.861376, 37.562039 ], [ -121.861109, 37.561487 ], [ -121.86065, 37.560456 ], [ -121.860561, 37.560215 ], [ -121.860506, 37.560037 ], [ -121.860239, 37.559151 ], [ -121.859834, 37.557767 ], [ -121.859281, 37.555913 ], [ -121.859254, 37.555799 ], [ -121.859239, 37.555712 ], [ -121.859189, 37.55532 ], [ -121.859161, 37.554772 ], [ -121.859122, 37.554424 ], [ -121.859107, 37.554343 ], [ -121.859025, 37.554102 ], [ -121.858855, 37.553601 ], [ -121.858807, 37.553489 ], [ -121.858704, 37.553307 ], [ -121.85833, 37.552702 ], [ -121.858092, 37.552291 ], [ -121.857835, 37.551863 ], [ -121.857419, 37.551192 ], [ -121.857368, 37.55109 ], [ -121.85731, 37.550976 ], [ -121.857271, 37.550859 ], [ -121.857256, 37.550788 ], [ -121.857248, 37.55066 ], [ -121.857252, 37.550611 ], [ -121.857265, 37.550563 ], [ -121.857299, 37.55047 ], [ -121.857447, 37.550141 ], [ -121.857563, 37.549895 ], [ -121.857726, 37.549645 ], [ -121.857749, 37.549598 ], [ -121.857765, 37.549545 ], [ -121.857773, 37.549477 ], [ -121.857774, 37.549403 ], [ -121.857764, 37.54928 ], [ -121.857735, 37.54911 ], [ -121.857689, 37.548631 ], [ -121.857684, 37.548204 ], [ -121.857585, 37.546705 ], [ -121.857433, 37.544961 ], [ -121.85738, 37.544221 ], [ -121.857346, 37.543873 ], [ -121.857315, 37.543766 ], [ -121.857288, 37.543696 ], [ -121.857264, 37.543657 ], [ -121.857046, 37.543383 ], [ -121.856356, 37.542536 ], [ -121.855514, 37.541552 ], [ -121.85536, 37.541381 ], [ -121.855135, 37.541178 ], [ -121.854743, 37.540834 ], [ -121.854672, 37.540766 ], [ -121.854612, 37.540695 ], [ -121.854267, 37.540211 ], [ -121.854131, 37.540021 ], [ -121.852712, 37.537998 ], [ -121.852551, 37.537743 ], [ -121.852454, 37.537553 ], [ -121.852409, 37.537439 ], [ -121.852382, 37.537345 ], [ -121.852344, 37.537156 ], [ -121.852342, 37.537049 ], [ -121.852347, 37.536981 ], [ -121.852373, 37.536871 ], [ -121.852392, 37.536828 ], [ -121.852682, 37.536344 ], [ -121.853036, 37.535797 ], [ -121.853051, 37.535773 ], [ -121.85312, 37.535667 ], [ -121.85321, 37.535518 ], [ -121.853283, 37.535388 ], [ -121.853401, 37.535161 ], [ -121.85348, 37.535011 ], [ -121.85378, 37.534444 ], [ -121.853815, 37.534336 ], [ -121.853837, 37.534201 ], [ -121.853776, 37.533747 ], [ -121.8533, 37.531609 ], [ -121.853265, 37.531474 ], [ -121.853032, 37.530563 ], [ -121.852903, 37.530239 ], [ -121.852822, 37.530048 ], [ -121.852756, 37.529935 ], [ -121.852641, 37.529788 ], [ -121.852509, 37.529619 ], [ -121.852366, 37.529409 ], [ -121.852265, 37.529273 ], [ -121.85223, 37.529214 ], [ -121.852035, 37.528985 ], [ -121.851985, 37.528939 ], [ -121.851795, 37.5288 ], [ -121.851532, 37.528591 ], [ -121.851454, 37.52852 ], [ -121.851401, 37.528435 ], [ -121.851313, 37.528274 ], [ -121.851195, 37.528079 ], [ -121.851156, 37.528032 ], [ -121.850991, 37.52787 ], [ -121.850944, 37.527828 ], [ -121.85071, 37.527622 ], [ -121.850538, 37.527517 ], [ -121.850459, 37.527457 ], [ -121.850283, 37.527266 ], [ -121.85069, 37.527043 ], [ -121.855114, 37.526962 ], [ -121.858705, 37.526898 ], [ -121.859083, 37.520653 ], [ -121.863898, 37.52045 ], [ -121.865802, 37.52037 ], [ -121.865246, 37.517438 ], [ -121.865149, 37.517423 ], [ -121.864968, 37.517396 ], [ -121.864926, 37.517297 ], [ -121.864888, 37.517208 ], [ -121.864965, 37.51728 ], [ -121.864987, 37.517303 ], [ -121.865046, 37.517364 ], [ -121.865171, 37.517397 ], [ -121.865372, 37.51741 ], [ -121.865461, 37.517417 ], [ -121.86551, 37.517422 ], [ -121.865675, 37.517437 ], [ -121.865894, 37.517451 ], [ -121.866063, 37.51748 ], [ -121.866338, 37.517554 ], [ -121.866452, 37.517573 ], [ -121.866532, 37.517572 ], [ -121.866621, 37.517564 ], [ -121.866763, 37.517543 ], [ -121.86678, 37.517542 ], [ -121.866939, 37.517535 ], [ -121.867147, 37.51756 ], [ -121.867305, 37.517618 ], [ -121.867452, 37.517725 ], [ -121.867532, 37.517861 ], [ -121.867579, 37.517997 ], [ -121.867632, 37.518123 ], [ -121.867718, 37.518221 ], [ -121.867781, 37.518259 ], [ -121.867843, 37.518297 ], [ -121.868023, 37.518364 ], [ -121.86824, 37.518474 ], [ -121.868414, 37.518581 ], [ -121.868544, 37.518704 ], [ -121.868673, 37.518859 ], [ -121.868736, 37.519028 ], [ -121.868756, 37.519173 ], [ -121.868815, 37.519248 ], [ -121.868919, 37.519267 ], [ -121.869013, 37.519223 ], [ -121.869164, 37.519109 ], [ -121.869254, 37.519065 ], [ -121.869353, 37.519032 ], [ -121.869489, 37.519022 ], [ -121.86962, 37.519001 ], [ -121.869886, 37.518938 ], [ -121.86997, 37.51893 ], [ -121.870058, 37.518931 ], [ -121.870202, 37.518948 ], [ -121.870335, 37.518976 ], [ -121.870418, 37.519002 ], [ -121.870498, 37.519034 ], [ -121.87063, 37.519107 ], [ -121.870912, 37.519281 ], [ -121.871062, 37.519355 ], [ -121.871154, 37.51939 ], [ -121.871244, 37.519397 ], [ -121.871299, 37.519391 ], [ -121.871394, 37.519372 ], [ -121.871506, 37.519323 ], [ -121.871602, 37.519288 ], [ -121.871726, 37.519269 ], [ -121.871824, 37.519279 ], [ -121.871929, 37.519298 ], [ -121.872088, 37.519349 ], [ -121.872329, 37.519396 ], [ -121.872632, 37.519444 ], [ -121.872836, 37.519487 ], [ -121.872976, 37.519522 ], [ -121.87306, 37.51955 ], [ -121.873073, 37.519554 ], [ -121.873146, 37.519593 ], [ -121.87327, 37.51968 ], [ -121.873337, 37.519719 ], [ -121.873445, 37.519754 ], [ -121.873547, 37.519782 ], [ -121.873685, 37.519808 ], [ -121.87406, 37.519906 ], [ -121.874134, 37.519932 ], [ -121.874206, 37.519964 ], [ -121.87431, 37.520021 ], [ -121.874581, 37.520215 ], [ -121.874768, 37.520323 ], [ -121.874819, 37.520346 ], [ -121.874927, 37.520394 ], [ -121.875001, 37.520413 ], [ -121.875085, 37.520416 ], [ -121.875211, 37.520408 ], [ -121.875402, 37.520449 ], [ -121.875582, 37.520464 ], [ -121.875684, 37.52046 ], [ -121.875777, 37.520434 ], [ -121.875855, 37.520399 ], [ -121.876007, 37.520292 ], [ -121.876093, 37.520266 ], [ -121.876168, 37.520271 ], [ -121.876251, 37.52029 ], [ -121.876408, 37.520341 ], [ -121.876569, 37.52037 ], [ -121.876848, 37.520386 ], [ -121.877387, 37.520428 ], [ -121.877459, 37.520434 ], [ -121.877633, 37.520454 ], [ -121.877922, 37.520504 ], [ -121.87806, 37.520521 ], [ -121.878276, 37.520528 ], [ -121.878293, 37.520527 ], [ -121.878416, 37.520522 ], [ -121.878918, 37.520484 ], [ -121.87906, 37.520461 ], [ -121.879188, 37.52043 ], [ -121.879275, 37.520422 ], [ -121.879343, 37.520434 ], [ -121.879399, 37.520473 ], [ -121.879435, 37.520525 ], [ -121.8795, 37.520677 ], [ -121.879546, 37.520821 ], [ -121.879605, 37.520939 ], [ -121.879691, 37.521046 ], [ -121.879782, 37.521148 ], [ -121.87987, 37.521237 ], [ -121.879949, 37.521305 ], [ -121.880032, 37.521351 ], [ -121.880048, 37.52136 ], [ -121.879767, 37.523441 ], [ -121.879468, 37.525685 ], [ -121.87943, 37.525987 ], [ -121.879379, 37.5264 ], [ -121.879065, 37.528855 ], [ -121.878679, 37.52904 ], [ -121.878148, 37.530239 ], [ -121.880468, 37.533316 ], [ -121.881276, 37.534132 ], [ -121.88312, 37.536138 ], [ -121.885806, 37.538068 ], [ -121.887108, 37.538846 ], [ -121.887328, 37.538977 ], [ -121.887356, 37.541824 ], [ -121.887457, 37.54304 ], [ -121.887132, 37.543253 ], [ -121.88754, 37.544037 ], [ -121.888299, 37.545174 ], [ -121.890668, 37.547936 ], [ -121.892451, 37.549298 ], [ -121.893614, 37.550203 ], [ -121.89867, 37.546921 ], [ -121.898957, 37.546733 ], [ -121.899323, 37.546589 ], [ -121.904014, 37.549585 ], [ -121.904813, 37.550106 ], [ -121.906584, 37.549449 ], [ -121.906733, 37.549543 ], [ -121.907149, 37.549358 ], [ -121.907336, 37.549275 ], [ -121.908157, 37.551345 ], [ -121.908322, 37.551755 ], [ -121.90864, 37.552541 ], [ -121.908837, 37.553032 ], [ -121.909575, 37.555009 ], [ -121.914557, 37.556136 ], [ -121.915067, 37.55625 ], [ -121.915037, 37.556285 ], [ -121.915028, 37.556295 ], [ -121.91485, 37.556501 ], [ -121.914654, 37.556743 ], [ -121.914537, 37.556888 ], [ -121.914302, 37.557171 ], [ -121.914443, 37.557251 ], [ -121.914827, 37.557471 ], [ -121.91477, 37.557985 ], [ -121.914673, 37.558998 ], [ -121.914581, 37.559893 ], [ -121.914499, 37.560769 ], [ -121.915952, 37.560422 ], [ -121.916463, 37.560302 ], [ -121.916503, 37.560787 ], [ -121.916523, 37.561028 ], [ -121.917965, 37.560994 ], [ -121.918835, 37.560973 ], [ -121.91886, 37.560727 ], [ -121.918829, 37.56065 ], [ -121.918733, 37.560414 ], [ -121.918495, 37.55983 ], [ -121.920618, 37.559303 ], [ -121.920679, 37.559287 ], [ -121.921344, 37.55888 ], [ -121.922128, 37.558406 ], [ -121.922167, 37.55816 ], [ -121.923618, 37.557756 ], [ -121.923726, 37.557726 ], [ -121.923701, 37.558631 ], [ -121.923709, 37.559259 ], [ -121.923712, 37.55954 ], [ -121.923714, 37.559685 ], [ -121.923768, 37.559766 ], [ -121.923772, 37.559866 ], [ -121.923773, 37.55996 ], [ -121.923775, 37.560004 ], [ -121.923778, 37.56022 ], [ -121.923782, 37.560399 ], [ -121.923442, 37.560402 ], [ -121.922627, 37.560407 ], [ -121.922228, 37.56041 ], [ -121.921185, 37.560417 ], [ -121.92028, 37.560423 ], [ -121.920238, 37.560423 ], [ -121.919956, 37.56043 ], [ -121.919408, 37.560429 ], [ -121.919561, 37.560854 ], [ -121.919645, 37.560998 ], [ -121.919805, 37.561263 ], [ -121.919919, 37.561454 ], [ -121.919957, 37.561517 ], [ -121.919974, 37.562038 ], [ -121.919982, 37.562257 ], [ -121.919994, 37.562618 ], [ -121.920008, 37.563033 ], [ -121.920063, 37.563275 ], [ -121.920148, 37.563634 ], [ -121.920314, 37.563842 ], [ -121.920501, 37.564365 ], [ -121.920331, 37.564904 ], [ -121.920169, 37.565287 ], [ -121.920156, 37.565946 ], [ -121.920462, 37.566324 ], [ -121.920972, 37.566722 ], [ -121.921266, 37.566953 ], [ -121.921992, 37.567416 ], [ -121.922591, 37.567833 ], [ -121.923025, 37.568135 ], [ -121.923149, 37.568222 ], [ -121.923552, 37.56821 ], [ -121.923926, 37.568199 ], [ -121.924188, 37.568191 ], [ -121.92456, 37.568154 ], [ -121.925349, 37.568107 ], [ -121.925707, 37.568086 ], [ -121.925714, 37.568127 ], [ -121.925737, 37.568266 ], [ -121.92583, 37.56943 ], [ -121.926891, 37.570742 ], [ -121.927619, 37.571479 ], [ -121.930484, 37.57252 ], [ -121.931563, 37.572716 ], [ -121.931739, 37.572744 ], [ -121.931736, 37.572766 ], [ -121.93174, 37.572806 ], [ -121.931761, 37.57287 ], [ -121.931831, 37.572965 ], [ -121.931941, 37.573076 ], [ -121.932098, 37.573259 ], [ -121.932146, 37.573315 ], [ -121.93224, 37.573425 ], [ -121.932329, 37.573529 ], [ -121.932369, 37.573576 ], [ -121.932979, 37.574203 ], [ -121.932715, 37.574424 ], [ -121.932446, 37.57495 ], [ -121.932403, 37.575041 ], [ -121.932726, 37.575368 ], [ -121.933251, 37.575865 ], [ -121.93331, 37.577127 ], [ -121.93221, 37.576667 ], [ -121.931325, 37.57629 ], [ -121.931066, 37.576618 ], [ -121.93106, 37.576626 ], [ -121.930877, 37.576843 ], [ -121.930719, 37.577004 ], [ -121.930613, 37.577117 ], [ -121.930354, 37.577397 ], [ -121.930164, 37.577619 ], [ -121.930133, 37.577663 ], [ -121.930104, 37.577717 ], [ -121.930073, 37.577791 ], [ -121.930068, 37.577814 ], [ -121.930054, 37.57789 ], [ -121.930043, 37.578093 ], [ -121.930029, 37.578379 ], [ -121.930002, 37.578451 ], [ -121.929981, 37.578473 ], [ -121.929942, 37.578509 ], [ -121.929894, 37.57854 ], [ -121.929792, 37.578589 ], [ -121.929442, 37.578732 ], [ -121.929108, 37.578846 ], [ -121.929073, 37.578855 ], [ -121.927796, 37.57922 ], [ -121.926863, 37.579497 ], [ -121.926767, 37.579526 ], [ -121.92604, 37.579789 ], [ -121.926326, 37.580164 ], [ -121.92713, 37.581245 ], [ -121.925614, 37.582349 ], [ -121.926336, 37.58286 ], [ -121.928374, 37.584376 ], [ -121.928429, 37.585325 ], [ -121.928118, 37.585947 ], [ -121.929951, 37.586075 ], [ -121.930267, 37.586225 ], [ -121.932014, 37.589812 ], [ -121.932366, 37.590712 ], [ -121.932663, 37.591468 ], [ -121.932767, 37.591732 ], [ -121.932771, 37.591875 ], [ -121.932778, 37.592121 ], [ -121.932784, 37.592306 ], [ -121.932789, 37.59245 ], [ -121.932788, 37.592478 ], [ -121.932785, 37.592562 ], [ -121.932785, 37.592591 ], [ -121.932784, 37.592652 ], [ -121.932784, 37.592834 ], [ -121.932784, 37.592896 ], [ -121.932732, 37.598558 ], [ -121.932667, 37.605637 ], [ -121.931951, 37.605637 ], [ -121.927982, 37.605639 ], [ -121.927525, 37.605639 ], [ -121.927524, 37.607292 ], [ -121.927524, 37.608906 ], [ -121.927523, 37.610405 ], [ -121.927522, 37.616068 ], [ -121.927445, 37.616197 ], [ -121.927439, 37.616232 ], [ -121.927415, 37.616373 ], [ -121.927461, 37.616655 ], [ -121.927492, 37.616779 ], [ -121.927537, 37.61696 ], [ -121.927547, 37.617947 ], [ -121.927564, 37.619394 ], [ -121.92758, 37.62091 ], [ -121.927592, 37.621898 ], [ -121.927684, 37.621906 ], [ -121.927672, 37.623183 ], [ -121.927633, 37.627293 ], [ -121.927621, 37.628664 ], [ -121.927634, 37.628678 ], [ -121.927648, 37.628718 ], [ -121.927704, 37.628773 ], [ -121.927764, 37.628809 ], [ -121.927832, 37.628835 ], [ -121.927917, 37.628851 ], [ -121.928301, 37.628862 ], [ -121.928399, 37.628857 ], [ -121.928576, 37.628835 ], [ -121.928642, 37.628834 ], [ -121.928707, 37.628838 ], [ -121.928772, 37.628848 ], [ -121.928835, 37.628863 ], [ -121.929054, 37.628928 ], [ -121.929093, 37.628944 ], [ -121.929145, 37.628975 ], [ -121.929187, 37.629015 ], [ -121.929218, 37.62906 ], [ -121.929236, 37.629112 ], [ -121.929243, 37.629172 ], [ -121.929248, 37.629313 ], [ -121.929272, 37.629405 ], [ -121.929306, 37.629498 ], [ -121.929388, 37.629684 ], [ -121.929498, 37.629874 ], [ -121.929528, 37.629911 ], [ -121.929538, 37.629924 ], [ -121.929614, 37.629995 ], [ -121.92969, 37.630048 ], [ -121.929748, 37.630081 ], [ -121.929857, 37.630152 ], [ -121.929924, 37.630208 ], [ -121.929964, 37.630247 ], [ -121.930016, 37.630281 ], [ -121.930061, 37.630303 ], [ -121.930407, 37.630396 ], [ -121.930651, 37.630445 ], [ -121.930989, 37.630538 ], [ -121.931043, 37.630568 ], [ -121.931083, 37.63061 ], [ -121.931183, 37.630805 ], [ -121.931272, 37.630938 ], [ -121.931318, 37.631028 ], [ -121.931363, 37.631188 ], [ -121.931445, 37.631532 ], [ -121.931517, 37.631722 ], [ -121.931529, 37.631764 ], [ -121.931541, 37.63184 ], [ -121.931543, 37.631918 ], [ -121.93153, 37.632044 ], [ -121.931537, 37.632125 ], [ -121.931566, 37.632202 ], [ -121.931614, 37.632273 ], [ -121.93168, 37.632343 ], [ -121.931761, 37.632417 ], [ -121.931998, 37.632612 ], [ -121.932237, 37.632749 ], [ -121.932277, 37.632782 ], [ -121.932348, 37.632867 ], [ -121.932388, 37.632937 ], [ -121.932434, 37.633039 ], [ -121.932471, 37.633158 ], [ -121.932482, 37.633192 ], [ -121.932512, 37.633358 ], [ -121.932544, 37.633483 ], [ -121.932577, 37.633563 ], [ -121.932634, 37.633651 ], [ -121.932702, 37.633734 ], [ -121.932788, 37.633826 ], [ -121.932856, 37.633907 ], [ -121.932952, 37.63404 ], [ -121.933, 37.634086 ], [ -121.933054, 37.634121 ], [ -121.933114, 37.634152 ], [ -121.933207, 37.634193 ], [ -121.933321, 37.634258 ], [ -121.933399, 37.634328 ], [ -121.933432, 37.634372 ], [ -121.933479, 37.634422 ], [ -121.933541, 37.634472 ], [ -121.933738, 37.634596 ], [ -121.933799, 37.634644 ], [ -121.933849, 37.6347 ], [ -121.933903, 37.634752 ], [ -121.933993, 37.634814 ], [ -121.934143, 37.634903 ], [ -121.934217, 37.634961 ], [ -121.934264, 37.635007 ], [ -121.934281, 37.635036 ], [ -121.934286, 37.63507 ], [ -121.934278, 37.635104 ], [ -121.934232, 37.635172 ], [ -121.934202, 37.635269 ], [ -121.934181, 37.635414 ], [ -121.934182, 37.63549 ], [ -121.934185, 37.635603 ], [ -121.9342, 37.63567 ], [ -121.934212, 37.635782 ], [ -121.934211, 37.63583 ], [ -121.934238, 37.636088 ], [ -121.934258, 37.636193 ], [ -121.934303, 37.636333 ], [ -121.934348, 37.636406 ], [ -121.934395, 37.636471 ], [ -121.934532, 37.636604 ], [ -121.934641, 37.636685 ], [ -121.934684, 37.636733 ], [ -121.934757, 37.636842 ], [ -121.934817, 37.636975 ], [ -121.934893, 37.637195 ], [ -121.934973, 37.637306 ], [ -121.935136, 37.637498 ], [ -121.935193, 37.637586 ], [ -121.935218, 37.637643 ], [ -121.935243, 37.637741 ], [ -121.93525, 37.637818 ], [ -121.935244, 37.637902 ], [ -121.935244, 37.63798 ], [ -121.935256, 37.638047 ], [ -121.935272, 37.638106 ], [ -121.935293, 37.63815 ], [ -121.935427, 37.638327 ], [ -121.935503, 37.638415 ], [ -121.935586, 37.638498 ], [ -121.935697, 37.638596 ], [ -121.93583, 37.638704 ], [ -121.935941, 37.638822 ], [ -121.935997, 37.638897 ], [ -121.936044, 37.638971 ], [ -121.936126, 37.639079 ], [ -121.936188, 37.639137 ], [ -121.936315, 37.639232 ], [ -121.936384, 37.63927 ], [ -121.936463, 37.639304 ], [ -121.936568, 37.639337 ], [ -121.936911, 37.639424 ], [ -121.937021, 37.639448 ], [ -121.937185, 37.639484 ], [ -121.937312, 37.639492 ], [ -121.937482, 37.639505 ], [ -121.937571, 37.639518 ], [ -121.937645, 37.639535 ], [ -121.937728, 37.639567 ], [ -121.937824, 37.639615 ], [ -121.937969, 37.639702 ], [ -121.938114, 37.639803 ], [ -121.938236, 37.639909 ], [ -121.938376, 37.640019 ], [ -121.938423, 37.640046 ], [ -121.938492, 37.640079 ], [ -121.938581, 37.640114 ], [ -121.938609, 37.640129 ], [ -121.938646, 37.640157 ], [ -121.938675, 37.640191 ], [ -121.938694, 37.640228 ], [ -121.938741, 37.640431 ], [ -121.938812, 37.640609 ], [ -121.938826, 37.640664 ], [ -121.938844, 37.640805 ], [ -121.938862, 37.640884 ], [ -121.938916, 37.640978 ], [ -121.938961, 37.641035 ], [ -121.939008, 37.641083 ], [ -121.939184, 37.641232 ], [ -121.939285, 37.641347 ], [ -121.939405, 37.641508 ], [ -121.939573, 37.64167 ], [ -121.93958, 37.641739 ], [ -121.939579, 37.641821 ], [ -121.939523, 37.641853 ], [ -121.939395, 37.641889 ], [ -121.939243, 37.641983 ], [ -121.939154, 37.642083 ], [ -121.939136, 37.642203 ], [ -121.939198, 37.64233 ], [ -121.93934, 37.642452 ], [ -121.939569, 37.642555 ], [ -121.939782, 37.642658 ], [ -121.940043, 37.642794 ], [ -121.940367, 37.642942 ], [ -121.940597, 37.643001 ], [ -121.940867, 37.643041 ], [ -121.941063, 37.64309 ], [ -121.941192, 37.64312 ], [ -121.94143, 37.643148 ], [ -121.941613, 37.64313 ], [ -121.941692, 37.64315 ], [ -121.941739, 37.643201 ], [ -121.941715, 37.643239 ], [ -121.941634, 37.64332 ], [ -121.941537, 37.643427 ], [ -121.941505, 37.643539 ], [ -121.941496, 37.643572 ], [ -121.94146, 37.643818 ], [ -121.941443, 37.643907 ], [ -121.941442, 37.643976 ], [ -121.941496, 37.644065 ], [ -121.941598, 37.644168 ], [ -121.94166, 37.644326 ], [ -121.94172, 37.644548 ], [ -121.941819, 37.644754 ], [ -121.941933, 37.644952 ], [ -121.942034, 37.645074 ], [ -121.94218, 37.645231 ], [ -121.942408, 37.645447 ], [ -121.942667, 37.645675 ], [ -121.942904, 37.645884 ], [ -121.942973, 37.645944 ], [ -121.943161, 37.646096 ], [ -121.943218, 37.646166 ], [ -121.943268, 37.646225 ], [ -121.943331, 37.646286 ], [ -121.943426, 37.646389 ], [ -121.943476, 37.64643 ], [ -121.943531, 37.646466 ], [ -121.943611, 37.64651 ], [ -121.94388, 37.646623 ], [ -121.943899, 37.64664 ], [ -121.944014, 37.646742 ], [ -121.944074, 37.646832 ], [ -121.94419, 37.64695 ], [ -121.944216, 37.646965 ], [ -121.944261, 37.646991 ], [ -121.94476, 37.647174 ], [ -121.944922, 37.647258 ], [ -121.94494, 37.647267 ], [ -121.945035, 37.647334 ], [ -121.945139, 37.647427 ], [ -121.945297, 37.647593 ], [ -121.94545, 37.647764 ], [ -121.945539, 37.647884 ], [ -121.945578, 37.64795 ], [ -121.945605, 37.647994 ], [ -121.945673, 37.648132 ], [ -121.945703, 37.648185 ], [ -121.945727, 37.648266 ], [ -121.945752, 37.648444 ], [ -121.945754, 37.64846 ], [ -121.945744, 37.648715 ], [ -121.945771, 37.648866 ], [ -121.9458, 37.648929 ], [ -121.94585, 37.648993 ], [ -121.945916, 37.649068 ], [ -121.945982, 37.649131 ], [ -121.946614, 37.649682 ], [ -121.946676, 37.649764 ], [ -121.94679, 37.649862 ], [ -121.946857, 37.649896 ], [ -121.946959, 37.649917 ], [ -121.947069, 37.64994 ], [ -121.947103, 37.649947 ], [ -121.947283, 37.65 ], [ -121.947419, 37.650045 ], [ -121.947507, 37.65008 ], [ -121.947594, 37.650133 ], [ -121.947657, 37.650172 ], [ -121.94777, 37.650251 ], [ -121.948119, 37.650584 ], [ -121.948351, 37.650797 ], [ -121.948372, 37.650822 ], [ -121.948386, 37.650852 ], [ -121.948386, 37.650864 ] ] ] ] } }
]
}
